-------------------------------------
Translated Report (Full Report Below)
-------------------------------------
Process:             Ambient [16221]
Path:                /Users/USER/Library/Developer/CoreSimulator/Devices/383F3B14-8F97-427A-84B0-6582070EDD33/data/Containers/Bundle/Application/2FB51335-4545-47CF-89F5-BFA34178978E/Ambient.app/Ambient
Identifier:          com.wilsontr.ambient-app
Version:             1.0.0 (1)
Code Type:           ARM-64 (Native)
Role:                Foreground
Parent Process:      launchd_sim [90112]
Coalition:           com.apple.CoreSimulator.SimDevice.383F3B14-8F97-427A-84B0-6582070EDD33 [46269]
Responsible Process: SimulatorTrampoline [81444]
User ID:             501

Date/Time:           2026-06-03 21:58:01.9998 -0600
Launch Time:         2026-06-03 21:57:49.8006 -0600
Hardware Model:      Macmini9,1
OS Version:          macOS 26.5.1 (25F80)
Release Type:        User

Crash Reporter Key:  11FBF460-9F13-3BE3-F305-6A51B4C6819F
Incident Identifier: 507186E0-C23B-4F58-A5FA-6D647C75CFEA

Time Awake Since Boot: 26000 seconds

System Integrity Protection: enabled

Triggered by Thread: 0, Dispatch Queue: com.apple.main-thread

Exception Type:    EXC_CRASH (SIGABRT)
Exception Codes:   0x0000000000000000, 0x0000000000000000

Termination Reason:  Namespace SIGNAL, Code 6, Abort trap: 6
Terminating Process: Ambient [16221]


Thread 0 Crashed::  Dispatch queue: com.apple.main-thread
0   libsystem_kernel.dylib        	       0x10d31c88c __pthread_kill + 8
1   libsystem_pthread.dylib       	       0x10d4b6338 pthread_kill + 264
2   libsystem_c.dylib             	       0x10cc0f984 abort + 116
3   libsystem_c.dylib             	       0x10cc0ed5c __assert_rtn + 268
4   Ambient.debug.dylib           	       0x104b77330 facebook::jsi::Function::getHostFunction(facebook::jsi::Runtime&) const + 76
5   Ambient.debug.dylib           	       0x104badbcc worklets::WorkletRuntimeDecorator::decorate(facebook::jsi::Runtime&, std::__1::basic_string<char, std::__1::char_traits<char>, std::__1::allocator<char>> const&, std::__1::shared_ptr<worklets::JSScheduler> const&, bool, facebook::jsi::Object&&, std::__1::shared_ptr<worklets::EventLoop> const&)::$_2::operator()(facebook::jsi::Runtime&, facebook::jsi::Value const&, facebook::jsi::Value const&) const + 108
6   Ambient.debug.dylib           	       0x104badb54 std::__1::__invoke_result_impl<void, worklets::WorkletRuntimeDecorator::decorate(facebook::jsi::Runtime&, std::__1::basic_string<char, std::__1::char_traits<char>, std::__1::allocator<char>> const&, std::__1::shared_ptr<worklets::JSScheduler> const&, bool, facebook::jsi::Object&&, std::__1::shared_ptr<worklets::EventLoop> const&)::$_2&, facebook::jsi::Runtime&, facebook::jsi::Value const&, facebook::jsi::Value const&>::type std::__1::__invoke[abi:dee210106]<worklets::WorkletRuntimeDecorator::decorate(facebook::jsi::Runtime&, std::__1::basic_string<char, std::__1::char_traits<char>, std::__1::allocator<char>> const&, std::__1::shared_ptr<worklets::JSScheduler> const&, bool, facebook::jsi::Object&&, std::__1::shared_ptr<worklets::EventLoop> const&)::$_2&, facebook::jsi::Runtime&, facebook::jsi::Value const&, facebook::jsi::Value const&>(worklets::WorkletRuntimeDecorator::decorate(facebook::jsi::Runtime&, std::__1::basic_string<char, std::__1::char_traits<char>, std::__1::allocator<char>> const&, std::__1::shared_ptr<worklets::JSScheduler> const&, bool, facebook::jsi::Object&&, std::__1::shared_ptr<worklets::EventLoop> const&)::$_2&, facebook::jsi::Runtime&, facebook::jsi::Value const&, facebook::jsi::Value const&) + 48
7   Ambient.debug.dylib           	       0x104badb18 void std::__1::__invoke_void_return_wrapper<void, true>::__call[abi:dee210106]<worklets::WorkletRuntimeDecorator::decorate(facebook::jsi::Runtime&, std::__1::basic_string<char, std::__1::char_traits<char>, std::__1::allocator<char>> const&, std::__1::shared_ptr<worklets::JSScheduler> const&, bool, facebook::jsi::Object&&, std::__1::shared_ptr<worklets::EventLoop> const&)::$_2&, facebook::jsi::Runtime&, facebook::jsi::Value const&, facebook::jsi::Value const&>(worklets::WorkletRuntimeDecorator::decorate(facebook::jsi::Runtime&, std::__1::basic_string<char, std::__1::char_traits<char>, std::__1::allocator<char>> const&, std::__1::shared_ptr<worklets::JSScheduler> const&, bool, facebook::jsi::Object&&, std::__1::shared_ptr<worklets::EventLoop> const&)::$_2&, facebook::jsi::Runtime&, facebook::jsi::Value const&, facebook::jsi::Value const&) + 48
8   Ambient.debug.dylib           	       0x104badadc void std::__1::__invoke_r[abi:dee210106]<void, worklets::WorkletRuntimeDecorator::decorate(facebook::jsi::Runtime&, std::__1::basic_string<char, std::__1::char_traits<char>, std::__1::allocator<char>> const&, std::__1::shared_ptr<worklets::JSScheduler> const&, bool, facebook::jsi::Object&&, std::__1::shared_ptr<worklets::EventLoop> const&)::$_2&, facebook::jsi::Runtime&, facebook::jsi::Value const&, facebook::jsi::Value const&>(worklets::WorkletRuntimeDecorator::decorate(facebook::jsi::Runtime&, std::__1::basic_string<char, std::__1::char_traits<char>, std::__1::allocator<char>> const&, std::__1::shared_ptr<worklets::JSScheduler> const&, bool, facebook::jsi::Object&&, std::__1::shared_ptr<worklets::EventLoop> const&)::$_2&, facebook::jsi::Runtime&, facebook::jsi::Value const&, facebook::jsi::Value const&) + 48
9   Ambient.debug.dylib           	       0x104bad8f8 std::__1::__function::__func<worklets::WorkletRuntimeDecorator::decorate(facebook::jsi::Runtime&, std::__1::basic_string<char, std::__1::char_traits<char>, std::__1::allocator<char>> const&, std::__1::shared_ptr<worklets::JSScheduler> const&, bool, facebook::jsi::Object&&, std::__1::shared_ptr<worklets::EventLoop> const&)::$_2, void (facebook::jsi::Runtime&, facebook::jsi::Value const&, facebook::jsi::Value const&)>::operator()(facebook::jsi::Runtime&, facebook::jsi::Value const&, facebook::jsi::Value const&) + 52
10  Ambient.debug.dylib           	       0x104bab94c std::__1::__function::__value_func<void (facebook::jsi::Runtime&, facebook::jsi::Value const&, facebook::jsi::Value const&)>::operator()[abi:dee210106](facebook::jsi::Runtime&, facebook::jsi::Value const&, facebook::jsi::Value const&) const + 84
11  Ambient.debug.dylib           	       0x104bab8ec std::__1::function<void (facebook::jsi::Runtime&, facebook::jsi::Value const&, facebook::jsi::Value const&)>::operator()(facebook::jsi::Runtime&, facebook::jsi::Value const&, facebook::jsi::Value const&) const + 48
12  Ambient.debug.dylib           	       0x104bab8b0 std::__1::__invoke_result_impl<void, std::__1::function<void (facebook::jsi::Runtime&, facebook::jsi::Value const&, facebook::jsi::Value const&)>&, facebook::jsi::Runtime&, facebook::jsi::Value const&, facebook::jsi::Value const&>::type std::__1::__invoke[abi:dee210106]<std::__1::function<void (facebook::jsi::Runtime&, facebook::jsi::Value const&, facebook::jsi::Value const&)>&, facebook::jsi::Runtime&, facebook::jsi::Value const&, facebook::jsi::Value const&>(std::__1::function<void (facebook::jsi::Runtime&, facebook::jsi::Value const&, facebook::jsi::Value const&)>&, facebook::jsi::Runtime&, facebook::jsi::Value const&, facebook::jsi::Value const&) + 48
13  Ambient.debug.dylib           	       0x104bab874 decltype(auto) std::__1::__apply_tuple_impl[abi:dee210106]<std::__1::function<void (facebook::jsi::Runtime&, facebook::jsi::Value const&, facebook::jsi::Value const&)>&, std::__1::tuple<facebook::jsi::Runtime&, facebook::jsi::Value const&, facebook::jsi::Value const&>, 0ul, 1ul, 2ul>(std::__1::function<void (facebook::jsi::Runtime&, facebook::jsi::Value const&, facebook::jsi::Value const&)>&, std::__1::tuple<facebook::jsi::Runtime&, facebook::jsi::Value const&, facebook::jsi::Value const&>&&, std::__1::__tuple_indices<0ul, 1ul, 2ul>) + 80
14  Ambient.debug.dylib           	       0x104bab818 decltype(auto) std::__1::apply[abi:dee210106]<std::__1::function<void (facebook::jsi::Runtime&, facebook::jsi::Value const&, facebook::jsi::Value const&)>&, std::__1::tuple<facebook::jsi::Runtime&, facebook::jsi::Value const&, facebook::jsi::Value const&>>(std::__1::function<void (facebook::jsi::Runtime&, facebook::jsi::Value const&, facebook::jsi::Value const&)>&, std::__1::tuple<facebook::jsi::Runtime&, facebook::jsi::Value const&, facebook::jsi::Value const&>&&) + 32
15  Ambient.debug.dylib           	       0x104bab7e4 facebook::jsi::Value worklets::jsi_utils::apply<facebook::jsi::Runtime&, facebook::jsi::Value const&, facebook::jsi::Value const&>(std::__1::function<void (facebook::jsi::Runtime&, facebook::jsi::Value const&, facebook::jsi::Value const&)>, std::__1::tuple<facebook::jsi::Runtime&, facebook::jsi::Value const&, facebook::jsi::Value const&>) + 40
16  Ambient.debug.dylib           	       0x104bab5d4 std::__1::function<facebook::jsi::Value (facebook::jsi::Runtime&, facebook::jsi::Value const&, facebook::jsi::Value const*, unsigned long)> worklets::jsi_utils::createHostFunction<std::__1::function<void (facebook::jsi::Runtime&, facebook::jsi::Value const&, facebook::jsi::Value const&)>>(std::__1::function<void (facebook::jsi::Runtime&, facebook::jsi::Value const&, facebook::jsi::Value const&)>)::'lambda'(facebook::jsi::Runtime&, facebook::jsi::Value const&, facebook::jsi::Value const*, unsigned long)::operator()(facebook::jsi::Runtime&, facebook::jsi::Value const&, facebook::jsi::Value const*, unsigned long) const + 160
17  Ambient.debug.dylib           	       0x104bab528 std::__1::__invoke_result_impl<void, std::__1::function<facebook::jsi::Value (facebook::jsi::Runtime&, facebook::jsi::Value const&, facebook::jsi::Value const*, unsigned long)> worklets::jsi_utils::createHostFunction<std::__1::function<void (facebook::jsi::Runtime&, facebook::jsi::Value const&, facebook::jsi::Value const&)>>(std::__1::function<void (facebook::jsi::Runtime&, facebook::jsi::Value const&, facebook::jsi::Value const&)>)::'lambda'(facebook::jsi::Runtime&, facebook::jsi::Value const&, facebook::jsi::Value const*, unsigned long)&, facebook::jsi::Runtime&, facebook::jsi::Value const&, facebook::jsi::Value const*, unsigned long>::type std::__1::__invoke[abi:dee210106]<std::__1::function<facebook::jsi::Value (facebook::jsi::Runtime&, facebook::jsi::Value const&, facebook::jsi::Value const*, unsigned long)> worklets::jsi_utils::createHostFunction<std::__1::function<void (facebook::jsi::Runtime&, facebook::jsi::Value const&, facebook::jsi::Value const&)>>(std::__1::function<void (facebook::jsi::Runtime&, facebook::jsi::Value const&, facebook::jsi::Value const&)>)::'lambda'(facebook::jsi::Runtime&, facebook::jsi::Value const&, facebook::jsi::Value const*, unsigned long)&, facebook::jsi::Runtime&, facebook::jsi::Value const&, facebook::jsi::Value const*, unsigned long>(std::__1::function<facebook::jsi::Value (facebook::jsi::Runtime&, facebook::jsi::Value const&, facebook::jsi::Value const*, unsigned long)> worklets::jsi_utils::createHostFunction<std::__1::function<void (facebook::jsi::Runtime&, facebook::jsi::Value const&, facebook::jsi::Value const&)>>(std::__1::function<void (facebook::jsi::Runtime&, facebook::jsi::Value const&, facebook::jsi::Value const&)>)::'lambda'(facebook::jsi::Runtime&, facebook::jsi::Value const&, facebook::jsi::Value const*, unsigned long)&, facebook::jsi::Runtime&, facebook::jsi::Value const&, facebook::jsi::Value const*&&, unsigned long&&) + 72
18  Ambient.debug.dylib           	       0x104bab4d4 facebook::jsi::Value std::__1::__invoke_void_return_wrapper<facebook::jsi::Value, false>::__call[abi:dee210106]<std::__1::function<facebook::jsi::Value (facebook::jsi::Runtime&, facebook::jsi::Value const&, facebook::jsi::Value const*, unsigned long)> worklets::jsi_utils::createHostFunction<std::__1::function<void (facebook::jsi::Runtime&, facebook::jsi::Value const&, facebook::jsi::Value const&)>>(std::__1::function<void (facebook::jsi::Runtime&, facebook::jsi::Value const&, facebook::jsi::Value const&)>)::'lambda'(facebook::jsi::Runtime&, facebook::jsi::Value const&, facebook::jsi::Value const*, unsigned long)&, facebook::jsi::Runtime&, facebook::jsi::Value const&, facebook::jsi::Value const*, unsigned long>(std::__1::function<facebook::jsi::Value (facebook::jsi::Runtime&, facebook::jsi::Value const&, facebook::jsi::Value const*, unsigned long)> worklets::jsi_utils::createHostFunction<std::__1::function<void (facebook::jsi::Runtime&, facebook::jsi::Value const&, facebook::jsi::Value const&)>>(std::__1::function<void (facebook::jsi::Runtime&, facebook::jsi::Value const&, facebook::jsi::Value const&)>)::'lambda'(facebook::jsi::Runtime&, facebook::jsi::Value const&, facebook::jsi::Value const*, unsigned long)&, facebook::jsi::Runtime&, facebook::jsi::Value const&, facebook::jsi::Value const*&&, unsigned long&&) + 64
19  Ambient.debug.dylib           	       0x104bab488 std::__1::function<void (facebook::jsi::Runtime&, facebook::jsi::Value const&, facebook::jsi::Value const&)> std::__1::__invoke_r[abi:dee210106]<facebook::jsi::Value, std::__1::function<facebook::jsi::Value (facebook::jsi::Runtime&, facebook::jsi::Value const&, facebook::jsi::Value const*, unsigned long)> worklets::jsi_utils::createHostFunction<std::__1::function<void (facebook::jsi::Runtime&, facebook::jsi::Value const&, facebook::jsi::Value const&)>>(std::__1::function<void (facebook::jsi::Runtime&, facebook::jsi::Value const&, facebook::jsi::Value const&)>)::'lambda'(facebook::jsi::Runtime&, facebook::jsi::Value const&, facebook::jsi::Value const*, unsigned long)&, facebook::jsi::Runtime&, facebook::jsi::Value const&, facebook::jsi::Value const*, unsigned long>(std::__1::function<facebook::jsi::Value (facebook::jsi::Runtime&, facebook::jsi::Value const&, facebook::jsi::Value const*, unsigned long)> worklets::jsi_utils::createHostFunction<std::__1::function<void (facebook::jsi::Runtime&, facebook::jsi::Value const&, facebook::jsi::Value const&)>>(std::__1::function<void (facebook::jsi::Runtime&, facebook::jsi::Value const&, facebook::jsi::Value const&)>)::'lambda'(facebook::jsi::Runtime&, facebook::jsi::Value const&, facebook::jsi::Value const*, unsigned long)&, facebook::jsi::Runtime&, facebook::jsi::Value const&, facebook::jsi::Value const*&&, unsigned long&&) + 64
20  Ambient.debug.dylib           	       0x104bab0c4 std::__1::__function::__func<std::__1::function<facebook::jsi::Value (facebook::jsi::Runtime&, facebook::jsi::Value const&, facebook::jsi::Value const*, unsigned long)> worklets::jsi_utils::createHostFunction<std::__1::function<void (facebook::jsi::Runtime&, facebook::jsi::Value const&, facebook::jsi::Value const&)>>(std::__1::function<void (facebook::jsi::Runtime&, facebook::jsi::Value const&, facebook::jsi::Value const&)>)::'lambda'(facebook::jsi::Runtime&, facebook::jsi::Value const&, facebook::jsi::Value const*, unsigned long), facebook::jsi::Value (facebook::jsi::Runtime&, facebook::jsi::Value const&, facebook::jsi::Value const*, unsigned long)>::operator()(facebook::jsi::Runtime&, facebook::jsi::Value const&, facebook::jsi::Value const*&&, unsigned long&&) + 68
21  Ambient.debug.dylib           	       0x104b8bbd8 std::__1::__function::__value_func<facebook::jsi::Value (facebook::jsi::Runtime&, facebook::jsi::Value const&, facebook::jsi::Value const*, unsigned long)>::operator()[abi:dee210106](facebook::jsi::Runtime&, facebook::jsi::Value const&, facebook::jsi::Value const*&&, unsigned long&&) const + 104
22  Ambient.debug.dylib           	       0x104b8bb4c std::__1::function<facebook::jsi::Value (facebook::jsi::Runtime&, facebook::jsi::Value const&, facebook::jsi::Value const*, unsigned long)>::operator()(facebook::jsi::Runtime&, facebook::jsi::Value const&, facebook::jsi::Value const*, unsigned long) const + 72
23  Ambient.debug.dylib           	       0x104b8baf8 facebook::jsi::DecoratedHostFunction::operator()(facebook::jsi::Runtime&, facebook::jsi::Value const&, facebook::jsi::Value const*, unsigned long) + 84
24  Ambient.debug.dylib           	       0x104b8ba98 std::__1::__invoke_result_impl<void, facebook::jsi::DecoratedHostFunction&, facebook::jsi::Runtime&, facebook::jsi::Value const&, facebook::jsi::Value const*, unsigned long>::type std::__1::__invoke[abi:dee210106]<facebook::jsi::DecoratedHostFunction&, facebook::jsi::Runtime&, facebook::jsi::Value const&, facebook::jsi::Value const*, unsigned long>(facebook::jsi::DecoratedHostFunction&, facebook::jsi::Runtime&, facebook::jsi::Value const&, facebook::jsi::Value const*&&, unsigned long&&) + 72
25  Ambient.debug.dylib           	       0x104b8ba44 facebook::jsi::Value std::__1::__invoke_void_return_wrapper<facebook::jsi::Value, false>::__call[abi:dee210106]<facebook::jsi::DecoratedHostFunction&, facebook::jsi::Runtime&, facebook::jsi::Value const&, facebook::jsi::Value const*, unsigned long>(facebook::jsi::DecoratedHostFunction&, facebook::jsi::Runtime&, facebook::jsi::Value const&, facebook::jsi::Value const*&&, unsigned long&&) + 64
26  Ambient.debug.dylib           	       0x104b8b9f8 facebook::jsi::Value std::__1::__invoke_r[abi:dee210106]<facebook::jsi::Value, facebook::jsi::DecoratedHostFunction&, facebook::jsi::Runtime&, facebook::jsi::Value const&, facebook::jsi::Value const*, unsigned long>(facebook::jsi::DecoratedHostFunction&, facebook::jsi::Runtime&, facebook::jsi::Value const&, facebook::jsi::Value const*&&, unsigned long&&) + 64
27  Ambient.debug.dylib           	       0x104b8b780 std::__1::__function::__func<facebook::jsi::DecoratedHostFunction, facebook::jsi::Value (facebook::jsi::Runtime&, facebook::jsi::Value const&, facebook::jsi::Value const*, unsigned long)>::operator()(facebook::jsi::Runtime&, facebook::jsi::Value const&, facebook::jsi::Value const*&&, unsigned long&&) + 68
28  Ambient.debug.dylib           	       0x104b8bbd8 std::__1::__function::__value_func<facebook::jsi::Value (facebook::jsi::Runtime&, facebook::jsi::Value const&, facebook::jsi::Value const*, unsigned long)>::operator()[abi:dee210106](facebook::jsi::Runtime&, facebook::jsi::Value const&, facebook::jsi::Value const*&&, unsigned long&&) const + 104
29  Ambient.debug.dylib           	       0x104b8bb4c std::__1::function<facebook::jsi::Value (facebook::jsi::Runtime&, facebook::jsi::Value const&, facebook::jsi::Value const*, unsigned long)>::operator()(facebook::jsi::Runtime&, facebook::jsi::Value const&, facebook::jsi::Value const*, unsigned long) const + 72
30  Ambient.debug.dylib           	       0x104b8baf8 facebook::jsi::DecoratedHostFunction::operator()(facebook::jsi::Runtime&, facebook::jsi::Value const&, facebook::jsi::Value const*, unsigned long) + 84
31  Ambient.debug.dylib           	       0x104b8ba98 std::__1::__invoke_result_impl<void, facebook::jsi::DecoratedHostFunction&, facebook::jsi::Runtime&, facebook::jsi::Value const&, facebook::jsi::Value const*, unsigned long>::type std::__1::__invoke[abi:dee210106]<facebook::jsi::DecoratedHostFunction&, facebook::jsi::Runtime&, facebook::jsi::Value const&, facebook::jsi::Value const*, unsigned long>(facebook::jsi::DecoratedHostFunction&, facebook::jsi::Runtime&, facebook::jsi::Value const&, facebook::jsi::Value const*&&, unsigned long&&) + 72
32  Ambient.debug.dylib           	       0x104b8ba44 facebook::jsi::Value std::__1::__invoke_void_return_wrapper<facebook::jsi::Value, false>::__call[abi:dee210106]<facebook::jsi::DecoratedHostFunction&, facebook::jsi::Runtime&, facebook::jsi::Value const&, facebook::jsi::Value const*, unsigned long>(facebook::jsi::DecoratedHostFunction&, facebook::jsi::Runtime&, facebook::jsi::Value const&, facebook::jsi::Value const*&&, unsigned long&&) + 64
33  Ambient.debug.dylib           	       0x104b8b9f8 facebook::jsi::Value std::__1::__invoke_r[abi:dee210106]<facebook::jsi::Value, facebook::jsi::DecoratedHostFunction&, facebook::jsi::Runtime&, facebook::jsi::Value const&, facebook::jsi::Value const*, unsigned long>(facebook::jsi::DecoratedHostFunction&, facebook::jsi::Runtime&, facebook::jsi::Value const&, facebook::jsi::Value const*&&, unsigned long&&) + 64
34  Ambient.debug.dylib           	       0x104b8b780 std::__1::__function::__func<facebook::jsi::DecoratedHostFunction, facebook::jsi::Value (facebook::jsi::Runtime&, facebook::jsi::Value const&, facebook::jsi::Value const*, unsigned long)>::operator()(facebook::jsi::Runtime&, facebook::jsi::Value const&, facebook::jsi::Value const*&&, unsigned long&&) + 68
35  hermesvm                      	       0x1088639b0 facebook::hermes::(anonymous namespace)::HermesRuntimeImpl::HFContext::func(void*, hermes::vm::Runtime&) + 292
36  hermesvm                      	       0x108a47008 hermes::vm::Interpreter::handleCallSlowPath(hermes::vm::Runtime&, hermes::vm::PinnedHermesValue*) + 164
37  hermesvm                      	       0x108a49198 hermes::vm::CallResult<hermes::vm::HermesValue, (hermes::vm::detail::CallResultSpecialize)2> hermes::vm::Interpreter::interpretFunction<false, false>(hermes::vm::Runtime&, hermes::vm::InterpreterState&) + 8372
38  hermesvm                      	       0x108b1fd98 hermes::vm::Runtime::interpretFunctionImpl(hermes::vm::CodeBlock*) + 132
39  hermesvm                      	       0x108a2ff50 hermes::vm::JSFunction::_callImpl(hermes::vm::Handle<hermes::vm::Callable>, hermes::vm::Runtime&) + 32
40  hermesvm                      	       0x108a2f4d0 hermes::vm::BoundFunction::_boundCall(hermes::vm::BoundFunction*, hermes::vm::Runtime&) + 532
41  hermesvm                      	       0x108b36994 hermes::vm::hermesBuiltinApply(void*, hermes::vm::Runtime&) + 628
42  hermesvm                      	       0x108b20ed0 hermes::vm::Interpreter::implCallBuiltin(hermes::vm::Runtime&, hermes::vm::PinnedHermesValue*, hermes::vm::CodeBlock*, unsigned int) + 120
43  hermesvm                      	       0x108a49560 hermes::vm::CallResult<hermes::vm::HermesValue, (hermes::vm::detail::CallResultSpecialize)2> hermes::vm::Interpreter::interpretFunction<false, false>(hermes::vm::Runtime&, hermes::vm::InterpreterState&) + 9340
44  hermesvm                      	       0x108b1fd98 hermes::vm::Runtime::interpretFunctionImpl(hermes::vm::CodeBlock*) + 132
45  hermesvm                      	       0x108a2ff50 hermes::vm::JSFunction::_callImpl(hermes::vm::Handle<hermes::vm::Callable>, hermes::vm::Runtime&) + 32
46  hermesvm                      	       0x108a2f4d0 hermes::vm::BoundFunction::_boundCall(hermes::vm::BoundFunction*, hermes::vm::Runtime&) + 532
47  hermesvm                      	       0x108a4705c hermes::vm::Interpreter::handleCallSlowPath(hermes::vm::Runtime&, hermes::vm::PinnedHermesValue*) + 248
48  hermesvm                      	       0x108a49198 hermes::vm::CallResult<hermes::vm::HermesValue, (hermes::vm::detail::CallResultSpecialize)2> hermes::vm::Interpreter::interpretFunction<false, false>(hermes::vm::Runtime&, hermes::vm::InterpreterState&) + 8372
49  hermesvm                      	       0x108b1fd98 hermes::vm::Runtime::interpretFunctionImpl(hermes::vm::CodeBlock*) + 132
50  hermesvm                      	       0x108a2ff50 hermes::vm::JSFunction::_callImpl(hermes::vm::Handle<hermes::vm::Callable>, hermes::vm::Runtime&) + 32
51  hermesvm                      	       0x108a2f4d0 hermes::vm::BoundFunction::_boundCall(hermes::vm::BoundFunction*, hermes::vm::Runtime&) + 532
52  hermesvm                      	       0x108a4705c hermes::vm::Interpreter::handleCallSlowPath(hermes::vm::Runtime&, hermes::vm::PinnedHermesValue*) + 248
53  hermesvm                      	       0x108a49198 hermes::vm::CallResult<hermes::vm::HermesValue, (hermes::vm::detail::CallResultSpecialize)2> hermes::vm::Interpreter::interpretFunction<false, false>(hermes::vm::Runtime&, hermes::vm::InterpreterState&) + 8372
54  hermesvm                      	       0x108b1fd98 hermes::vm::Runtime::interpretFunctionImpl(hermes::vm::CodeBlock*) + 132
55  hermesvm                      	       0x108a2ff50 hermes::vm::JSFunction::_callImpl(hermes::vm::Handle<hermes::vm::Callable>, hermes::vm::Runtime&) + 32
56  hermesvm                      	       0x108a2f4d0 hermes::vm::BoundFunction::_boundCall(hermes::vm::BoundFunction*, hermes::vm::Runtime&) + 532
57  hermesvm                      	       0x108b36994 hermes::vm::hermesBuiltinApply(void*, hermes::vm::Runtime&) + 628
58  hermesvm                      	       0x108b20ed0 hermes::vm::Interpreter::implCallBuiltin(hermes::vm::Runtime&, hermes::vm::PinnedHermesValue*, hermes::vm::CodeBlock*, unsigned int) + 120
59  hermesvm                      	       0x108a49560 hermes::vm::CallResult<hermes::vm::HermesValue, (hermes::vm::detail::CallResultSpecialize)2> hermes::vm::Interpreter::interpretFunction<false, false>(hermes::vm::Runtime&, hermes::vm::InterpreterState&) + 9340
60  hermesvm                      	       0x108b1fd98 hermes::vm::Runtime::interpretFunctionImpl(hermes::vm::CodeBlock*) + 132
61  hermesvm                      	       0x108a2ff50 hermes::vm::JSFunction::_callImpl(hermes::vm::Handle<hermes::vm::Callable>, hermes::vm::Runtime&) + 32
62  hermesvm                      	       0x108a2f4d0 hermes::vm::BoundFunction::_boundCall(hermes::vm::BoundFunction*, hermes::vm::Runtime&) + 532
63  hermesvm                      	       0x10885a450 facebook::hermes::(anonymous namespace)::HermesRuntimeImpl::call(facebook::jsi::Function const&, facebook::jsi::Value const&, facebook::jsi::Value const*, unsigned long) + 760
64  Ambient.debug.dylib           	       0x104b89f70 facebook::jsi::RuntimeDecorator<facebook::jsi::Runtime, facebook::jsi::Runtime>::call(facebook::jsi::Function const&, facebook::jsi::Value const&, facebook::jsi::Value const*, unsigned long) + 76
65  Ambient.debug.dylib           	       0x104b87a6c facebook::jsi::WithRuntimeDecorator<worklets::WorkletsReentrancyCheck, facebook::jsi::Runtime, facebook::jsi::Runtime>::call(facebook::jsi::Function const&, facebook::jsi::Value const&, facebook::jsi::Value const*, unsigned long) + 88
66  Ambient.debug.dylib           	       0x104b89f70 facebook::jsi::RuntimeDecorator<facebook::jsi::Runtime, facebook::jsi::Runtime>::call(facebook::jsi::Function const&, facebook::jsi::Value const&, facebook::jsi::Value const*, unsigned long) + 76
67  Ambient.debug.dylib           	       0x104b95d08 facebook::jsi::WithRuntimeDecorator<worklets::AroundLock, facebook::jsi::Runtime, facebook::jsi::Runtime>::call(facebook::jsi::Function const&, facebook::jsi::Value const&, facebook::jsi::Value const*, unsigned long) + 88
68  Ambient.debug.dylib           	       0x1045c0964 facebook::jsi::Function::call(facebook::jsi::Runtime&, facebook::jsi::Value const*, unsigned long) const + 100
69  Ambient.debug.dylib           	       0x104652668 facebook::jsi::Function::call(facebook::jsi::Runtime&, std::initializer_list<facebook::jsi::Value>) const + 112
70  Ambient.debug.dylib           	       0x104b38894 facebook::jsi::Value facebook::jsi::Function::call<facebook::jsi::Function const&>(facebook::jsi::Runtime&, facebook::jsi::Function const&) const + 132
71  Ambient.debug.dylib           	       0x104b387d8 facebook::jsi::Value worklets::WorkletRuntime::runSync<>(facebook::jsi::Function const&) const + 80
72  Ambient.debug.dylib           	       0x104b38708 facebook::jsi::Value worklets::WorkletRuntime::runSync<>(std::__1::shared_ptr<worklets::SerializableWorklet> const&) const + 136
73  Ambient.debug.dylib           	       0x104b41328 worklets::scheduleOnUI(std::__1::shared_ptr<worklets::UIScheduler> const&, std::__1::weak_ptr<worklets::WorkletRuntime> const&, facebook::jsi::Runtime&, facebook::jsi::Value const&)::'lambda'()::operator()() const + 116
74  Ambient.debug.dylib           	       0x104b412a8 std::__1::__invoke_result_impl<void, worklets::scheduleOnUI(std::__1::shared_ptr<worklets::UIScheduler> const&, std::__1::weak_ptr<worklets::WorkletRuntime> const&, facebook::jsi::Runtime&, facebook::jsi::Value const&)::'lambda'()&>::type std::__1::__invoke[abi:dee210106]<worklets::scheduleOnUI(std::__1::shared_ptr<worklets::UIScheduler> const&, std::__1::weak_ptr<worklets::WorkletRuntime> const&, facebook::jsi::Runtime&, facebook::jsi::Value const&)::'lambda'()&>(worklets::scheduleOnUI(std::__1::shared_ptr<worklets::UIScheduler> const&, std::__1::weak_ptr<worklets::WorkletRuntime> const&, facebook::jsi::Runtime&, facebook::jsi::Value const&)::'lambda'()&) + 24
75  Ambient.debug.dylib           	       0x104b41284 void std::__1::__invoke_void_return_wrapper<void, true>::__call[abi:dee210106]<worklets::scheduleOnUI(std::__1::shared_ptr<worklets::UIScheduler> const&, std::__1::weak_ptr<worklets::WorkletRuntime> const&, facebook::jsi::Runtime&, facebook::jsi::Value const&)::'lambda'()&>(worklets::scheduleOnUI(std::__1::shared_ptr<worklets::UIScheduler> const&, std::__1::weak_ptr<worklets::WorkletRuntime> const&, facebook::jsi::Runtime&, facebook::jsi::Value const&)::'lambda'()&) + 24
76  Ambient.debug.dylib           	       0x104b41260 void std::__1::__invoke_r[abi:dee210106]<void, worklets::scheduleOnUI(std::__1::shared_ptr<worklets::UIScheduler> const&, std::__1::weak_ptr<worklets::WorkletRuntime> const&, facebook::jsi::Runtime&, facebook::jsi::Value const&)::'lambda'()&>(worklets::scheduleOnUI(std::__1::shared_ptr<worklets::UIScheduler> const&, std::__1::weak_ptr<worklets::WorkletRuntime> const&, facebook::jsi::Runtime&, facebook::jsi::Value const&)::'lambda'()&) + 24
77  Ambient.debug.dylib           	       0x104b41038 std::__1::__function::__func<worklets::scheduleOnUI(std::__1::shared_ptr<worklets::UIScheduler> const&, std::__1::weak_ptr<worklets::WorkletRuntime> const&, facebook::jsi::Runtime&, facebook::jsi::Value const&)::'lambda'(), void ()>::operator()() + 28
78  Ambient.debug.dylib           	       0x1047dcf38 std::__1::__function::__value_func<void ()>::operator()[abi:dee210106]() const + 60
79  Ambient.debug.dylib           	       0x1047dc770 std::__1::function<void ()>::operator()() const + 24
80  Ambient.debug.dylib           	       0x104b845d0 worklets::UIScheduler::triggerUI() + 120
81  Ambient.debug.dylib           	       0x104b2f77c worklets::IOSUIScheduler::scheduleOnUI(std::__1::function<void ()>)::$_0::operator()() const + 68
82  Ambient.debug.dylib           	       0x104b2f72c invocation function for block in worklets::IOSUIScheduler::scheduleOnUI(std::__1::function<void ()>) + 28
83  libdispatch.dylib             	       0x107f056a0 _dispatch_call_block_and_release + 24
84  libdispatch.dylib             	       0x107f1fe98 _dispatch_client_callout + 12
85  libdispatch.dylib             	       0x107f3c748 <deduplicated_symbol> + 24
86  libdispatch.dylib             	       0x107f14d34 _dispatch_main_queue_drain + 1172
87  libdispatch.dylib             	       0x107f14890 _dispatch_main_queue_callback_4CF + 40
88  CoreFoundation                	       0x10bad7a94 __CFRUNLOOP_IS_SERVICING_THE_MAIN_DISPATCH_QUEUE__ + 12
89  CoreFoundation                	       0x10bad6c6c __CFRunLoopRun + 1884
90  CoreFoundation                	       0x10bad1904 _CFRunLoopRunSpecificWithOptions + 496
91  GraphicsServices              	       0x122d329c0 GSEventRunModal + 116
92  UIKitCore                     	       0x1531144cc -[UIApplication _run] + 776
93  UIKitCore                     	       0x15380e910 UIApplicationMain + 120
94  UIKitCore                     	       0x1522b9820 0x151ef8000 + 3938336
95  Ambient.debug.dylib           	       0x104570ba4 static UIApplicationDelegate.main() + 128
96  Ambient.debug.dylib           	       0x104570b14 static AppDelegate.$main() + 44
97  Ambient.debug.dylib           	       0x104571648 __debug_main_executable_dylib_entry_point + 28
98  dyld_sim                      	       0x100fcf0e4 start_sim + 20
99  dyld                          	       0x10114fe00 start + 6992

Thread 1:

Thread 2:

Thread 3:

Thread 4:

Thread 5:

Thread 6:: com.apple.uikit.eventfetch-thread
0   libsystem_kernel.dylib        	       0x10d314b70 mach_msg2_trap + 8
1   libsystem_kernel.dylib        	       0x10d325e5c mach_msg2_internal + 72
2   libsystem_kernel.dylib        	       0x10d31cc44 mach_msg_overwrite + 484
3   libsystem_kernel.dylib        	       0x10d314ef0 mach_msg + 20
4   CoreFoundation                	       0x10bad77c0 __CFRunLoopServiceMachPort + 156
5   CoreFoundation                	       0x10bad6978 __CFRunLoopRun + 1128
6   CoreFoundation                	       0x10bad1904 _CFRunLoopRunSpecificWithOptions + 496
7   Foundation                    	       0x114823a4c -[NSRunLoop(NSRunLoop) runMode:beforeDate:] + 208
8   Foundation                    	       0x114823c68 -[NSRunLoop(NSRunLoop) runUntilDate:] + 60
9   UIKitCore                     	       0x152e46ad4 -[UIEventFetcher threadMain] + 404
10  Foundation                    	       0x114848edc __NSThread__start__ + 716
11  libsystem_pthread.dylib       	       0x10d4b663c _pthread_start + 104
12  libsystem_pthread.dylib       	       0x10d4b1a34 thread_start + 8

Thread 7:

Thread 8:: com.facebook.SocketRocket.NetworkThread
0   libsystem_kernel.dylib        	       0x10d314b70 mach_msg2_trap + 8
1   libsystem_kernel.dylib        	       0x10d325e5c mach_msg2_internal + 72
2   libsystem_kernel.dylib        	       0x10d31cc44 mach_msg_overwrite + 484
3   libsystem_kernel.dylib        	       0x10d314ef0 mach_msg + 20
4   CoreFoundation                	       0x10bad77c0 __CFRunLoopServiceMachPort + 156
5   CoreFoundation                	       0x10bad6978 __CFRunLoopRun + 1128
6   CoreFoundation                	       0x10bad1904 _CFRunLoopRunSpecificWithOptions + 496
7   Foundation                    	       0x114823a4c -[NSRunLoop(NSRunLoop) runMode:beforeDate:] + 208
8   ReactNativeDependencies       	       0x103fbcc58 -[SRRunLoopThread main] + 268
9   Foundation                    	       0x114848edc __NSThread__start__ + 716
10  libsystem_pthread.dylib       	       0x10d4b663c _pthread_start + 104
11  libsystem_pthread.dylib       	       0x10d4b1a34 thread_start + 8

Thread 9:: com.apple.NSURLConnectionLoader
0   libsystem_kernel.dylib        	       0x10d314b70 mach_msg2_trap + 8
1   libsystem_kernel.dylib        	       0x10d325e5c mach_msg2_internal + 72
2   libsystem_kernel.dylib        	       0x10d31cc44 mach_msg_overwrite + 484
3   libsystem_kernel.dylib        	       0x10d314ef0 mach_msg + 20
4   CoreFoundation                	       0x10bad77c0 __CFRunLoopServiceMachPort + 156
5   CoreFoundation                	       0x10bad6978 __CFRunLoopRun + 1128
6   CoreFoundation                	       0x10bad1904 _CFRunLoopRunSpecificWithOptions + 496
7   CFNetwork                     	       0x117669020 +[__CFN_CoreSchedulingSetRunnable _run:] + 368
8   Foundation                    	       0x114848edc __NSThread__start__ + 716
9   libsystem_pthread.dylib       	       0x10d4b663c _pthread_start + 104
10  libsystem_pthread.dylib       	       0x10d4b1a34 thread_start + 8

Thread 10:: com.apple.CFSocket.private
0   libsystem_kernel.dylib        	       0x10d31efb4 __select + 8
1   CoreFoundation                	       0x10bae5b8c __CFSocketManager + 680
2   libsystem_pthread.dylib       	       0x10d4b663c _pthread_start + 104
3   libsystem_pthread.dylib       	       0x10d4b1a34 thread_start + 8

Thread 11:: com.facebook.react.runtime.JavaScript
0   libsystem_kernel.dylib        	       0x10d314b70 mach_msg2_trap + 8
1   libsystem_kernel.dylib        	       0x10d325e5c mach_msg2_internal + 72
2   libsystem_kernel.dylib        	       0x10d31cc44 mach_msg_overwrite + 484
3   libsystem_kernel.dylib        	       0x10d314ef0 mach_msg + 20
4   CoreFoundation                	       0x10bad77c0 __CFRunLoopServiceMachPort + 156
5   CoreFoundation                	       0x10bad6978 __CFRunLoopRun + 1128
6   CoreFoundation                	       0x10bad1904 _CFRunLoopRunSpecificWithOptions + 496
7   React                         	       0x10e581668 +[RCTJSThreadManager runRunLoop] + 312
8   Foundation                    	       0x114848edc __NSThread__start__ + 716
9   libsystem_pthread.dylib       	       0x10d4b663c _pthread_start + 104
10  libsystem_pthread.dylib       	       0x10d4b1a34 thread_start + 8

Thread 12:: hades
0   libsystem_kernel.dylib        	       0x10d31802c __psynch_cvwait + 8
1   libsystem_pthread.dylib       	       0x10d4b6b00 _pthread_cond_wait + 972
2   libc++.1.dylib                	       0x101398604 std::__1::condition_variable::wait(std::__1::unique_lock<std::__1::mutex>&) + 28
3   hermesvm                      	       0x108ae2cd8 hermes::vm::HadesGC::Executor::worker() + 108
4   hermesvm                      	       0x108ae2c40 void* std::__1::__thread_proxy[abi:nn190102]<std::__1::tuple<std::__1::unique_ptr<std::__1::__thread_struct, std::__1::default_delete<std::__1::__thread_struct>>, hermes::vm::HadesGC::Executor::Executor()::'lambda'()>>(void*) + 44
5   libsystem_pthread.dylib       	       0x10d4b663c _pthread_start + 104
6   libsystem_pthread.dylib       	       0x10d4b1a34 thread_start + 8

Thread 13:: com.apple.CFNetwork.CustomProtocols
0   libsystem_kernel.dylib        	       0x10d314b70 mach_msg2_trap + 8
1   libsystem_kernel.dylib        	       0x10d325e5c mach_msg2_internal + 72
2   libsystem_kernel.dylib        	       0x10d31cc44 mach_msg_overwrite + 484
3   libsystem_kernel.dylib        	       0x10d314ef0 mach_msg + 20
4   CoreFoundation                	       0x10bad77c0 __CFRunLoopServiceMachPort + 156
5   CoreFoundation                	       0x10bad6978 __CFRunLoopRun + 1128
6   CoreFoundation                	       0x10bad1904 _CFRunLoopRunSpecificWithOptions + 496
7   CFNetwork                     	       0x117669020 +[__CFN_CoreSchedulingSetRunnable _run:] + 368
8   Foundation                    	       0x114848edc __NSThread__start__ + 716
9   libsystem_pthread.dylib       	       0x10d4b663c _pthread_start + 104
10  libsystem_pthread.dylib       	       0x10d4b1a34 thread_start + 8

Thread 14:

Thread 15:: com.apple.CFStream.LegacyThread
0   libsystem_kernel.dylib        	       0x10d314b70 mach_msg2_trap + 8
1   libsystem_kernel.dylib        	       0x10d325e5c mach_msg2_internal + 72
2   libsystem_kernel.dylib        	       0x10d31cc44 mach_msg_overwrite + 484
3   libsystem_kernel.dylib        	       0x10d314ef0 mach_msg + 20
4   CoreFoundation                	       0x10bad77c0 __CFRunLoopServiceMachPort + 156
5   CoreFoundation                	       0x10bad6978 __CFRunLoopRun + 1128
6   CoreFoundation                	       0x10bad1904 _CFRunLoopRunSpecificWithOptions + 496
7   CoreFoundation                	       0x10baf53a4 _legacyStreamRunLoop_workThread + 260
8   libsystem_pthread.dylib       	       0x10d4b663c _pthread_start + 104
9   libsystem_pthread.dylib       	       0x10d4b1a34 thread_start + 8

Thread 16:: hades
0   libsystem_kernel.dylib        	       0x10d31802c __psynch_cvwait + 8
1   libsystem_pthread.dylib       	       0x10d4b6b00 _pthread_cond_wait + 972
2   libc++.1.dylib                	       0x101398604 std::__1::condition_variable::wait(std::__1::unique_lock<std::__1::mutex>&) + 28
3   hermesvm                      	       0x108ae2cd8 hermes::vm::HadesGC::Executor::worker() + 108
4   hermesvm                      	       0x108ae2c40 void* std::__1::__thread_proxy[abi:nn190102]<std::__1::tuple<std::__1::unique_ptr<std::__1::__thread_struct, std::__1::default_delete<std::__1::__thread_struct>>, hermes::vm::HadesGC::Executor::Executor()::'lambda'()>>(void*) + 44
5   libsystem_pthread.dylib       	       0x10d4b663c _pthread_start + 104
6   libsystem_pthread.dylib       	       0x10d4b1a34 thread_start + 8

Thread 17:
0   libsystem_kernel.dylib        	       0x10d316788 __ulock_wait + 8
1   libc++.1.dylib                	       0x1013981b8 std::__1::__libcpp_atomic_wait(void const volatile*, long long) + 84
2   Ambient.debug.dylib           	       0x104634ec4 std::__1::__atomic_wait_backoff_impl<std::__1::__atomic_base<unsigned long, false>, void std::__1::__atomic_wait[abi:dee210106]<std::__1::__atomic_base<unsigned long, false> const, unsigned long>(std::__1::__atomic_base<unsigned long, false> const&, unsigned long, std::__1::memory_order)::'lambda'(unsigned long const&)>::operator()[abi:dee210106](std::__1::chrono::duration<long long, std::__1::ratio<1l, 1000000000l>>) const + 180
3   Ambient.debug.dylib           	       0x104634c40 bool std::__1::__libcpp_thread_poll_with_backoff[abi:dee210106]<void std::__1::__atomic_wait_unless[abi:dee210106]<std::__1::__atomic_base<unsigned long, false>, void std::__1::__atomic_wait[abi:dee210106]<std::__1::__atomic_base<unsigned long, false> const, unsigned long>(std::__1::__atomic_base<unsigned long, false> const&, unsigned long, std::__1::memory_order)::'lambda'(unsigned long const&)>(std::__1::__atomic_base<unsigned long, false> const const&, std::__1::memory_order, unsigned long&&)::'lambda'(), std::__1::__atomic_wait_backoff_impl<std::__1::__atomic_base<unsigned long, false>, void std::__1::__atomic_wait[abi:dee210106]<std::__1::__atomic_base<unsigned long, false> const, unsigned long>(std::__1::__atomic_base<unsigned long, false> const&, unsigned long, std::__1::memory_order)::'lambda'(unsigned long const&)>&>(std::__1::__atomic_base<unsigned long, false> const&&, unsigned long&&, std::__1::chrono::duration<long long, std::__1::ratio<1l, 1000000000l>>) + 268
4   Ambient.debug.dylib           	       0x104634b28 void std::__1::__atomic_wait_unless[abi:dee210106]<std::__1::__atomic_base<unsigned long, false>, void std::__1::__atomic_wait[abi:dee210106]<std::__1::__atomic_base<unsigned long, false> const, unsigned long>(std::__1::__atomic_base<unsigned long, false> const&, unsigned long, std::__1::memory_order)::'lambda'(unsigned long const&)>(std::__1::__atomic_base<unsigned long, false> const const&, std::__1::memory_order, unsigned long&&) + 120
5   Ambient.debug.dylib           	       0x104634aa4 void std::__1::__atomic_wait[abi:dee210106]<std::__1::__atomic_base<unsigned long, false> const, unsigned long>(std::__1::__atomic_base<unsigned long, false> const&, unsigned long, std::__1::memory_order) + 48
6   Ambient.debug.dylib           	       0x104633b2c std::__1::__atomic_base<unsigned long, false>::wait[abi:dee210106](unsigned long, std::__1::memory_order) const + 40
7   Ambient.debug.dylib           	       0x104648df0 audioapi::channels::spsc::Receiver<audioapi::AudioEventHandlerRegistry::DispatchEvent, (audioapi::channels::spsc::OverflowStrategy)0, (audioapi::channels::spsc::WaitStrategy)2>::receive() + 140
8   Ambient.debug.dylib           	       0x104648c38 audioapi::AudioEventHandlerRegistry::AudioEventHandlerRegistry(facebook::jsi::Runtime*, std::__1::shared_ptr<facebook::react::CallInvoker> const&)::$_0::operator()() const + 96
9   Ambient.debug.dylib           	       0x104648ba4 std::__1::__invoke_result_impl<void, audioapi::AudioEventHandlerRegistry::AudioEventHandlerRegistry(facebook::jsi::Runtime*, std::__1::shared_ptr<facebook::react::CallInvoker> const&)::$_0>::type std::__1::__invoke[abi:dee210106]<audioapi::AudioEventHandlerRegistry::AudioEventHandlerRegistry(facebook::jsi::Runtime*, std::__1::shared_ptr<facebook::react::CallInvoker> const&)::$_0>(audioapi::AudioEventHandlerRegistry::AudioEventHandlerRegistry(facebook::jsi::Runtime*, std::__1::shared_ptr<facebook::react::CallInvoker> const&)::$_0&&) + 24
10  Ambient.debug.dylib           	       0x104648b80 void std::__1::__thread_execute[abi:dee210106]<std::__1::unique_ptr<std::__1::__thread_struct, std::__1::default_delete<std::__1::__thread_struct>>, audioapi::AudioEventHandlerRegistry::AudioEventHandlerRegistry(facebook::jsi::Runtime*, std::__1::shared_ptr<facebook::react::CallInvoker> const&)::$_0>(std::__1::tuple<std::__1::unique_ptr<std::__1::__thread_struct, std::__1::default_delete<std::__1::__thread_struct>>, audioapi::AudioEventHandlerRegistry::AudioEventHandlerRegistry(facebook::jsi::Runtime*, std::__1::shared_ptr<facebook::react::CallInvoker> const&)::$_0>&, std::__1::__tuple_indices<>) + 28
11  Ambient.debug.dylib           	       0x104648998 void* std::__1::__thread_proxy[abi:dee210106]<std::__1::tuple<std::__1::unique_ptr<std::__1::__thread_struct, std::__1::default_delete<std::__1::__thread_struct>>, audioapi::AudioEventHandlerRegistry::AudioEventHandlerRegistry(facebook::jsi::Runtime*, std::__1::shared_ptr<facebook::react::CallInvoker> const&)::$_0>>(void*) + 84
12  libsystem_pthread.dylib       	       0x10d4b663c _pthread_start + 104
13  libsystem_pthread.dylib       	       0x10d4b1a34 thread_start + 8

Thread 18:: video-metadata-runtime_queue
0   libsystem_kernel.dylib        	       0x10d31802c __psynch_cvwait + 8
1   libsystem_pthread.dylib       	       0x10d4b6b00 _pthread_cond_wait + 972
2   libc++.1.dylib                	       0x101398604 std::__1::condition_variable::wait(std::__1::unique_lock<std::__1::mutex>&) + 28
3   Ambient.debug.dylib           	       0x104b1fc8c void std::__1::condition_variable::wait[abi:dee210106]<worklets::AsyncQueueImpl::runLoop(std::__1::shared_ptr<worklets::AsyncQueueState> const&)::$_0>(std::__1::unique_lock<std::__1::mutex>&, worklets::AsyncQueueImpl::runLoop(std::__1::shared_ptr<worklets::AsyncQueueState> const&)::$_0) + 68
4   Ambient.debug.dylib           	       0x104b1fab0 worklets::AsyncQueueImpl::runLoop(std::__1::shared_ptr<worklets::AsyncQueueState> const&) + 128
5   Ambient.debug.dylib           	       0x104b24ad0 worklets::AsyncQueueImpl::AsyncQueueImpl(std::__1::basic_string<char, std::__1::char_traits<char>, std::__1::allocator<char>> const&)::$_0::operator()() const + 44
6   Ambient.debug.dylib           	       0x104b24a70 std::__1::__invoke_result_impl<void, worklets::AsyncQueueImpl::AsyncQueueImpl(std::__1::basic_string<char, std::__1::char_traits<char>, std::__1::allocator<char>> const&)::$_0>::type std::__1::__invoke[abi:dee210106]<worklets::AsyncQueueImpl::AsyncQueueImpl(std::__1::basic_string<char, std::__1::char_traits<char>, std::__1::allocator<char>> const&)::$_0>(worklets::AsyncQueueImpl::AsyncQueueImpl(std::__1::basic_string<char, std::__1::char_traits<char>, std::__1::allocator<char>> const&)::$_0&&) + 24
7   Ambient.debug.dylib           	       0x104b24a4c void std::__1::__thread_execute[abi:dee210106]<std::__1::unique_ptr<std::__1::__thread_struct, std::__1::default_delete<std::__1::__thread_struct>>, worklets::AsyncQueueImpl::AsyncQueueImpl(std::__1::basic_string<char, std::__1::char_traits<char>, std::__1::allocator<char>> const&)::$_0>(std::__1::tuple<std::__1::unique_ptr<std::__1::__thread_struct, std::__1::default_delete<std::__1::__thread_struct>>, worklets::AsyncQueueImpl::AsyncQueueImpl(std::__1::basic_string<char, std::__1::char_traits<char>, std::__1::allocator<char>> const&)::$_0>&, std::__1::__tuple_indices<>) + 28
8   Ambient.debug.dylib           	       0x104b2473c void* std::__1::__thread_proxy[abi:dee210106]<std::__1::tuple<std::__1::unique_ptr<std::__1::__thread_struct, std::__1::default_delete<std::__1::__thread_struct>>, worklets::AsyncQueueImpl::AsyncQueueImpl(std::__1::basic_string<char, std::__1::char_traits<char>, std::__1::allocator<char>> const&)::$_0>>(void*) + 84
9   libsystem_pthread.dylib       	       0x10d4b663c _pthread_start + 104
10  libsystem_pthread.dylib       	       0x10d4b1a34 thread_start + 8

Thread 19:: hades
0   libsystem_kernel.dylib        	       0x10d31802c __psynch_cvwait + 8
1   libsystem_pthread.dylib       	       0x10d4b6b00 _pthread_cond_wait + 972
2   libc++.1.dylib                	       0x101398604 std::__1::condition_variable::wait(std::__1::unique_lock<std::__1::mutex>&) + 28
3   hermesvm                      	       0x108ae2cd8 hermes::vm::HadesGC::Executor::worker() + 108
4   hermesvm                      	       0x108ae2c40 void* std::__1::__thread_proxy[abi:nn190102]<std::__1::tuple<std::__1::unique_ptr<std::__1::__thread_struct, std::__1::default_delete<std::__1::__thread_struct>>, hermes::vm::HadesGC::Executor::Executor()::'lambda'()>>(void*) + 44
5   libsystem_pthread.dylib       	       0x10d4b663c _pthread_start + 104
6   libsystem_pthread.dylib       	       0x10d4b1a34 thread_start + 8

Thread 20:: video-metadata-runtime(timeout)
0   libsystem_kernel.dylib        	       0x10d31802c __psynch_cvwait + 8
1   libsystem_pthread.dylib       	       0x10d4b6b00 _pthread_cond_wait + 972
2   libc++.1.dylib                	       0x101398604 std::__1::condition_variable::wait(std::__1::unique_lock<std::__1::mutex>&) + 28
3   Ambient.debug.dylib           	       0x104b2b6fc worklets::EventLoop::run()::$_0::operator()() const + 140
4   Ambient.debug.dylib           	       0x104b2b63c std::__1::__invoke_result_impl<void, worklets::EventLoop::run()::$_0>::type std::__1::__invoke[abi:dee210106]<worklets::EventLoop::run()::$_0>(worklets::EventLoop::run()::$_0&&) + 24
5   Ambient.debug.dylib           	       0x104b2b618 void std::__1::__thread_execute[abi:dee210106]<std::__1::unique_ptr<std::__1::__thread_struct, std::__1::default_delete<std::__1::__thread_struct>>, worklets::EventLoop::run()::$_0>(std::__1::tuple<std::__1::unique_ptr<std::__1::__thread_struct, std::__1::default_delete<std::__1::__thread_struct>>, worklets::EventLoop::run()::$_0>&, std::__1::__tuple_indices<>) + 28
6   Ambient.debug.dylib           	       0x104b2b280 void* std::__1::__thread_proxy[abi:dee210106]<std::__1::tuple<std::__1::unique_ptr<std::__1::__thread_struct, std::__1::default_delete<std::__1::__thread_struct>>, worklets::EventLoop::run()::$_0>>(void*) + 84
7   libsystem_pthread.dylib       	       0x10d4b663c _pthread_start + 104
8   libsystem_pthread.dylib       	       0x10d4b1a34 thread_start + 8

Thread 21:: AudioWorkletRuntime_queue
0   libsystem_kernel.dylib        	       0x10d31802c __psynch_cvwait + 8
1   libsystem_pthread.dylib       	       0x10d4b6b00 _pthread_cond_wait + 972
2   libc++.1.dylib                	       0x101398604 std::__1::condition_variable::wait(std::__1::unique_lock<std::__1::mutex>&) + 28
3   Ambient.debug.dylib           	       0x104b1fc8c void std::__1::condition_variable::wait[abi:dee210106]<worklets::AsyncQueueImpl::runLoop(std::__1::shared_ptr<worklets::AsyncQueueState> const&)::$_0>(std::__1::unique_lock<std::__1::mutex>&, worklets::AsyncQueueImpl::runLoop(std::__1::shared_ptr<worklets::AsyncQueueState> const&)::$_0) + 68
4   Ambient.debug.dylib           	       0x104b1fab0 worklets::AsyncQueueImpl::runLoop(std::__1::shared_ptr<worklets::AsyncQueueState> const&) + 128
5   Ambient.debug.dylib           	       0x104b24ad0 worklets::AsyncQueueImpl::AsyncQueueImpl(std::__1::basic_string<char, std::__1::char_traits<char>, std::__1::allocator<char>> const&)::$_0::operator()() const + 44
6   Ambient.debug.dylib           	       0x104b24a70 std::__1::__invoke_result_impl<void, worklets::AsyncQueueImpl::AsyncQueueImpl(std::__1::basic_string<char, std::__1::char_traits<char>, std::__1::allocator<char>> const&)::$_0>::type std::__1::__invoke[abi:dee210106]<worklets::AsyncQueueImpl::AsyncQueueImpl(std::__1::basic_string<char, std::__1::char_traits<char>, std::__1::allocator<char>> const&)::$_0>(worklets::AsyncQueueImpl::AsyncQueueImpl(std::__1::basic_string<char, std::__1::char_traits<char>, std::__1::allocator<char>> const&)::$_0&&) + 24
7   Ambient.debug.dylib           	       0x104b24a4c void std::__1::__thread_execute[abi:dee210106]<std::__1::unique_ptr<std::__1::__thread_struct, std::__1::default_delete<std::__1::__thread_struct>>, worklets::AsyncQueueImpl::AsyncQueueImpl(std::__1::basic_string<char, std::__1::char_traits<char>, std::__1::allocator<char>> const&)::$_0>(std::__1::tuple<std::__1::unique_ptr<std::__1::__thread_struct, std::__1::default_delete<std::__1::__thread_struct>>, worklets::AsyncQueueImpl::AsyncQueueImpl(std::__1::basic_string<char, std::__1::char_traits<char>, std::__1::allocator<char>> const&)::$_0>&, std::__1::__tuple_indices<>) + 28
8   Ambient.debug.dylib           	       0x104b2473c void* std::__1::__thread_proxy[abi:dee210106]<std::__1::tuple<std::__1::unique_ptr<std::__1::__thread_struct, std::__1::default_delete<std::__1::__thread_struct>>, worklets::AsyncQueueImpl::AsyncQueueImpl(std::__1::basic_string<char, std::__1::char_traits<char>, std::__1::allocator<char>> const&)::$_0>>(void*) + 84
9   libsystem_pthread.dylib       	       0x10d4b663c _pthread_start + 104
10  libsystem_pthread.dylib       	       0x10d4b1a34 thread_start + 8

Thread 22:: hades
0   libsystem_kernel.dylib        	       0x10d31802c __psynch_cvwait + 8
1   libsystem_pthread.dylib       	       0x10d4b6b00 _pthread_cond_wait + 972
2   libc++.1.dylib                	       0x101398604 std::__1::condition_variable::wait(std::__1::unique_lock<std::__1::mutex>&) + 28
3   hermesvm                      	       0x108ae2cd8 hermes::vm::HadesGC::Executor::worker() + 108
4   hermesvm                      	       0x108ae2c40 void* std::__1::__thread_proxy[abi:nn190102]<std::__1::tuple<std::__1::unique_ptr<std::__1::__thread_struct, std::__1::default_delete<std::__1::__thread_struct>>, hermes::vm::HadesGC::Executor::Executor()::'lambda'()>>(void*) + 44
5   libsystem_pthread.dylib       	       0x10d4b663c _pthread_start + 104
6   libsystem_pthread.dylib       	       0x10d4b1a34 thread_start + 8

Thread 23:: AudioWorkletRuntime(timeout)
0   libsystem_kernel.dylib        	       0x10d31802c __psynch_cvwait + 8
1   libsystem_pthread.dylib       	       0x10d4b6b00 _pthread_cond_wait + 972
2   libc++.1.dylib                	       0x101398604 std::__1::condition_variable::wait(std::__1::unique_lock<std::__1::mutex>&) + 28
3   Ambient.debug.dylib           	       0x104b2b6fc worklets::EventLoop::run()::$_0::operator()() const + 140
4   Ambient.debug.dylib           	       0x104b2b63c std::__1::__invoke_result_impl<void, worklets::EventLoop::run()::$_0>::type std::__1::__invoke[abi:dee210106]<worklets::EventLoop::run()::$_0>(worklets::EventLoop::run()::$_0&&) + 24
5   Ambient.debug.dylib           	       0x104b2b618 void std::__1::__thread_execute[abi:dee210106]<std::__1::unique_ptr<std::__1::__thread_struct, std::__1::default_delete<std::__1::__thread_struct>>, worklets::EventLoop::run()::$_0>(std::__1::tuple<std::__1::unique_ptr<std::__1::__thread_struct, std::__1::default_delete<std::__1::__thread_struct>>, worklets::EventLoop::run()::$_0>&, std::__1::__tuple_indices<>) + 28
6   Ambient.debug.dylib           	       0x104b2b280 void* std::__1::__thread_proxy[abi:dee210106]<std::__1::tuple<std::__1::unique_ptr<std::__1::__thread_struct, std::__1::default_delete<std::__1::__thread_struct>>, worklets::EventLoop::run()::$_0>>(void*) + 84
7   libsystem_pthread.dylib       	       0x10d4b663c _pthread_start + 104
8   libsystem_pthread.dylib       	       0x10d4b1a34 thread_start + 8

Thread 24:
0   libsystem_kernel.dylib        	       0x10d316788 __ulock_wait + 8
1   libc++.1.dylib                	       0x1013981b8 std::__1::__libcpp_atomic_wait(void const volatile*, long long) + 84
2   Ambient.debug.dylib           	       0x104634ec4 std::__1::__atomic_wait_backoff_impl<std::__1::__atomic_base<unsigned long, false>, void std::__1::__atomic_wait[abi:dee210106]<std::__1::__atomic_base<unsigned long, false> const, unsigned long>(std::__1::__atomic_base<unsigned long, false> const&, unsigned long, std::__1::memory_order)::'lambda'(unsigned long const&)>::operator()[abi:dee210106](std::__1::chrono::duration<long long, std::__1::ratio<1l, 1000000000l>>) const + 180
3   Ambient.debug.dylib           	       0x104634c40 bool std::__1::__libcpp_thread_poll_with_backoff[abi:dee210106]<void std::__1::__atomic_wait_unless[abi:dee210106]<std::__1::__atomic_base<unsigned long, false>, void std::__1::__atomic_wait[abi:dee210106]<std::__1::__atomic_base<unsigned long, false> const, unsigned long>(std::__1::__atomic_base<unsigned long, false> const&, unsigned long, std::__1::memory_order)::'lambda'(unsigned long const&)>(std::__1::__atomic_base<unsigned long, false> const const&, std::__1::memory_order, unsigned long&&)::'lambda'(), std::__1::__atomic_wait_backoff_impl<std::__1::__atomic_base<unsigned long, false>, void std::__1::__atomic_wait[abi:dee210106]<std::__1::__atomic_base<unsigned long, false> const, unsigned long>(std::__1::__atomic_base<unsigned long, false> const&, unsigned long, std::__1::memory_order)::'lambda'(unsigned long const&)>&>(std::__1::__atomic_base<unsigned long, false> const&&, unsigned long&&, std::__1::chrono::duration<long long, std::__1::ratio<1l, 1000000000l>>) + 268
4   Ambient.debug.dylib           	       0x104634b28 void std::__1::__atomic_wait_unless[abi:dee210106]<std::__1::__atomic_base<unsigned long, false>, void std::__1::__atomic_wait[abi:dee210106]<std::__1::__atomic_base<unsigned long, false> const, unsigned long>(std::__1::__atomic_base<unsigned long, false> const&, unsigned long, std::__1::memory_order)::'lambda'(unsigned long const&)>(std::__1::__atomic_base<unsigned long, false> const const&, std::__1::memory_order, unsigned long&&) + 120
5   Ambient.debug.dylib           	       0x104634aa4 void std::__1::__atomic_wait[abi:dee210106]<std::__1::__atomic_base<unsigned long, false> const, unsigned long>(std::__1::__atomic_base<unsigned long, false> const&, unsigned long, std::__1::memory_order) + 48
6   Ambient.debug.dylib           	       0x104633b2c std::__1::__atomic_base<unsigned long, false>::wait[abi:dee210106](unsigned long, std::__1::memory_order) const + 40
7   Ambient.debug.dylib           	       0x104677dbc audioapi::channels::spsc::Receiver<std::__1::shared_ptr<audioapi::AudioNode>, (audioapi::channels::spsc::OverflowStrategy)0, (audioapi::channels::spsc::WaitStrategy)2>::receive() + 140
8   Ambient.debug.dylib           	       0x104676a28 audioapi::AudioDestructor<audioapi::AudioNode>::process(audioapi::channels::spsc::Receiver<std::__1::shared_ptr<audioapi::AudioNode>, (audioapi::channels::spsc::OverflowStrategy)0, (audioapi::channels::spsc::WaitStrategy)2>&&) + 84
9   Ambient.debug.dylib           	       0x104678484 std::__1::__invoke_result_impl<void, void (audioapi::AudioDestructor<audioapi::AudioNode>::*)(audioapi::channels::spsc::Receiver<std::__1::shared_ptr<audioapi::AudioNode>, (audioapi::channels::spsc::OverflowStrategy)0, (audioapi::channels::spsc::WaitStrategy)2>&&), audioapi::AudioDestructor<audioapi::AudioNode>*, audioapi::channels::spsc::Receiver<std::__1::shared_ptr<audioapi::AudioNode>, (audioapi::channels::spsc::OverflowStrategy)0, (audioapi::channels::spsc::WaitStrategy)2>>::type std::__1::__invoke[abi:dee210106]<void (audioapi::AudioDestructor<audioapi::AudioNode>::*)(audioapi::channels::spsc::Receiver<std::__1::shared_ptr<audioapi::AudioNode>, (audioapi::channels::spsc::OverflowStrategy)0, (audioapi::channels::spsc::WaitStrategy)2>&&), audioapi::AudioDestructor<audioapi::AudioNode>*, audioapi::channels::spsc::Receiver<std::__1::shared_ptr<audioapi::AudioNode>, (audioapi::channels::spsc::OverflowStrategy)0, (audioapi::channels::spsc::WaitStrategy)2>>(void (audioapi::AudioDestructor<audioapi::AudioNode>::*&&)(audioapi::channels::spsc::Receiver<std::__1::shared_ptr<audioapi::AudioNode>, (audioapi::channels::spsc::OverflowStrategy)0, (audioapi::channels::spsc::WaitStrategy)2>&&), audioapi::AudioDestructor<audioapi::AudioNode>*&&, audioapi::channels::spsc::Receiver<std::__1::shared_ptr<audioapi::AudioNode>, (audioapi::channels::spsc::OverflowStrategy)0, (audioapi::channels::spsc::WaitStrategy)2>&&) + 132
10  Ambient.debug.dylib           	       0x1046783f4 void std::__1::__thread_execute[abi:dee210106]<std::__1::unique_ptr<std::__1::__thread_struct, std::__1::default_delete<std::__1::__thread_struct>>, void (audioapi::AudioDestructor<audioapi::AudioNode>::*)(audioapi::channels::spsc::Receiver<std::__1::shared_ptr<audioapi::AudioNode>, (audioapi::channels::spsc::OverflowStrategy)0, (audioapi::channels::spsc::WaitStrategy)2>&&), audioapi::AudioDestructor<audioapi::AudioNode>*, audioapi::channels::spsc::Receiver<std::__1::shared_ptr<audioapi::AudioNode>, (audioapi::channels::spsc::OverflowStrategy)0, (audioapi::channels::spsc::WaitStrategy)2>, 2ul, 3ul>(std::__1::tuple<std::__1::unique_ptr<std::__1::__thread_struct, std::__1::default_delete<std::__1::__thread_struct>>, void (audioapi::AudioDestructor<audioapi::AudioNode>::*)(audioapi::channels::spsc::Receiver<std::__1::shared_ptr<audioapi::AudioNode>, (audioapi::channels::spsc::OverflowStrategy)0, (audioapi::channels::spsc::WaitStrategy)2>&&), audioapi::AudioDestructor<audioapi::AudioNode>*, audioapi::channels::spsc::Receiver<std::__1::shared_ptr<audioapi::AudioNode>, (audioapi::channels::spsc::OverflowStrategy)0, (audioapi::channels::spsc::WaitStrategy)2>>&, std::__1::__tuple_indices<2ul, 3ul>) + 64
11  Ambient.debug.dylib           	       0x104678140 void* std::__1::__thread_proxy[abi:dee210106]<std::__1::tuple<std::__1::unique_ptr<std::__1::__thread_struct, std::__1::default_delete<std::__1::__thread_struct>>, void (audioapi::AudioDestructor<audioapi::AudioNode>::*)(audioapi::channels::spsc::Receiver<std::__1::shared_ptr<audioapi::AudioNode>, (audioapi::channels::spsc::OverflowStrategy)0, (audioapi::channels::spsc::WaitStrategy)2>&&), audioapi::AudioDestructor<audioapi::AudioNode>*, audioapi::channels::spsc::Receiver<std::__1::shared_ptr<audioapi::AudioNode>, (audioapi::channels::spsc::OverflowStrategy)0, (audioapi::channels::spsc::WaitStrategy)2>>>(void*) + 84
12  libsystem_pthread.dylib       	       0x10d4b663c _pthread_start + 104
13  libsystem_pthread.dylib       	       0x10d4b1a34 thread_start + 8

Thread 25:
0   libsystem_kernel.dylib        	       0x10d316788 __ulock_wait + 8
1   libc++.1.dylib                	       0x1013981b8 std::__1::__libcpp_atomic_wait(void const volatile*, long long) + 84
2   Ambient.debug.dylib           	       0x104634ec4 std::__1::__atomic_wait_backoff_impl<std::__1::__atomic_base<unsigned long, false>, void std::__1::__atomic_wait[abi:dee210106]<std::__1::__atomic_base<unsigned long, false> const, unsigned long>(std::__1::__atomic_base<unsigned long, false> const&, unsigned long, std::__1::memory_order)::'lambda'(unsigned long const&)>::operator()[abi:dee210106](std::__1::chrono::duration<long long, std::__1::ratio<1l, 1000000000l>>) const + 180
3   Ambient.debug.dylib           	       0x104634c40 bool std::__1::__libcpp_thread_poll_with_backoff[abi:dee210106]<void std::__1::__atomic_wait_unless[abi:dee210106]<std::__1::__atomic_base<unsigned long, false>, void std::__1::__atomic_wait[abi:dee210106]<std::__1::__atomic_base<unsigned long, false> const, unsigned long>(std::__1::__atomic_base<unsigned long, false> const&, unsigned long, std::__1::memory_order)::'lambda'(unsigned long const&)>(std::__1::__atomic_base<unsigned long, false> const const&, std::__1::memory_order, unsigned long&&)::'lambda'(), std::__1::__atomic_wait_backoff_impl<std::__1::__atomic_base<unsigned long, false>, void std::__1::__atomic_wait[abi:dee210106]<std::__1::__atomic_base<unsigned long, false> const, unsigned long>(std::__1::__atomic_base<unsigned long, false> const&, unsigned long, std::__1::memory_order)::'lambda'(unsigned long const&)>&>(std::__1::__atomic_base<unsigned long, false> const&&, unsigned long&&, std::__1::chrono::duration<long long, std::__1::ratio<1l, 1000000000l>>) + 268
4   Ambient.debug.dylib           	       0x104634b28 void std::__1::__atomic_wait_unless[abi:dee210106]<std::__1::__atomic_base<unsigned long, false>, void std::__1::__atomic_wait[abi:dee210106]<std::__1::__atomic_base<unsigned long, false> const, unsigned long>(std::__1::__atomic_base<unsigned long, false> const&, unsigned long, std::__1::memory_order)::'lambda'(unsigned long const&)>(std::__1::__atomic_base<unsigned long, false> const const&, std::__1::memory_order, unsigned long&&) + 120
5   Ambient.debug.dylib           	       0x104634aa4 void std::__1::__atomic_wait[abi:dee210106]<std::__1::__atomic_base<unsigned long, false> const, unsigned long>(std::__1::__atomic_base<unsigned long, false> const&, unsigned long, std::__1::memory_order) + 48
6   Ambient.debug.dylib           	       0x104633b2c std::__1::__atomic_base<unsigned long, false>::wait[abi:dee210106](unsigned long, std::__1::memory_order) const + 40
7   Ambient.debug.dylib           	       0x104679e1c audioapi::channels::spsc::Receiver<std::__1::shared_ptr<audioapi::AlignedAudioBuffer<8ul>>, (audioapi::channels::spsc::OverflowStrategy)0, (audioapi::channels::spsc::WaitStrategy)2>::receive() + 140
8   Ambient.debug.dylib           	       0x104678a88 audioapi::AudioDestructor<audioapi::AlignedAudioBuffer<8ul>>::process(audioapi::channels::spsc::Receiver<std::__1::shared_ptr<audioapi::AlignedAudioBuffer<8ul>>, (audioapi::channels::spsc::OverflowStrategy)0, (audioapi::channels::spsc::WaitStrategy)2>&&) + 84
9   Ambient.debug.dylib           	       0x10467a4e4 std::__1::__invoke_result_impl<void, void (audioapi::AudioDestructor<audioapi::AlignedAudioBuffer<8ul>>::*)(audioapi::channels::spsc::Receiver<std::__1::shared_ptr<audioapi::AlignedAudioBuffer<8ul>>, (audioapi::channels::spsc::OverflowStrategy)0, (audioapi::channels::spsc::WaitStrategy)2>&&), audioapi::AudioDestructor<audioapi::AlignedAudioBuffer<8ul>>*, audioapi::channels::spsc::Receiver<std::__1::shared_ptr<audioapi::AlignedAudioBuffer<8ul>>, (audioapi::channels::spsc::OverflowStrategy)0, (audioapi::channels::spsc::WaitStrategy)2>>::type std::__1::__invoke[abi:dee210106]<void (audioapi::AudioDestructor<audioapi::AlignedAudioBuffer<8ul>>::*)(audioapi::channels::spsc::Receiver<std::__1::shared_ptr<audioapi::AlignedAudioBuffer<8ul>>, (audioapi::channels::spsc::OverflowStrategy)0, (audioapi::channels::spsc::WaitStrategy)2>&&), audioapi::AudioDestructor<audioapi::AlignedAudioBuffer<8ul>>*, audioapi::channels::spsc::Receiver<std::__1::shared_ptr<audioapi::AlignedAudioBuffer<8ul>>, (audioapi::channels::spsc::OverflowStrategy)0, (audioapi::channels::spsc::WaitStrategy)2>>(void (audioapi::AudioDestructor<audioapi::AlignedAudioBuffer<8ul>>::*&&)(audioapi::channels::spsc::Receiver<std::__1::shared_ptr<audioapi::AlignedAudioBuffer<8ul>>, (audioapi::channels::spsc::OverflowStrategy)0, (audioapi::channels::spsc::WaitStrategy)2>&&), audioapi::AudioDestructor<audioapi::AlignedAudioBuffer<8ul>>*&&, audioapi::channels::spsc::Receiver<std::__1::shared_ptr<audioapi::AlignedAudioBuffer<8ul>>, (audioapi::channels::spsc::OverflowStrategy)0, (audioapi::channels::spsc::WaitStrategy)2>&&) + 132
10  Ambient.debug.dylib           	       0x10467a454 void std::__1::__thread_execute[abi:dee210106]<std::__1::unique_ptr<std::__1::__thread_struct, std::__1::default_delete<std::__1::__thread_struct>>, void (audioapi::AudioDestructor<audioapi::AlignedAudioBuffer<8ul>>::*)(audioapi::channels::spsc::Receiver<std::__1::shared_ptr<audioapi::AlignedAudioBuffer<8ul>>, (audioapi::channels::spsc::OverflowStrategy)0, (audioapi::channels::spsc::WaitStrategy)2>&&), audioapi::AudioDestructor<audioapi::AlignedAudioBuffer<8ul>>*, audioapi::channels::spsc::Receiver<std::__1::shared_ptr<audioapi::AlignedAudioBuffer<8ul>>, (audioapi::channels::spsc::OverflowStrategy)0, (audioapi::channels::spsc::WaitStrategy)2>, 2ul, 3ul>(std::__1::tuple<std::__1::unique_ptr<std::__1::__thread_struct, std::__1::default_delete<std::__1::__thread_struct>>, void (audioapi::AudioDestructor<audioapi::AlignedAudioBuffer<8ul>>::*)(audioapi::channels::spsc::Receiver<std::__1::shared_ptr<audioapi::AlignedAudioBuffer<8ul>>, (audioapi::channels::spsc::OverflowStrategy)0, (audioapi::channels::spsc::WaitStrategy)2>&&), audioapi::AudioDestructor<audioapi::AlignedAudioBuffer<8ul>>*, audioapi::channels::spsc::Receiver<std::__1::shared_ptr<audioapi::AlignedAudioBuffer<8ul>>, (audioapi::channels::spsc::OverflowStrategy)0, (audioapi::channels::spsc::WaitStrategy)2>>&, std::__1::__tuple_indices<2ul, 3ul>) + 64
11  Ambient.debug.dylib           	       0x10467a1a0 void* std::__1::__thread_proxy[abi:dee210106]<std::__1::tuple<std::__1::unique_ptr<std::__1::__thread_struct, std::__1::default_delete<std::__1::__thread_struct>>, void (audioapi::AudioDestructor<audioapi::AlignedAudioBuffer<8ul>>::*)(audioapi::channels::spsc::Receiver<std::__1::shared_ptr<audioapi::AlignedAudioBuffer<8ul>>, (audioapi::channels::spsc::OverflowStrategy)0, (audioapi::channels::spsc::WaitStrategy)2>&&), audioapi::AudioDestructor<audioapi::AlignedAudioBuffer<8ul>>*, audioapi::channels::spsc::Receiver<std::__1::shared_ptr<audioapi::AlignedAudioBuffer<8ul>>, (audioapi::channels::spsc::OverflowStrategy)0, (audioapi::channels::spsc::WaitStrategy)2>>>(void*) + 84
12  libsystem_pthread.dylib       	       0x10d4b663c _pthread_start + 104
13  libsystem_pthread.dylib       	       0x10d4b1a34 thread_start + 8

Thread 26:
0   libsystem_kernel.dylib        	       0x10d316788 __ulock_wait + 8
1   libc++.1.dylib                	       0x1013981b8 std::__1::__libcpp_atomic_wait(void const volatile*, long long) + 84
2   Ambient.debug.dylib           	       0x104634ec4 std::__1::__atomic_wait_backoff_impl<std::__1::__atomic_base<unsigned long, false>, void std::__1::__atomic_wait[abi:dee210106]<std::__1::__atomic_base<unsigned long, false> const, unsigned long>(std::__1::__atomic_base<unsigned long, false> const&, unsigned long, std::__1::memory_order)::'lambda'(unsigned long const&)>::operator()[abi:dee210106](std::__1::chrono::duration<long long, std::__1::ratio<1l, 1000000000l>>) const + 180
3   Ambient.debug.dylib           	       0x104634c40 bool std::__1::__libcpp_thread_poll_with_backoff[abi:dee210106]<void std::__1::__atomic_wait_unless[abi:dee210106]<std::__1::__atomic_base<unsigned long, false>, void std::__1::__atomic_wait[abi:dee210106]<std::__1::__atomic_base<unsigned long, false> const, unsigned long>(std::__1::__atomic_base<unsigned long, false> const&, unsigned long, std::__1::memory_order)::'lambda'(unsigned long const&)>(std::__1::__atomic_base<unsigned long, false> const const&, std::__1::memory_order, unsigned long&&)::'lambda'(), std::__1::__atomic_wait_backoff_impl<std::__1::__atomic_base<unsigned long, false>, void std::__1::__atomic_wait[abi:dee210106]<std::__1::__atomic_base<unsigned long, false> const, unsigned long>(std::__1::__atomic_base<unsigned long, false> const&, unsigned long, std::__1::memory_order)::'lambda'(unsigned long const&)>&>(std::__1::__atomic_base<unsigned long, false> const&&, unsigned long&&, std::__1::chrono::duration<long long, std::__1::ratio<1l, 1000000000l>>) + 268
4   Ambient.debug.dylib           	       0x104634b28 void std::__1::__atomic_wait_unless[abi:dee210106]<std::__1::__atomic_base<unsigned long, false>, void std::__1::__atomic_wait[abi:dee210106]<std::__1::__atomic_base<unsigned long, false> const, unsigned long>(std::__1::__atomic_base<unsigned long, false> const&, unsigned long, std::__1::memory_order)::'lambda'(unsigned long const&)>(std::__1::__atomic_base<unsigned long, false> const const&, std::__1::memory_order, unsigned long&&) + 120
5   Ambient.debug.dylib           	       0x104634aa4 void std::__1::__atomic_wait[abi:dee210106]<std::__1::__atomic_base<unsigned long, false> const, unsigned long>(std::__1::__atomic_base<unsigned long, false> const&, unsigned long, std::__1::memory_order) + 48
6   Ambient.debug.dylib           	       0x104633b2c std::__1::__atomic_base<unsigned long, false>::wait[abi:dee210106](unsigned long, std::__1::memory_order) const + 40
7   Ambient.debug.dylib           	       0x104633898 audioapi::channels::spsc::Receiver<std::__1::variant<audioapi::ThreadPool::TaskEvent, audioapi::ThreadPool::StopEvent>, (audioapi::channels::spsc::OverflowStrategy)0, (audioapi::channels::spsc::WaitStrategy)2>::receive() + 140
8   Ambient.debug.dylib           	       0x10462e84c audioapi::ThreadPool::workerThreadFunc(audioapi::channels::spsc::Receiver<std::__1::variant<audioapi::ThreadPool::TaskEvent, audioapi::ThreadPool::StopEvent>, (audioapi::channels::spsc::OverflowStrategy)0, (audioapi::channels::spsc::WaitStrategy)2>&&) + 56
9   Ambient.debug.dylib           	       0x104632590 std::__1::__invoke_result_impl<void, void (audioapi::ThreadPool::*)(audioapi::channels::spsc::Receiver<std::__1::variant<audioapi::ThreadPool::TaskEvent, audioapi::ThreadPool::StopEvent>, (audioapi::channels::spsc::OverflowStrategy)0, (audioapi::channels::spsc::WaitStrategy)2>&&), audioapi::ThreadPool*, audioapi::channels::spsc::Receiver<std::__1::variant<audioapi::ThreadPool::TaskEvent, audioapi::ThreadPool::StopEvent>, (audioapi::channels::spsc::OverflowStrategy)0, (audioapi::channels::spsc::WaitStrategy)2>>::type std::__1::__invoke[abi:dee210106]<void (audioapi::ThreadPool::*)(audioapi::channels::spsc::Receiver<std::__1::variant<audioapi::ThreadPool::TaskEvent, audioapi::ThreadPool::StopEvent>, (audioapi::channels::spsc::OverflowStrategy)0, (audioapi::channels::spsc::WaitStrategy)2>&&), audioapi::ThreadPool*, audioapi::channels::spsc::Receiver<std::__1::variant<audioapi::ThreadPool::TaskEvent, audioapi::ThreadPool::StopEvent>, (audioapi::channels::spsc::OverflowStrategy)0, (audioapi::channels::spsc::WaitStrategy)2>>(void (audioapi::ThreadPool::*&&)(audioapi::channels::spsc::Receiver<std::__1::variant<audioapi::ThreadPool::TaskEvent, audioapi::ThreadPool::StopEvent>, (audioapi::channels::spsc::OverflowStrategy)0, (audioapi::channels::spsc::WaitStrategy)2>&&), audioapi::ThreadPool*&&, audioapi::channels::spsc::Receiver<std::__1::variant<audioapi::ThreadPool::TaskEvent, audioapi::ThreadPool::StopEvent>, (audioapi::channels::spsc::OverflowStrategy)0, (audioapi::channels::spsc::WaitStrategy)2>&&) + 132
10  Ambient.debug.dylib           	       0x104632474 void std::__1::__thread_execute[abi:dee210106]<std::__1::unique_ptr<std::__1::__thread_struct, std::__1::default_delete<std::__1::__thread_struct>>, void (audioapi::ThreadPool::*)(audioapi::channels::spsc::Receiver<std::__1::variant<audioapi::ThreadPool::TaskEvent, audioapi::ThreadPool::StopEvent>, (audioapi::channels::spsc::OverflowStrategy)0, (audioapi::channels::spsc::WaitStrategy)2>&&), audioapi::ThreadPool*, audioapi::channels::spsc::Receiver<std::__1::variant<audioapi::ThreadPool::TaskEvent, audioapi::ThreadPool::StopEvent>, (audioapi::channels::spsc::OverflowStrategy)0, (audioapi::channels::spsc::WaitStrategy)2>, 2ul, 3ul>(std::__1::tuple<std::__1::unique_ptr<std::__1::__thread_struct, std::__1::default_delete<std::__1::__thread_struct>>, void (audioapi::ThreadPool::*)(audioapi::channels::spsc::Receiver<std::__1::variant<audioapi::ThreadPool::TaskEvent, audioapi::ThreadPool::StopEvent>, (audioapi::channels::spsc::OverflowStrategy)0, (audioapi::channels::spsc::WaitStrategy)2>&&), audioapi::ThreadPool*, audioapi::channels::spsc::Receiver<std::__1::variant<audioapi::ThreadPool::TaskEvent, audioapi::ThreadPool::StopEvent>, (audioapi::channels::spsc::OverflowStrategy)0, (audioapi::channels::spsc::WaitStrategy)2>>&, std::__1::__tuple_indices<2ul, 3ul>) + 64
11  Ambient.debug.dylib           	       0x104632044 void* std::__1::__thread_proxy[abi:dee210106]<std::__1::tuple<std::__1::unique_ptr<std::__1::__thread_struct, std::__1::default_delete<std::__1::__thread_struct>>, void (audioapi::ThreadPool::*)(audioapi::channels::spsc::Receiver<std::__1::variant<audioapi::ThreadPool::TaskEvent, audioapi::ThreadPool::StopEvent>, (audioapi::channels::spsc::OverflowStrategy)0, (audioapi::channels::spsc::WaitStrategy)2>&&), audioapi::ThreadPool*, audioapi::channels::spsc::Receiver<std::__1::variant<audioapi::ThreadPool::TaskEvent, audioapi::ThreadPool::StopEvent>, (audioapi::channels::spsc::OverflowStrategy)0, (audioapi::channels::spsc::WaitStrategy)2>>>(void*) + 84
12  libsystem_pthread.dylib       	       0x10d4b663c _pthread_start + 104
13  libsystem_pthread.dylib       	       0x10d4b1a34 thread_start + 8

Thread 27:
0   libsystem_kernel.dylib        	       0x10d316788 __ulock_wait + 8
1   libc++.1.dylib                	       0x1013981b8 std::__1::__libcpp_atomic_wait(void const volatile*, long long) + 84
2   Ambient.debug.dylib           	       0x104634ec4 std::__1::__atomic_wait_backoff_impl<std::__1::__atomic_base<unsigned long, false>, void std::__1::__atomic_wait[abi:dee210106]<std::__1::__atomic_base<unsigned long, false> const, unsigned long>(std::__1::__atomic_base<unsigned long, false> const&, unsigned long, std::__1::memory_order)::'lambda'(unsigned long const&)>::operator()[abi:dee210106](std::__1::chrono::duration<long long, std::__1::ratio<1l, 1000000000l>>) const + 180
3   Ambient.debug.dylib           	       0x104634c40 bool std::__1::__libcpp_thread_poll_with_backoff[abi:dee210106]<void std::__1::__atomic_wait_unless[abi:dee210106]<std::__1::__atomic_base<unsigned long, false>, void std::__1::__atomic_wait[abi:dee210106]<std::__1::__atomic_base<unsigned long, false> const, unsigned long>(std::__1::__atomic_base<unsigned long, false> const&, unsigned long, std::__1::memory_order)::'lambda'(unsigned long const&)>(std::__1::__atomic_base<unsigned long, false> const const&, std::__1::memory_order, unsigned long&&)::'lambda'(), std::__1::__atomic_wait_backoff_impl<std::__1::__atomic_base<unsigned long, false>, void std::__1::__atomic_wait[abi:dee210106]<std::__1::__atomic_base<unsigned long, false> const, unsigned long>(std::__1::__atomic_base<unsigned long, false> const&, unsigned long, std::__1::memory_order)::'lambda'(unsigned long const&)>&>(std::__1::__atomic_base<unsigned long, false> const&&, unsigned long&&, std::__1::chrono::duration<long long, std::__1::ratio<1l, 1000000000l>>) + 268
4   Ambient.debug.dylib           	       0x104634b28 void std::__1::__atomic_wait_unless[abi:dee210106]<std::__1::__atomic_base<unsigned long, false>, void std::__1::__atomic_wait[abi:dee210106]<std::__1::__atomic_base<unsigned long, false> const, unsigned long>(std::__1::__atomic_base<unsigned long, false> const&, unsigned long, std::__1::memory_order)::'lambda'(unsigned long const&)>(std::__1::__atomic_base<unsigned long, false> const const&, std::__1::memory_order, unsigned long&&) + 120
5   Ambient.debug.dylib           	       0x104634aa4 void std::__1::__atomic_wait[abi:dee210106]<std::__1::__atomic_base<unsigned long, false> const, unsigned long>(std::__1::__atomic_base<unsigned long, false> const&, unsigned long, std::__1::memory_order) + 48
6   Ambient.debug.dylib           	       0x104633b2c std::__1::__atomic_base<unsigned long, false>::wait[abi:dee210106](unsigned long, std::__1::memory_order) const + 40
7   Ambient.debug.dylib           	       0x104633898 audioapi::channels::spsc::Receiver<std::__1::variant<audioapi::ThreadPool::TaskEvent, audioapi::ThreadPool::StopEvent>, (audioapi::channels::spsc::OverflowStrategy)0, (audioapi::channels::spsc::WaitStrategy)2>::receive() + 140
8   Ambient.debug.dylib           	       0x10462e84c audioapi::ThreadPool::workerThreadFunc(audioapi::channels::spsc::Receiver<std::__1::variant<audioapi::ThreadPool::TaskEvent, audioapi::ThreadPool::StopEvent>, (audioapi::channels::spsc::OverflowStrategy)0, (audioapi::channels::spsc::WaitStrategy)2>&&) + 56
9   Ambient.debug.dylib           	       0x104632590 std::__1::__invoke_result_impl<void, void (audioapi::ThreadPool::*)(audioapi::channels::spsc::Receiver<std::__1::variant<audioapi::ThreadPool::TaskEvent, audioapi::ThreadPool::StopEvent>, (audioapi::channels::spsc::OverflowStrategy)0, (audioapi::channels::spsc::WaitStrategy)2>&&), audioapi::ThreadPool*, audioapi::channels::spsc::Receiver<std::__1::variant<audioapi::ThreadPool::TaskEvent, audioapi::ThreadPool::StopEvent>, (audioapi::channels::spsc::OverflowStrategy)0, (audioapi::channels::spsc::WaitStrategy)2>>::type std::__1::__invoke[abi:dee210106]<void (audioapi::ThreadPool::*)(audioapi::channels::spsc::Receiver<std::__1::variant<audioapi::ThreadPool::TaskEvent, audioapi::ThreadPool::StopEvent>, (audioapi::channels::spsc::OverflowStrategy)0, (audioapi::channels::spsc::WaitStrategy)2>&&), audioapi::ThreadPool*, audioapi::channels::spsc::Receiver<std::__1::variant<audioapi::ThreadPool::TaskEvent, audioapi::ThreadPool::StopEvent>, (audioapi::channels::spsc::OverflowStrategy)0, (audioapi::channels::spsc::WaitStrategy)2>>(void (audioapi::ThreadPool::*&&)(audioapi::channels::spsc::Receiver<std::__1::variant<audioapi::ThreadPool::TaskEvent, audioapi::ThreadPool::StopEvent>, (audioapi::channels::spsc::OverflowStrategy)0, (audioapi::channels::spsc::WaitStrategy)2>&&), audioapi::ThreadPool*&&, audioapi::channels::spsc::Receiver<std::__1::variant<audioapi::ThreadPool::TaskEvent, audioapi::ThreadPool::StopEvent>, (audioapi::channels::spsc::OverflowStrategy)0, (audioapi::channels::spsc::WaitStrategy)2>&&) + 132
10  Ambient.debug.dylib           	       0x104632474 void std::__1::__thread_execute[abi:dee210106]<std::__1::unique_ptr<std::__1::__thread_struct, std::__1::default_delete<std::__1::__thread_struct>>, void (audioapi::ThreadPool::*)(audioapi::channels::spsc::Receiver<std::__1::variant<audioapi::ThreadPool::TaskEvent, audioapi::ThreadPool::StopEvent>, (audioapi::channels::spsc::OverflowStrategy)0, (audioapi::channels::spsc::WaitStrategy)2>&&), audioapi::ThreadPool*, audioapi::channels::spsc::Receiver<std::__1::variant<audioapi::ThreadPool::TaskEvent, audioapi::ThreadPool::StopEvent>, (audioapi::channels::spsc::OverflowStrategy)0, (audioapi::channels::spsc::WaitStrategy)2>, 2ul, 3ul>(std::__1::tuple<std::__1::unique_ptr<std::__1::__thread_struct, std::__1::default_delete<std::__1::__thread_struct>>, void (audioapi::ThreadPool::*)(audioapi::channels::spsc::Receiver<std::__1::variant<audioapi::ThreadPool::TaskEvent, audioapi::ThreadPool::StopEvent>, (audioapi::channels::spsc::OverflowStrategy)0, (audioapi::channels::spsc::WaitStrategy)2>&&), audioapi::ThreadPool*, audioapi::channels::spsc::Receiver<std::__1::variant<audioapi::ThreadPool::TaskEvent, audioapi::ThreadPool::StopEvent>, (audioapi::channels::spsc::OverflowStrategy)0, (audioapi::channels::spsc::WaitStrategy)2>>&, std::__1::__tuple_indices<2ul, 3ul>) + 64
11  Ambient.debug.dylib           	       0x104632044 void* std::__1::__thread_proxy[abi:dee210106]<std::__1::tuple<std::__1::unique_ptr<std::__1::__thread_struct, std::__1::default_delete<std::__1::__thread_struct>>, void (audioapi::ThreadPool::*)(audioapi::channels::spsc::Receiver<std::__1::variant<audioapi::ThreadPool::TaskEvent, audioapi::ThreadPool::StopEvent>, (audioapi::channels::spsc::OverflowStrategy)0, (audioapi::channels::spsc::WaitStrategy)2>&&), audioapi::ThreadPool*, audioapi::channels::spsc::Receiver<std::__1::variant<audioapi::ThreadPool::TaskEvent, audioapi::ThreadPool::StopEvent>, (audioapi::channels::spsc::OverflowStrategy)0, (audioapi::channels::spsc::WaitStrategy)2>>>(void*) + 84
12  libsystem_pthread.dylib       	       0x10d4b663c _pthread_start + 104
13  libsystem_pthread.dylib       	       0x10d4b1a34 thread_start + 8

Thread 28:
0   libsystem_kernel.dylib        	       0x10d316788 __ulock_wait + 8
1   libc++.1.dylib                	       0x1013981b8 std::__1::__libcpp_atomic_wait(void const volatile*, long long) + 84
2   Ambient.debug.dylib           	       0x104634ec4 std::__1::__atomic_wait_backoff_impl<std::__1::__atomic_base<unsigned long, false>, void std::__1::__atomic_wait[abi:dee210106]<std::__1::__atomic_base<unsigned long, false> const, unsigned long>(std::__1::__atomic_base<unsigned long, false> const&, unsigned long, std::__1::memory_order)::'lambda'(unsigned long const&)>::operator()[abi:dee210106](std::__1::chrono::duration<long long, std::__1::ratio<1l, 1000000000l>>) const + 180
3   Ambient.debug.dylib           	       0x104634c40 bool std::__1::__libcpp_thread_poll_with_backoff[abi:dee210106]<void std::__1::__atomic_wait_unless[abi:dee210106]<std::__1::__atomic_base<unsigned long, false>, void std::__1::__atomic_wait[abi:dee210106]<std::__1::__atomic_base<unsigned long, false> const, unsigned long>(std::__1::__atomic_base<unsigned long, false> const&, unsigned long, std::__1::memory_order)::'lambda'(unsigned long const&)>(std::__1::__atomic_base<unsigned long, false> const const&, std::__1::memory_order, unsigned long&&)::'lambda'(), std::__1::__atomic_wait_backoff_impl<std::__1::__atomic_base<unsigned long, false>, void std::__1::__atomic_wait[abi:dee210106]<std::__1::__atomic_base<unsigned long, false> const, unsigned long>(std::__1::__atomic_base<unsigned long, false> const&, unsigned long, std::__1::memory_order)::'lambda'(unsigned long const&)>&>(std::__1::__atomic_base<unsigned long, false> const&&, unsigned long&&, std::__1::chrono::duration<long long, std::__1::ratio<1l, 1000000000l>>) + 268
4   Ambient.debug.dylib           	       0x104634b28 void std::__1::__atomic_wait_unless[abi:dee210106]<std::__1::__atomic_base<unsigned long, false>, void std::__1::__atomic_wait[abi:dee210106]<std::__1::__atomic_base<unsigned long, false> const, unsigned long>(std::__1::__atomic_base<unsigned long, false> const&, unsigned long, std::__1::memory_order)::'lambda'(unsigned long const&)>(std::__1::__atomic_base<unsigned long, false> const const&, std::__1::memory_order, unsigned long&&) + 120
5   Ambient.debug.dylib           	       0x104634aa4 void std::__1::__atomic_wait[abi:dee210106]<std::__1::__atomic_base<unsigned long, false> const, unsigned long>(std::__1::__atomic_base<unsigned long, false> const&, unsigned long, std::__1::memory_order) + 48
6   Ambient.debug.dylib           	       0x104633b2c std::__1::__atomic_base<unsigned long, false>::wait[abi:dee210106](unsigned long, std::__1::memory_order) const + 40
7   Ambient.debug.dylib           	       0x104633898 audioapi::channels::spsc::Receiver<std::__1::variant<audioapi::ThreadPool::TaskEvent, audioapi::ThreadPool::StopEvent>, (audioapi::channels::spsc::OverflowStrategy)0, (audioapi::channels::spsc::WaitStrategy)2>::receive() + 140
8   Ambient.debug.dylib           	       0x10462e84c audioapi::ThreadPool::workerThreadFunc(audioapi::channels::spsc::Receiver<std::__1::variant<audioapi::ThreadPool::TaskEvent, audioapi::ThreadPool::StopEvent>, (audioapi::channels::spsc::OverflowStrategy)0, (audioapi::channels::spsc::WaitStrategy)2>&&) + 56
9   Ambient.debug.dylib           	       0x104632590 std::__1::__invoke_result_impl<void, void (audioapi::ThreadPool::*)(audioapi::channels::spsc::Receiver<std::__1::variant<audioapi::ThreadPool::TaskEvent, audioapi::ThreadPool::StopEvent>, (audioapi::channels::spsc::OverflowStrategy)0, (audioapi::channels::spsc::WaitStrategy)2>&&), audioapi::ThreadPool*, audioapi::channels::spsc::Receiver<std::__1::variant<audioapi::ThreadPool::TaskEvent, audioapi::ThreadPool::StopEvent>, (audioapi::channels::spsc::OverflowStrategy)0, (audioapi::channels::spsc::WaitStrategy)2>>::type std::__1::__invoke[abi:dee210106]<void (audioapi::ThreadPool::*)(audioapi::channels::spsc::Receiver<std::__1::variant<audioapi::ThreadPool::TaskEvent, audioapi::ThreadPool::StopEvent>, (audioapi::channels::spsc::OverflowStrategy)0, (audioapi::channels::spsc::WaitStrategy)2>&&), audioapi::ThreadPool*, audioapi::channels::spsc::Receiver<std::__1::variant<audioapi::ThreadPool::TaskEvent, audioapi::ThreadPool::StopEvent>, (audioapi::channels::spsc::OverflowStrategy)0, (audioapi::channels::spsc::WaitStrategy)2>>(void (audioapi::ThreadPool::*&&)(audioapi::channels::spsc::Receiver<std::__1::variant<audioapi::ThreadPool::TaskEvent, audioapi::ThreadPool::StopEvent>, (audioapi::channels::spsc::OverflowStrategy)0, (audioapi::channels::spsc::WaitStrategy)2>&&), audioapi::ThreadPool*&&, audioapi::channels::spsc::Receiver<std::__1::variant<audioapi::ThreadPool::TaskEvent, audioapi::ThreadPool::StopEvent>, (audioapi::channels::spsc::OverflowStrategy)0, (audioapi::channels::spsc::WaitStrategy)2>&&) + 132
10  Ambient.debug.dylib           	       0x104632474 void std::__1::__thread_execute[abi:dee210106]<std::__1::unique_ptr<std::__1::__thread_struct, std::__1::default_delete<std::__1::__thread_struct>>, void (audioapi::ThreadPool::*)(audioapi::channels::spsc::Receiver<std::__1::variant<audioapi::ThreadPool::TaskEvent, audioapi::ThreadPool::StopEvent>, (audioapi::channels::spsc::OverflowStrategy)0, (audioapi::channels::spsc::WaitStrategy)2>&&), audioapi::ThreadPool*, audioapi::channels::spsc::Receiver<std::__1::variant<audioapi::ThreadPool::TaskEvent, audioapi::ThreadPool::StopEvent>, (audioapi::channels::spsc::OverflowStrategy)0, (audioapi::channels::spsc::WaitStrategy)2>, 2ul, 3ul>(std::__1::tuple<std::__1::unique_ptr<std::__1::__thread_struct, std::__1::default_delete<std::__1::__thread_struct>>, void (audioapi::ThreadPool::*)(audioapi::channels::spsc::Receiver<std::__1::variant<audioapi::ThreadPool::TaskEvent, audioapi::ThreadPool::StopEvent>, (audioapi::channels::spsc::OverflowStrategy)0, (audioapi::channels::spsc::WaitStrategy)2>&&), audioapi::ThreadPool*, audioapi::channels::spsc::Receiver<std::__1::variant<audioapi::ThreadPool::TaskEvent, audioapi::ThreadPool::StopEvent>, (audioapi::channels::spsc::OverflowStrategy)0, (audioapi::channels::spsc::WaitStrategy)2>>&, std::__1::__tuple_indices<2ul, 3ul>) + 64
11  Ambient.debug.dylib           	       0x104632044 void* std::__1::__thread_proxy[abi:dee210106]<std::__1::tuple<std::__1::unique_ptr<std::__1::__thread_struct, std::__1::default_delete<std::__1::__thread_struct>>, void (audioapi::ThreadPool::*)(audioapi::channels::spsc::Receiver<std::__1::variant<audioapi::ThreadPool::TaskEvent, audioapi::ThreadPool::StopEvent>, (audioapi::channels::spsc::OverflowStrategy)0, (audioapi::channels::spsc::WaitStrategy)2>&&), audioapi::ThreadPool*, audioapi::channels::spsc::Receiver<std::__1::variant<audioapi::ThreadPool::TaskEvent, audioapi::ThreadPool::StopEvent>, (audioapi::channels::spsc::OverflowStrategy)0, (audioapi::channels::spsc::WaitStrategy)2>>>(void*) + 84
12  libsystem_pthread.dylib       	       0x10d4b663c _pthread_start + 104
13  libsystem_pthread.dylib       	       0x10d4b1a34 thread_start + 8

Thread 29:
0   libsystem_kernel.dylib        	       0x10d316788 __ulock_wait + 8
1   libc++.1.dylib                	       0x1013981b8 std::__1::__libcpp_atomic_wait(void const volatile*, long long) + 84
2   Ambient.debug.dylib           	       0x104634ec4 std::__1::__atomic_wait_backoff_impl<std::__1::__atomic_base<unsigned long, false>, void std::__1::__atomic_wait[abi:dee210106]<std::__1::__atomic_base<unsigned long, false> const, unsigned long>(std::__1::__atomic_base<unsigned long, false> const&, unsigned long, std::__1::memory_order)::'lambda'(unsigned long const&)>::operator()[abi:dee210106](std::__1::chrono::duration<long long, std::__1::ratio<1l, 1000000000l>>) const + 180
3   Ambient.debug.dylib           	       0x104634c40 bool std::__1::__libcpp_thread_poll_with_backoff[abi:dee210106]<void std::__1::__atomic_wait_unless[abi:dee210106]<std::__1::__atomic_base<unsigned long, false>, void std::__1::__atomic_wait[abi:dee210106]<std::__1::__atomic_base<unsigned long, false> const, unsigned long>(std::__1::__atomic_base<unsigned long, false> const&, unsigned long, std::__1::memory_order)::'lambda'(unsigned long const&)>(std::__1::__atomic_base<unsigned long, false> const const&, std::__1::memory_order, unsigned long&&)::'lambda'(), std::__1::__atomic_wait_backoff_impl<std::__1::__atomic_base<unsigned long, false>, void std::__1::__atomic_wait[abi:dee210106]<std::__1::__atomic_base<unsigned long, false> const, unsigned long>(std::__1::__atomic_base<unsigned long, false> const&, unsigned long, std::__1::memory_order)::'lambda'(unsigned long const&)>&>(std::__1::__atomic_base<unsigned long, false> const&&, unsigned long&&, std::__1::chrono::duration<long long, std::__1::ratio<1l, 1000000000l>>) + 268
4   Ambient.debug.dylib           	       0x104634b28 void std::__1::__atomic_wait_unless[abi:dee210106]<std::__1::__atomic_base<unsigned long, false>, void std::__1::__atomic_wait[abi:dee210106]<std::__1::__atomic_base<unsigned long, false> const, unsigned long>(std::__1::__atomic_base<unsigned long, false> const&, unsigned long, std::__1::memory_order)::'lambda'(unsigned long const&)>(std::__1::__atomic_base<unsigned long, false> const const&, std::__1::memory_order, unsigned long&&) + 120
5   Ambient.debug.dylib           	       0x104634aa4 void std::__1::__atomic_wait[abi:dee210106]<std::__1::__atomic_base<unsigned long, false> const, unsigned long>(std::__1::__atomic_base<unsigned long, false> const&, unsigned long, std::__1::memory_order) + 48
6   Ambient.debug.dylib           	       0x104633b2c std::__1::__atomic_base<unsigned long, false>::wait[abi:dee210106](unsigned long, std::__1::memory_order) const + 40
7   Ambient.debug.dylib           	       0x104633898 audioapi::channels::spsc::Receiver<std::__1::variant<audioapi::ThreadPool::TaskEvent, audioapi::ThreadPool::StopEvent>, (audioapi::channels::spsc::OverflowStrategy)0, (audioapi::channels::spsc::WaitStrategy)2>::receive() + 140
8   Ambient.debug.dylib           	       0x10462e84c audioapi::ThreadPool::workerThreadFunc(audioapi::channels::spsc::Receiver<std::__1::variant<audioapi::ThreadPool::TaskEvent, audioapi::ThreadPool::StopEvent>, (audioapi::channels::spsc::OverflowStrategy)0, (audioapi::channels::spsc::WaitStrategy)2>&&) + 56
9   Ambient.debug.dylib           	       0x104632590 std::__1::__invoke_result_impl<void, void (audioapi::ThreadPool::*)(audioapi::channels::spsc::Receiver<std::__1::variant<audioapi::ThreadPool::TaskEvent, audioapi::ThreadPool::StopEvent>, (audioapi::channels::spsc::OverflowStrategy)0, (audioapi::channels::spsc::WaitStrategy)2>&&), audioapi::ThreadPool*, audioapi::channels::spsc::Receiver<std::__1::variant<audioapi::ThreadPool::TaskEvent, audioapi::ThreadPool::StopEvent>, (audioapi::channels::spsc::OverflowStrategy)0, (audioapi::channels::spsc::WaitStrategy)2>>::type std::__1::__invoke[abi:dee210106]<void (audioapi::ThreadPool::*)(audioapi::channels::spsc::Receiver<std::__1::variant<audioapi::ThreadPool::TaskEvent, audioapi::ThreadPool::StopEvent>, (audioapi::channels::spsc::OverflowStrategy)0, (audioapi::channels::spsc::WaitStrategy)2>&&), audioapi::ThreadPool*, audioapi::channels::spsc::Receiver<std::__1::variant<audioapi::ThreadPool::TaskEvent, audioapi::ThreadPool::StopEvent>, (audioapi::channels::spsc::OverflowStrategy)0, (audioapi::channels::spsc::WaitStrategy)2>>(void (audioapi::ThreadPool::*&&)(audioapi::channels::spsc::Receiver<std::__1::variant<audioapi::ThreadPool::TaskEvent, audioapi::ThreadPool::StopEvent>, (audioapi::channels::spsc::OverflowStrategy)0, (audioapi::channels::spsc::WaitStrategy)2>&&), audioapi::ThreadPool*&&, audioapi::channels::spsc::Receiver<std::__1::variant<audioapi::ThreadPool::TaskEvent, audioapi::ThreadPool::StopEvent>, (audioapi::channels::spsc::OverflowStrategy)0, (audioapi::channels::spsc::WaitStrategy)2>&&) + 132
10  Ambient.debug.dylib           	       0x104632474 void std::__1::__thread_execute[abi:dee210106]<std::__1::unique_ptr<std::__1::__thread_struct, std::__1::default_delete<std::__1::__thread_struct>>, void (audioapi::ThreadPool::*)(audioapi::channels::spsc::Receiver<std::__1::variant<audioapi::ThreadPool::TaskEvent, audioapi::ThreadPool::StopEvent>, (audioapi::channels::spsc::OverflowStrategy)0, (audioapi::channels::spsc::WaitStrategy)2>&&), audioapi::ThreadPool*, audioapi::channels::spsc::Receiver<std::__1::variant<audioapi::ThreadPool::TaskEvent, audioapi::ThreadPool::StopEvent>, (audioapi::channels::spsc::OverflowStrategy)0, (audioapi::channels::spsc::WaitStrategy)2>, 2ul, 3ul>(std::__1::tuple<std::__1::unique_ptr<std::__1::__thread_struct, std::__1::default_delete<std::__1::__thread_struct>>, void (audioapi::ThreadPool::*)(audioapi::channels::spsc::Receiver<std::__1::variant<audioapi::ThreadPool::TaskEvent, audioapi::ThreadPool::StopEvent>, (audioapi::channels::spsc::OverflowStrategy)0, (audioapi::channels::spsc::WaitStrategy)2>&&), audioapi::ThreadPool*, audioapi::channels::spsc::Receiver<std::__1::variant<audioapi::ThreadPool::TaskEvent, audioapi::ThreadPool::StopEvent>, (audioapi::channels::spsc::OverflowStrategy)0, (audioapi::channels::spsc::WaitStrategy)2>>&, std::__1::__tuple_indices<2ul, 3ul>) + 64
11  Ambient.debug.dylib           	       0x104632044 void* std::__1::__thread_proxy[abi:dee210106]<std::__1::tuple<std::__1::unique_ptr<std::__1::__thread_struct, std::__1::default_delete<std::__1::__thread_struct>>, void (audioapi::ThreadPool::*)(audioapi::channels::spsc::Receiver<std::__1::variant<audioapi::ThreadPool::TaskEvent, audioapi::ThreadPool::StopEvent>, (audioapi::channels::spsc::OverflowStrategy)0, (audioapi::channels::spsc::WaitStrategy)2>&&), audioapi::ThreadPool*, audioapi::channels::spsc::Receiver<std::__1::variant<audioapi::ThreadPool::TaskEvent, audioapi::ThreadPool::StopEvent>, (audioapi::channels::spsc::OverflowStrategy)0, (audioapi::channels::spsc::WaitStrategy)2>>>(void*) + 84
12  libsystem_pthread.dylib       	       0x10d4b663c _pthread_start + 104
13  libsystem_pthread.dylib       	       0x10d4b1a34 thread_start + 8

Thread 30:
0   libsystem_kernel.dylib        	       0x10d316788 __ulock_wait + 8
1   libc++.1.dylib                	       0x1013981b8 std::__1::__libcpp_atomic_wait(void const volatile*, long long) + 84
2   Ambient.debug.dylib           	       0x104634ec4 std::__1::__atomic_wait_backoff_impl<std::__1::__atomic_base<unsigned long, false>, void std::__1::__atomic_wait[abi:dee210106]<std::__1::__atomic_base<unsigned long, false> const, unsigned long>(std::__1::__atomic_base<unsigned long, false> const&, unsigned long, std::__1::memory_order)::'lambda'(unsigned long const&)>::operator()[abi:dee210106](std::__1::chrono::duration<long long, std::__1::ratio<1l, 1000000000l>>) const + 180
3   Ambient.debug.dylib           	       0x104634c40 bool std::__1::__libcpp_thread_poll_with_backoff[abi:dee210106]<void std::__1::__atomic_wait_unless[abi:dee210106]<std::__1::__atomic_base<unsigned long, false>, void std::__1::__atomic_wait[abi:dee210106]<std::__1::__atomic_base<unsigned long, false> const, unsigned long>(std::__1::__atomic_base<unsigned long, false> const&, unsigned long, std::__1::memory_order)::'lambda'(unsigned long const&)>(std::__1::__atomic_base<unsigned long, false> const const&, std::__1::memory_order, unsigned long&&)::'lambda'(), std::__1::__atomic_wait_backoff_impl<std::__1::__atomic_base<unsigned long, false>, void std::__1::__atomic_wait[abi:dee210106]<std::__1::__atomic_base<unsigned long, false> const, unsigned long>(std::__1::__atomic_base<unsigned long, false> const&, unsigned long, std::__1::memory_order)::'lambda'(unsigned long const&)>&>(std::__1::__atomic_base<unsigned long, false> const&&, unsigned long&&, std::__1::chrono::duration<long long, std::__1::ratio<1l, 1000000000l>>) + 268
4   Ambient.debug.dylib           	       0x104634b28 void std::__1::__atomic_wait_unless[abi:dee210106]<std::__1::__atomic_base<unsigned long, false>, void std::__1::__atomic_wait[abi:dee210106]<std::__1::__atomic_base<unsigned long, false> const, unsigned long>(std::__1::__atomic_base<unsigned long, false> const&, unsigned long, std::__1::memory_order)::'lambda'(unsigned long const&)>(std::__1::__atomic_base<unsigned long, false> const const&, std::__1::memory_order, unsigned long&&) + 120
5   Ambient.debug.dylib           	       0x104634aa4 void std::__1::__atomic_wait[abi:dee210106]<std::__1::__atomic_base<unsigned long, false> const, unsigned long>(std::__1::__atomic_base<unsigned long, false> const&, unsigned long, std::__1::memory_order) + 48
6   Ambient.debug.dylib           	       0x104633b2c std::__1::__atomic_base<unsigned long, false>::wait[abi:dee210106](unsigned long, std::__1::memory_order) const + 40
7   Ambient.debug.dylib           	       0x104633898 audioapi::channels::spsc::Receiver<std::__1::variant<audioapi::ThreadPool::TaskEvent, audioapi::ThreadPool::StopEvent>, (audioapi::channels::spsc::OverflowStrategy)0, (audioapi::channels::spsc::WaitStrategy)2>::receive() + 140
8   Ambient.debug.dylib           	       0x10462ea00 audioapi::ThreadPool::loadBalancerThreadFunc(audioapi::channels::spsc::Receiver<std::__1::variant<audioapi::ThreadPool::TaskEvent, audioapi::ThreadPool::StopEvent>, (audioapi::channels::spsc::OverflowStrategy)0, (audioapi::channels::spsc::WaitStrategy)2>&&, std::__1::vector<audioapi::channels::spsc::Sender<std::__1::variant<audioapi::ThreadPool::TaskEvent, audioapi::ThreadPool::StopEvent>, (audioapi::channels::spsc::OverflowStrategy)0, (audioapi::channels::spsc::WaitStrategy)2>, std::__1::allocator<audioapi::channels::spsc::Sender<std::__1::variant<audioapi::ThreadPool::TaskEvent, audioapi::ThreadPool::StopEvent>, (audioapi::channels::spsc::OverflowStrategy)0, (audioapi::channels::spsc::WaitStrategy)2>>>&&) + 80
9   Ambient.debug.dylib           	       0x104636c50 std::__1::__invoke_result_impl<void, void (audioapi::ThreadPool::*)(audioapi::channels::spsc::Receiver<std::__1::variant<audioapi::ThreadPool::TaskEvent, audioapi::ThreadPool::StopEvent>, (audioapi::channels::spsc::OverflowStrategy)0, (audioapi::channels::spsc::WaitStrategy)2>&&, std::__1::vector<audioapi::channels::spsc::Sender<std::__1::variant<audioapi::ThreadPool::TaskEvent, audioapi::ThreadPool::StopEvent>, (audioapi::channels::spsc::OverflowStrategy)0, (audioapi::channels::spsc::WaitStrategy)2>, std::__1::allocator<audioapi::channels::spsc::Sender<std::__1::variant<audioapi::ThreadPool::TaskEvent, audioapi::ThreadPool::StopEvent>, (audioapi::channels::spsc::OverflowStrategy)0, (audioapi::channels::spsc::WaitStrategy)2>>>&&), audioapi::ThreadPool*, audioapi::channels::spsc::Receiver<std::__1::variant<audioapi::ThreadPool::TaskEvent, audioapi::ThreadPool::StopEvent>, (audioapi::channels::spsc::OverflowStrategy)0, (audioapi::channels::spsc::WaitStrategy)2>, std::__1::vector<audioapi::channels::spsc::Sender<std::__1::variant<audioapi::ThreadPool::TaskEvent, audioapi::ThreadPool::StopEvent>, (audioapi::channels::spsc::OverflowStrategy)0, (audioapi::channels::spsc::WaitStrategy)2>, std::__1::allocator<audioapi::channels::spsc::Sender<std::__1::variant<audioapi::ThreadPool::TaskEvent, audioapi::ThreadPool::StopEvent>, (audioapi::channels::spsc::OverflowStrategy)0, (audioapi::channels::spsc::WaitStrategy)2>>>>::type std::__1::__invoke[abi:dee210106]<void (audioapi::ThreadPool::*)(audioapi::channels::spsc::Receiver<std::__1::variant<audioapi::ThreadPool::TaskEvent, audioapi::ThreadPool::StopEvent>, (audioapi::channels::spsc::OverflowStrategy)0, (audioapi::channels::spsc::WaitStrategy)2>&&, std::__1::vector<audioapi::channels::spsc::Sender<std::__1::variant<audioapi::ThreadPool::TaskEvent, audioapi::ThreadPool::StopEvent>, (audioapi::channels::spsc::OverflowStrategy)0, (audioapi::channels::spsc::WaitStrategy)2>, std::__1::allocator<audioapi::channels::spsc::Sender<std::__1::variant<audioapi::ThreadPool::TaskEvent, audioapi::ThreadPool::StopEvent>, (audioapi::channels::spsc::OverflowStrategy)0, (audioapi::channels::spsc::WaitStrategy)2>>>&&), audioapi::ThreadPool*, audioapi::channels::spsc::Receiver<std::__1::variant<audioapi::ThreadPool::TaskEvent, audioapi::ThreadPool::StopEvent>, (audioapi::channels::spsc::OverflowStrategy)0, (audioapi::channels::spsc::WaitStrategy)2>, std::__1::vector<audioapi::channels::spsc::Sender<std::__1::variant<audioapi::ThreadPool::TaskEvent, audioapi::ThreadPool::StopEvent>, (audioapi::channels::spsc::OverflowStrategy)0, (audioapi::channels::spsc::WaitStrategy)2>, std::__1::allocator<audioapi::channels::spsc::Sender<std::__1::variant<audioapi::ThreadPool::TaskEvent, audioapi::ThreadPool::StopEvent>, (audioapi::channels::spsc::OverflowStrategy)0, (audioapi::channels::spsc::WaitStrategy)2>>>>(void (audioapi::ThreadPool::*&&)(audioapi::channels::spsc::Receiver<std::__1::variant<audioapi::ThreadPool::TaskEvent, audioapi::ThreadPool::StopEvent>, (audioapi::channels::spsc::OverflowStrategy)0, (audioapi::channels::spsc::WaitStrategy)2>&&, std::__1::vector<audioapi::channels::spsc::Sender<std::__1::variant<audioapi::ThreadPool::TaskEvent, audioapi::ThreadPool::StopEvent>, (audioapi::channels::spsc::OverflowStrategy)0, (audioapi::channels::spsc::WaitStrategy)2>, std::__1::allocator<audioapi::channels::spsc::Sender<std::__1::variant<audioapi::ThreadPool::TaskEvent, audioapi::ThreadPool::StopEvent>, (audioapi::channels::spsc::OverflowStrategy)0, (audioapi::channels::spsc::WaitStrategy)2>>>&&), audioapi::ThreadPool*&&, audioapi::channels::spsc::Receiver<std::__1::variant<audioapi::ThreadPool::TaskEvent, audioapi::ThreadPool::StopEvent>, (audioapi::channels::spsc::OverflowStrategy)0, (audioapi::channels::spsc::WaitStrategy)2>&&, std::__1::vector<audioapi::channels::spsc::Sender<std::__1::variant<audioapi::ThreadPool::TaskEvent, audioapi::ThreadPool::StopEvent>, (audioapi::channels::spsc::OverflowStrategy)0, (audioapi::channels::spsc::WaitStrategy)2>, std::__1::allocator<audioapi::channels::spsc::Sender<std::__1::variant<audioapi::ThreadPool::TaskEvent, audioapi::ThreadPool::StopEvent>, (audioapi::channels::spsc::OverflowStrategy)0, (audioapi::channels::spsc::WaitStrategy)2>>>&&) + 140
10  Ambient.debug.dylib           	       0x104636bb8 void std::__1::__thread_execute[abi:dee210106]<std::__1::unique_ptr<std::__1::__thread_struct, std::__1::default_delete<std::__1::__thread_struct>>, void (audioapi::ThreadPool::*)(audioapi::channels::spsc::Receiver<std::__1::variant<audioapi::ThreadPool::TaskEvent, audioapi::ThreadPool::StopEvent>, (audioapi::channels::spsc::OverflowStrategy)0, (audioapi::channels::spsc::WaitStrategy)2>&&, std::__1::vector<audioapi::channels::spsc::Sender<std::__1::variant<audioapi::ThreadPool::TaskEvent, audioapi::ThreadPool::StopEvent>, (audioapi::channels::spsc::OverflowStrategy)0, (audioapi::channels::spsc::WaitStrategy)2>, std::__1::allocator<audioapi::channels::spsc::Sender<std::__1::variant<audioapi::ThreadPool::TaskEvent, audioapi::ThreadPool::StopEvent>, (audioapi::channels::spsc::OverflowStrategy)0, (audioapi::channels::spsc::WaitStrategy)2>>>&&), audioapi::ThreadPool*, audioapi::channels::spsc::Receiver<std::__1::variant<audioapi::ThreadPool::TaskEvent, audioapi::ThreadPool::StopEvent>, (audioapi::channels::spsc::OverflowStrategy)0, (audioapi::channels::spsc::WaitStrategy)2>, std::__1::vector<audioapi::channels::spsc::Sender<std::__1::variant<audioapi::ThreadPool::TaskEvent, audioapi::ThreadPool::StopEvent>, (audioapi::channels::spsc::OverflowStrategy)0, (audioapi::channels::spsc::WaitStrategy)2>, std::__1::allocator<audioapi::channels::spsc::Sender<std::__1::variant<audioapi::ThreadPool::TaskEvent, audioapi::ThreadPool::StopEvent>, (audioapi::channels::spsc::OverflowStrategy)0, (audioapi::channels::spsc::WaitStrategy)2>>>, 2ul, 3ul, 4ul>(std::__1::tuple<std::__1::unique_ptr<std::__1::__thread_struct, std::__1::default_delete<std::__1::__thread_struct>>, void (audioapi::ThreadPool::*)(audioapi::channels::spsc::Receiver<std::__1::variant<audioapi::ThreadPool::TaskEvent, audioapi::ThreadPool::StopEvent>, (audioapi::channels::spsc::OverflowStrategy)0, (audioapi::channels::spsc::WaitStrategy)2>&&, std::__1::vector<audioapi::channels::spsc::Sender<std::__1::variant<audioapi::ThreadPool::TaskEvent, audioapi::ThreadPool::StopEvent>, (audioapi::channels::spsc::OverflowStrategy)0, (audioapi::channels::spsc::WaitStrategy)2>, std::__1::allocator<audioapi::channels::spsc::Sender<std::__1::variant<audioapi::ThreadPool::TaskEvent, audioapi::ThreadPool::StopEvent>, (audioapi::channels::spsc::OverflowStrategy)0, (audioapi::channels::spsc::WaitStrategy)2>>>&&), audioapi::ThreadPool*, audioapi::channels::spsc::Receiver<std::__1::variant<audioapi::ThreadPool::TaskEvent, audioapi::ThreadPool::StopEvent>, (audioapi::channels::spsc::OverflowStrategy)0, (audioapi::channels::spsc::WaitStrategy)2>, std::__1::vector<audioapi::channels::spsc::Sender<std::__1::variant<audioapi::ThreadPool::TaskEvent, audioapi::ThreadPool::StopEvent>, (audioapi::channels::spsc::OverflowStrategy)0, (audioapi::channels::spsc::WaitStrategy)2>, std::__1::allocator<audioapi::channels::spsc::Sender<std::__1::variant<audioapi::ThreadPool::TaskEvent, audioapi::ThreadPool::StopEvent>, (audioapi::channels::spsc::OverflowStrategy)0, (audioapi::channels::spsc::WaitStrategy)2>>>>&, std::__1::__tuple_indices<2ul, 3ul, 4ul>) + 80
11  Ambient.debug.dylib           	       0x1046368f4 void* std::__1::__thread_proxy[abi:dee210106]<std::__1::tuple<std::__1::unique_ptr<std::__1::__thread_struct, std::__1::default_delete<std::__1::__thread_struct>>, void (audioapi::ThreadPool::*)(audioapi::channels::spsc::Receiver<std::__1::variant<audioapi::ThreadPool::TaskEvent, audioapi::ThreadPool::StopEvent>, (audioapi::channels::spsc::OverflowStrategy)0, (audioapi::channels::spsc::WaitStrategy)2>&&, std::__1::vector<audioapi::channels::spsc::Sender<std::__1::variant<audioapi::ThreadPool::TaskEvent, audioapi::ThreadPool::StopEvent>, (audioapi::channels::spsc::OverflowStrategy)0, (audioapi::channels::spsc::WaitStrategy)2>, std::__1::allocator<audioapi::channels::spsc::Sender<std::__1::variant<audioapi::ThreadPool::TaskEvent, audioapi::ThreadPool::StopEvent>, (audioapi::channels::spsc::OverflowStrategy)0, (audioapi::channels::spsc::WaitStrategy)2>>>&&), audioapi::ThreadPool*, audioapi::channels::spsc::Receiver<std::__1::variant<audioapi::ThreadPool::TaskEvent, audioapi::ThreadPool::StopEvent>, (audioapi::channels::spsc::OverflowStrategy)0, (audioapi::channels::spsc::WaitStrategy)2>, std::__1::vector<audioapi::channels::spsc::Sender<std::__1::variant<audioapi::ThreadPool::TaskEvent, audioapi::ThreadPool::StopEvent>, (audioapi::channels::spsc::OverflowStrategy)0, (audioapi::channels::spsc::WaitStrategy)2>, std::__1::allocator<audioapi::channels::spsc::Sender<std::__1::variant<audioapi::ThreadPool::TaskEvent, audioapi::ThreadPool::StopEvent>, (audioapi::channels::spsc::OverflowStrategy)0, (audioapi::channels::spsc::WaitStrategy)2>>>>>(void*) + 84
12  libsystem_pthread.dylib       	       0x10d4b663c _pthread_start + 104
13  libsystem_pthread.dylib       	       0x10d4b1a34 thread_start + 8

Thread 31:: caulk.messenger.shared:17
0   libsystem_kernel.dylib        	       0x10d314aec semaphore_wait_trap + 8
1   caulk                         	       0x12e68c0f8 caulk::semaphore::timed_wait(double) + 220
2   caulk                         	       0x12e693dfc caulk::concurrent::details::worker_thread::run() + 28
3   caulk                         	       0x12e693e74 void* caulk::thread_proxy<std::__1::tuple<caulk::thread::attributes, void (caulk::concurrent::details::worker_thread::*)(), std::__1::tuple<caulk::concurrent::details::worker_thread*>>>(void*) + 48
4   libsystem_pthread.dylib       	       0x10d4b663c _pthread_start + 104
5   libsystem_pthread.dylib       	       0x10d4b1a34 thread_start + 8

Thread 32:: caulk.messenger.shared:high
0   libsystem_kernel.dylib        	       0x10d314aec semaphore_wait_trap + 8
1   caulk                         	       0x12e68c0f8 caulk::semaphore::timed_wait(double) + 220
2   caulk                         	       0x12e693dfc caulk::concurrent::details::worker_thread::run() + 28
3   caulk                         	       0x12e693e74 void* caulk::thread_proxy<std::__1::tuple<caulk::thread::attributes, void (caulk::concurrent::details::worker_thread::*)(), std::__1::tuple<caulk::concurrent::details::worker_thread*>>>(void*) + 48
4   libsystem_pthread.dylib       	       0x10d4b663c _pthread_start + 104
5   libsystem_pthread.dylib       	       0x10d4b1a34 thread_start + 8

Thread 33:: caulk::deferred_logger
0   libsystem_kernel.dylib        	       0x10d314aec semaphore_wait_trap + 8
1   caulk                         	       0x12e68c0f8 caulk::semaphore::timed_wait(double) + 220
2   caulk                         	       0x12e693dfc caulk::concurrent::details::worker_thread::run() + 28
3   caulk                         	       0x12e693e74 void* caulk::thread_proxy<std::__1::tuple<caulk::thread::attributes, void (caulk::concurrent::details::worker_thread::*)(), std::__1::tuple<caulk::concurrent::details::worker_thread*>>>(void*) + 48
4   libsystem_pthread.dylib       	       0x10d4b663c _pthread_start + 104
5   libsystem_pthread.dylib       	       0x10d4b1a34 thread_start + 8

Thread 34:: com.apple.audio.toolbox.AUScheduledParameterRefresher
0   libsystem_kernel.dylib        	       0x10d314aec semaphore_wait_trap + 8
1   caulk                         	       0x12e68c0f8 caulk::semaphore::timed_wait(double) + 220
2   caulk                         	       0x12e693dfc caulk::concurrent::details::worker_thread::run() + 28
3   caulk                         	       0x12e693e74 void* caulk::thread_proxy<std::__1::tuple<caulk::thread::attributes, void (caulk::concurrent::details::worker_thread::*)(), std::__1::tuple<caulk::concurrent::details::worker_thread*>>>(void*) + 48
4   libsystem_pthread.dylib       	       0x10d4b663c _pthread_start + 104
5   libsystem_pthread.dylib       	       0x10d4b1a34 thread_start + 8

Thread 35:: com.apple.audio.IOThread.client
0   libsystem_kernel.dylib        	       0x10d314b70 mach_msg2_trap + 8
1   libsystem_kernel.dylib        	       0x10d325e5c mach_msg2_internal + 72
2   libsystem_kernel.dylib        	       0x10d31cc44 mach_msg_overwrite + 484
3   libsystem_kernel.dylib        	       0x10d314ef0 mach_msg + 20
4   CoreAudio                     	       0x13498e650 HALC_ProxyIOContext::IOWorkLoop() + 6644
5   CoreAudio                     	       0x13498c5f0 invocation function for block in HALC_ProxyIOContext::HALC_ProxyIOContext(unsigned int, unsigned int) + 180
6   CoreAudio                     	       0x134a6a08c HALC_IOThread::Entry(void*) + 80
7   libsystem_pthread.dylib       	       0x10d4b663c _pthread_start + 104
8   libsystem_pthread.dylib       	       0x10d4b1a34 thread_start + 8

Thread 36:: AURemoteIO::IOThread
0   libsystem_kernel.dylib        	       0x10d314b70 mach_msg2_trap + 8
1   libsystem_kernel.dylib        	       0x10d325e5c mach_msg2_internal + 72
2   libsystem_kernel.dylib        	       0x10d31cc44 mach_msg_overwrite + 484
3   libsystem_kernel.dylib        	       0x10d314ef0 mach_msg + 20
4   libEmbeddedSystemAUs.dylib    	       0x32d63f968 void* caulk::thread_proxy<std::__1::tuple<caulk::thread::attributes, AURemoteIO::IOThread::IOThread(AURemoteIO&, caulk::thread::attributes const&, caulk::mach::os_workgroup_managed const&)::'lambda'(), std::__1::tuple<>>>(void*) + 536
5   libsystem_pthread.dylib       	       0x10d4b663c _pthread_start + 104
6   libsystem_pthread.dylib       	       0x10d4b1a34 thread_start + 8


Thread 0 crashed with ARM Thread State (64-bit):
    x0: 0x0000000000000000   x1: 0x0000000000000000   x2: 0x0000000000000000   x3: 0x0000000000000000
    x4: 0x0000000000000000   x5: 0x000000000000002e   x6: 0x0000000000000000   x7: 0x0000000000000000
    x8: 0x00000001011e9e00   x9: 0x0e57c995aef7fbe5  x10: 0x0000000000000002  x11: 0x00000000fffffffd
   x12: 0x0000000000000000  x13: 0x0000000000000000  x14: 0x0000000000000000  x15: 0x0000000000000000
   x16: 0x0000000000000148  x17: 0x0000000700000000  x18: 0x0000000000000000  x19: 0x0000000000000006
   x20: 0x0000000000000103  x21: 0x00000001011e9ee0  x22: 0x0000000136c18000  x23: 0x000000010577f063
   x24: 0x000000010cc20000  x25: 0x000000016eee76e0  x26: 0xfffa000000000000  x27: 0x000000016eee7878
   x28: 0x0000000108bb4fd0   fp: 0x000000016eee6c30   lr: 0x000000010d4b6338
    sp: 0x000000016eee6c10   pc: 0x000000010d31c88c cpsr: 0x40001000
   far: 0x0000000000000000  esr: 0x56000080 (Syscall)

Binary Images:
       0x100f14000 -        0x100f17fff com.wilsontr.ambient-app (1.0.0) <bc86817e-88bb-34b2-ad90-7adf671f2b41> /Users/USER/Library/Developer/CoreSimulator/Devices/383F3B14-8F97-427A-84B0-6582070EDD33/data/Containers/Bundle/Application/2FB51335-4545-47CF-89F5-BFA34178978E/Ambient.app/Ambient
       0x100fc4000 -        0x101013fff dyld_sim (*) <ba544d9a-46ab-3c59-a00f-aba1479d2079> /Volumes/VOLUME/*/dyld_sim
       0x1044e4000 -        0x1058c3fff Ambient.debug.dylib (*) <a96b6c6f-583f-3288-a92f-6dc8823e1ae7> /Users/USER/Library/Developer/CoreSimulator/Devices/383F3B14-8F97-427A-84B0-6582070EDD33/data/Containers/Bundle/Application/2FB51335-4545-47CF-89F5-BFA34178978E/Ambient.app/Ambient.debug.dylib
       0x100f3c000 -        0x100f3ffff libSystem.B.dylib (*) <35bca977-0843-3658-ab06-30cde1ba559e> /Volumes/VOLUME/*/libSystem.B.dylib
       0x101378000 -        0x101403fff libc++.1.dylib (*) <fd646c4c-99c5-3828-8199-3a66a48ff1a1> /Volumes/VOLUME/*/libc++.1.dylib
       0x100f50000 -        0x100f53fff com.apple.avfoundation (2.0) <0ff6234d-03bc-33b2-9b31-ba9d1a7fbbc9> /Volumes/VOLUME/*/AVFoundation.framework/AVFoundation
       0x101ac8000 -        0x101dcbfff com.apple.AVKit (1.0) <7c33496a-7cb0-3fce-aa91-d4332760e705> /Volumes/VOLUME/*/AVKit.framework/AVKit
       0x100f60000 -        0x100f63fff com.apple.Accelerate (1.11) <676b8a16-2fca-3aeb-877b-974bf500d52a> /Volumes/VOLUME/*/Accelerate.framework/Accelerate
       0x101704000 -        0x101883fff com.apple.audio.toolbox.AudioToolbox (1.8) <85369dbc-8b45-3083-b507-0586c22077e0> /Volumes/VOLUME/*/AudioToolbox.framework/AudioToolbox
       0x102a6c000 -        0x103173fff com.apple.CoreGraphics (2.0) <faa5a64f-fc68-3944-9052-d412e88b8c43> /Volumes/VOLUME/*/CoreGraphics.framework/CoreGraphics
       0x102110000 -        0x102253fff com.apple.CoreMedia (1.0) <349285b5-cf08-3c24-95db-22141ac8dfef> /Volumes/VOLUME/*/CoreMedia.framework/CoreMedia
       0x10237c000 -        0x10241ffff expofilesystem.ExpoFileSystem (1.0) <2f415762-228a-3a92-9ffc-c8735ca238af> /Users/USER/Library/Developer/CoreSimulator/Devices/383F3B14-8F97-427A-84B0-6582070EDD33/data/Containers/Bundle/Application/2FB51335-4545-47CF-89F5-BFA34178978E/Ambient.app/Frameworks/ExpoFileSystem.framework/ExpoFileSystem
       0x101080000 -        0x10108ffff expofont.ExpoFont (1.0) <e377c678-1e39-36db-8d83-1deb25ebddbe> /Users/USER/Library/Developer/CoreSimulator/Devices/383F3B14-8F97-427A-84B0-6582070EDD33/data/Containers/Bundle/Application/2FB51335-4545-47CF-89F5-BFA34178978E/Ambient.app/Frameworks/ExpoFont.framework/ExpoFont
       0x10399c000 -        0x103ba7fff expomodulescore.ExpoModulesCore (1.0) <bb45a0f7-61a8-3270-a30c-017fa3252709> /Users/USER/Library/Developer/CoreSimulator/Devices/383F3B14-8F97-427A-84B0-6582070EDD33/data/Containers/Bundle/Application/2FB51335-4545-47CF-89F5-BFA34178978E/Ambient.app/Frameworks/ExpoModulesCore.framework/ExpoModulesCore
       0x10159c000 -        0x1015e7fff apple.ExpoModulesJSI (1.0) <8051cbe6-5f28-3ef3-81d8-cf9adfe07a64> /Users/USER/Library/Developer/CoreSimulator/Devices/383F3B14-8F97-427A-84B0-6582070EDD33/data/Containers/Bundle/Application/2FB51335-4545-47CF-89F5-BFA34178978E/Ambient.app/Frameworks/ExpoModulesJSI.framework/ExpoModulesJSI
       0x1010bc000 -        0x1010c7fff expomodulesworklets.ExpoModulesWorklets (1.0) <76a5e698-4f16-3656-80ed-53e42ec3af77> /Users/USER/Library/Developer/CoreSimulator/Devices/383F3B14-8F97-427A-84B0-6582070EDD33/data/Containers/Bundle/Application/2FB51335-4545-47CF-89F5-BFA34178978E/Ambient.app/Frameworks/ExpoModulesWorklets.framework/ExpoModulesWorklets
       0x107fc0000 -        0x10849ffff com.apple.ImageIO (3.3.0) <3f851f82-f2ef-3eb4-8ab8-5556ea0e05e9> /Volumes/VOLUME/*/ImageIO.framework/ImageIO
       0x109148000 -        0x10958bfff com.apple.MediaPlayer (1.0) <de3d702e-e6fc-3e24-a939-f20bafe5a81a> /Volumes/VOLUME/*/MediaPlayer.framework/MediaPlayer
       0x101270000 -        0x10128bfff com.apple.MetalKit (173.7) <eb056492-7690-3852-89d6-7f33334d1bd1> /Volumes/VOLUME/*/MetalKit.framework/MetalKit
       0x100f6c000 -        0x100f6ffff com.apple.MobileCoreServices (1226) <927dcc28-5b3b-3a39-af9a-bce3b0a54fe8> /Volumes/VOLUME/*/MobileCoreServices.framework/MobileCoreServices
       0x1033d4000 -        0x1036fffff com.apple.QuartzCore (1195.14.4) <8be360df-f68a-37c7-99ee-ddaf3da9a99f> /Volumes/VOLUME/*/QuartzCore.framework/QuartzCore
       0x10d988000 -        0x10e94ffff react-native.React (1.0) <bbafbeab-4f64-3385-9f08-41a344b7caae> /Users/USER/Library/Developer/CoreSimulator/Devices/383F3B14-8F97-427A-84B0-6582070EDD33/data/Containers/Bundle/Application/2FB51335-4545-47CF-89F5-BFA34178978E/Ambient.app/Frameworks/React.framework/React
       0x103f6c000 -        0x1040c3fff third-party.ReactNativeDependencies (1.0) <d0ba6bdf-3aea-325d-be60-204e292e91b0> /Users/USER/Library/Developer/CoreSimulator/Devices/383F3B14-8F97-427A-84B0-6582070EDD33/data/Containers/Bundle/Application/2FB51335-4545-47CF-89F5-BFA34178978E/Ambient.app/Frameworks/ReactNativeDependencies.framework/ReactNativeDependencies
       0x100f78000 -        0x100f7bfff com.apple.UIKit (1.0) <4636a2d3-3f8d-3e96-94aa-023f16e1e9cc> /Volumes/VOLUME/*/UIKit.framework/UIKit
       0x108820000 -        0x108ba3fff dev.hermesengine.iphonesimulator (1.0.0) <b953e6dc-4bed-32b3-af5d-51afd83e813a> /Users/USER/Library/Developer/CoreSimulator/Devices/383F3B14-8F97-427A-84B0-6582070EDD33/data/Containers/Bundle/Application/2FB51335-4545-47CF-89F5-BFA34178978E/Ambient.app/Frameworks/hermesvm.framework/hermesvm
       0x101484000 -        0x1014ebfff io.qt.ffmpegkit.libavcodec (7.0.2) <57df96ef-352b-389e-9a6c-104c8af60b55> /Users/USER/Library/Developer/CoreSimulator/Devices/383F3B14-8F97-427A-84B0-6582070EDD33/data/Containers/Bundle/Application/2FB51335-4545-47CF-89F5-BFA34178978E/Ambient.app/Frameworks/libavcodec.framework/libavcodec
       0x109a74000 -        0x109f27fff io.qt.ffmpegkit.libavformat (7.0.2) <1aa747b9-4b8f-3c30-8268-6767294d30e7> /Users/USER/Library/Developer/CoreSimulator/Devices/383F3B14-8F97-427A-84B0-6582070EDD33/data/Containers/Bundle/Application/2FB51335-4545-47CF-89F5-BFA34178978E/Ambient.app/Frameworks/libavformat.framework/libavformat
       0x109fbc000 -        0x10a013fff io.qt.ffmpegkit.libavutil (7.0.2) <9749cef3-bae2-3094-933d-a5a43278e8fc> /Users/USER/Library/Developer/CoreSimulator/Devices/383F3B14-8F97-427A-84B0-6582070EDD33/data/Containers/Bundle/Application/2FB51335-4545-47CF-89F5-BFA34178978E/Ambient.app/Frameworks/libavutil.framework/libavutil
       0x100fa4000 -        0x100fb3fff io.qt.ffmpegkit.libswresample (7.0.2) <ec745cab-1fad-346f-9735-372e73f2c041> /Users/USER/Library/Developer/CoreSimulator/Devices/383F3B14-8F97-427A-84B0-6582070EDD33/data/Containers/Bundle/Application/2FB51335-4545-47CF-89F5-BFA34178978E/Ambient.app/Frameworks/libswresample.framework/libswresample
       0x1118a0000 -        0x11334bfff com.apple.JavaScriptCore (8624) <20c06bb8-b3a6-3c6d-9da8-44f6ee53c396> /Volumes/VOLUME/*/JavaScriptCore.framework/JavaScriptCore
       0x113f34000 -        0x114ceffff com.apple.Foundation (6.9) <2cc9fce0-08f9-3a0d-8a2f-6db229462de5> /Volumes/VOLUME/*/Foundation.framework/Foundation
       0x101984000 -        0x1019c3fff libobjc.A.dylib (*) <727c4040-5e6d-3dae-b22c-9a337d46c34f> /Volumes/VOLUME/*/libobjc.A.dylib
       0x102788000 -        0x1028dffff com.apple.audio.AVFAudio (1.0) <27c56d14-d420-3db3-baaf-79afae684d2a> /Volumes/VOLUME/*/AVFAudio.framework/AVFAudio
       0x107a64000 -        0x107bebfff com.apple.AuthenticationServices (12.0) <72818307-8d18-39bd-9aa5-7e0e5f49e123> /Volumes/VOLUME/*/AuthenticationServices.framework/AuthenticationServices
       0x10776c000 -        0x107823fff com.apple.combine (1.0) <adf01cb0-dcca-3309-8e17-6afa06f0fe13> /Volumes/VOLUME/*/Combine.framework/Combine
       0x10ba44000 -        0x10be77fff com.apple.CoreFoundation (6.9) <e74d7b62-0aac-3013-a55b-f15135d4bd2e> /Volumes/VOLUME/*/CoreFoundation.framework/CoreFoundation
       0x10b504000 -        0x10b89ffff com.apple.coremotion (3075.0.8) <c5e28ebf-2bd6-358c-8caf-e4ee62780c9a> /Volumes/VOLUME/*/CoreMotion.framework/CoreMotion
       0x10c44c000 -        0x10c63bfff com.apple.CoreText (877.4.0.7) <384d2572-6e61-33b4-8cbc-fffcb002a1d2> /Volumes/VOLUME/*/CoreText.framework/CoreText
       0x10252c000 -        0x102577fff com.apple.CoreVideo (1.8) <0d0a426e-0f95-36f9-88cc-419a5a7027eb> /Volumes/VOLUME/*/CoreVideo.framework/CoreVideo
       0x1042e8000 -        0x10437ffff com.apple.security.CryptoKit (1.0) <0a2d6cfa-1196-349a-bf84-fa4675d9eca6> /Volumes/VOLUME/*/CryptoKit.framework/CryptoKit
       0x1012bc000 -        0x1012cffff com.apple.IOSurface (393.5.7) <535ad6ac-99aa-3336-9381-4b6876dd3756> /Volumes/VOLUME/*/IOSurface.framework/IOSurface
       0x10ccac000 -        0x10cebffff com.apple.Metal (373.2) <da3bed8b-f22e-3ab0-b0a3-57217aaefa94> /Volumes/VOLUME/*/Metal.framework/Metal
       0x10c780000 -        0x10c94bfff com.apple.Security (10.0) <0af8a4fb-209e-31f7-ba57-f4084c1d23af> /Volumes/VOLUME/*/Security.framework/Security
       0x119350000 -        0x11a4f7fff com.apple.SwiftUI (7.5.3) <2332ef71-3e29-3e60-9849-acdd69b6b8ef> /Volumes/VOLUME/*/SwiftUI.framework/SwiftUI
       0x11c454000 -        0x11d807fff com.apple.WebKit (8624) <d627190a-da4c-3a8e-a608-022203bb8ca9> /Volumes/VOLUME/*/WebKit.framework/WebKit
       0x1025f4000 -        0x10262ffff libswiftAVFoundation.dylib (*) <04f945f8-b385-3e21-86f0-d74f23451bf2> /Volumes/VOLUME/*/libswiftAVFoundation.dylib
       0x108ec4000 -        0x108f77fff libswiftAccelerate.dylib (*) <5903316e-f00d-3867-90f0-d5685fe6f19e> /Volumes/VOLUME/*/libswiftAccelerate.dylib
       0x116bc0000 -        0x117083fff libswiftCore.dylib (*) <278dff77-40c0-3e59-8fe1-7c91fc72144a> /Volumes/VOLUME/*/libswiftCore.dylib
       0x1012f8000 -        0x1012fffff libswiftCoreAudio.dylib (*) <9c1d38e0-888c-394b-9671-f47b6163443f> /Volumes/VOLUME/*/libswiftCoreAudio.dylib
       0x101324000 -        0x10132bfff libswiftCoreFoundation.dylib (*) <44f9ac34-451a-346e-b901-6219dc5e2fa3> /Volumes/VOLUME/*/libswiftCoreFoundation.dylib
       0x100f84000 -        0x100f87fff libswiftCoreImage.dylib (*) <ea95b96c-1532-31f1-a4b2-da18493d4c28> /Volumes/VOLUME/*/libswiftCoreImage.dylib
       0x1026bc000 -        0x1026dbfff libswiftCoreLocation.dylib (*) <fee51bcd-3fe2-3305-9c13-af84f389bdcc> /Volumes/VOLUME/*/libswiftCoreLocation.dylib
       0x1016b4000 -        0x1016bffff libswiftCoreMIDI.dylib (*) <40519410-d98a-36ae-adf6-6ebc340d29dc> /Volumes/VOLUME/*/libswiftCoreMIDI.dylib
       0x10b040000 -        0x10b097fff libswiftCoreMedia.dylib (*) <554c2d3c-5f1d-3899-a257-f0628aa03b04> /Volumes/VOLUME/*/libswiftCoreMedia.dylib
       0x1010ec000 -        0x1010effff libswiftDarwin.dylib (*) <615dc6a5-1547-39e7-b8e7-e55597e5fd82> /Volumes/VOLUME/*/libswiftDarwin.dylib
       0x1029e4000 -        0x1029fbfff libswiftDispatch.dylib (*) <6b31fdba-bd10-3cb3-a2c1-e12bc5553360> /Volumes/VOLUME/*/libswiftDispatch.dylib
       0x1019f4000 -        0x1019fbfff libswiftMetal.dylib (*) <7f7e43ff-9a80-38ed-8aa8-7200f227138b> /Volumes/VOLUME/*/libswiftMetal.dylib
       0x101100000 -        0x101103fff libswiftOSLog.dylib (*) <ccee512a-7781-3c2b-9428-fb82f1f375b2> /Volumes/VOLUME/*/libswiftOSLog.dylib
       0x10135c000 -        0x10135ffff libswiftObjectiveC.dylib (*) <bedd74de-8419-3529-965f-f47985ca2e31> /Volumes/VOLUME/*/libswiftObjectiveC.dylib
       0x101114000 -        0x101117fff libswiftQuartzCore.dylib (*) <91515f0e-2ca1-3116-b7d6-a3a5615a7039> /Volumes/VOLUME/*/libswiftQuartzCore.dylib
       0x101a48000 -        0x101a53fff libswiftRegexBuilder.dylib (*) <6958fffa-fd0f-3c7c-b4f2-0b20b1a38fb4> /Volumes/VOLUME/*/libswiftRegexBuilder.dylib
       0x10b1b4000 -        0x10b21ffff libswiftSpatial.dylib (*) <41018f6a-79b1-34f5-bd0a-c8a05679d789> /Volumes/VOLUME/*/libswiftSpatial.dylib
       0x102728000 -        0x102737fff libswiftUniformTypeIdentifiers.dylib (*) <e52a9a30-bfdc-3da0-96d5-98646a0c42d2> /Volumes/VOLUME/*/libswiftUniformTypeIdentifiers.dylib
       0x10798c000 -        0x1079cffff libswiftXPC.dylib (*) <6ff16216-5fcc-3d53-92b1-3defe4ebb7de> /Volumes/VOLUME/*/libswiftXPC.dylib
       0x107d6c000 -        0x107dd3fff libswift_Concurrency.dylib (*) <c37acaad-0da6-3bd4-857e-b3ed6b6f16f3> /Volumes/VOLUME/*/libswift_Concurrency.dylib
       0x10b2ec000 -        0x10b363fff libswift_StringProcessing.dylib (*) <044b2024-fcb9-3e07-a6bd-3eb5aba02b52> /Volumes/VOLUME/*/libswift_StringProcessing.dylib
       0x1043e4000 -        0x1043fffff libswiftos.dylib (*) <1d3376b8-9a80-3a59-9d0c-73be3d9b27f8> /Volumes/VOLUME/*/libswiftos.dylib
       0x104440000 -        0x104457fff libswiftsimd.dylib (*) <efe4acbb-6f18-3ef7-a194-a53882cacfac> /Volumes/VOLUME/*/libswiftsimd.dylib
       0x100f98000 -        0x100f9bfff libswiftCoreGraphics.dylib (*) <935b9148-ad72-3049-91a7-ab7da0131c0a> /Volumes/VOLUME/*/libswiftCoreGraphics.dylib
       0x10158c000 -        0x10158ffff libswiftUIKit.dylib (*) <710be927-bac3-3b9e-b7ce-dbe0c5e8e2a5> /Volumes/VOLUME/*/libswiftUIKit.dylib
       0x11ed7c000 -        0x1202f3fff com.apple.Network (1.0) <29784682-6190-373a-a6f4-d6e5dbb30bd4> /Volumes/VOLUME/*/Network.framework/Network
       0x103914000 -        0x10392ffff libc++abi.dylib (*) <ca04d801-3e4b-3a57-aead-0a5eb2db0671> /Volumes/VOLUME/*/libc++abi.dylib
       0x1016ec000 -        0x1016f3fff libcache.dylib (*) <18cb5f7e-4707-3df5-8858-d413a8c30ead> /Volumes/VOLUME/*/libcache.dylib
       0x101a78000 -        0x101a87fff libcommonCrypto.dylib (*) <0ec99a76-d288-36e6-8c86-9320744497d3> /Volumes/VOLUME/*/libcommonCrypto.dylib
       0x101a18000 -        0x101a1bfff libcompiler_rt.dylib (*) <5539b26b-6fa7-341f-9c21-25f04bc8138b> /Volumes/VOLUME/*/libcompiler_rt.dylib
       0x101aa0000 -        0x101aabfff libcopyfile.dylib (*) <6c335dd0-6ad0-3df6-a206-9f8e0adc2775> /Volumes/VOLUME/*/libcopyfile.dylib
       0x10b3f8000 -        0x10b4a3fff libcorecrypto.dylib (*) <730b0835-7d7b-35a3-b73e-7fc1d2c4403e> /Volumes/VOLUME/*/libcorecrypto.dylib
       0x107f04000 -        0x107f4bfff libdispatch.dylib (*) <42b50931-38d5-3a5d-90ef-0fd7239c408d> /Volumes/VOLUME/*/libdispatch.dylib
       0x1090d8000 -        0x109103fff libdyld.dylib (*) <2b7568e6-5eee-33e0-b471-2fdaae4ff448> /Volumes/VOLUME/*/libdyld.dylib
       0x101a2c000 -        0x101a2ffff libmacho.dylib (*) <fe0bf4dc-7db2-3fab-80f3-f07d856a6414> /Volumes/VOLUME/*/libmacho.dylib
       0x102768000 -        0x10276bfff libremovefile.dylib (*) <75f9cee8-c230-37d7-b8a0-030d2cd40964> /Volumes/VOLUME/*/libremovefile.dylib
       0x104494000 -        0x1044abfff libsystem_asl.dylib (*) <1e052c18-f23a-3780-8dbc-38155de2b31a> /Volumes/VOLUME/*/libsystem_asl.dylib
       0x10395c000 -        0x10395ffff libsystem_blocks.dylib (*) <a5fdf1ff-b793-3574-8903-d24571eacd25> /Volumes/VOLUME/*/libsystem_blocks.dylib
       0x10cb9c000 -        0x10cc1bfff libsystem_c.dylib (*) <05f4b01b-e685-39fa-93f3-de10cd9b511a> /Volumes/VOLUME/*/libsystem_c.dylib
       0x103978000 -        0x10397ffff libsystem_collections.dylib (*) <06537bb0-a40f-3f9d-b2cf-7ac91a08073d> /Volumes/VOLUME/*/libsystem_collections.dylib
       0x102a50000 -        0x102a53fff libsystem_configuration.dylib (*) <ff160b5b-bed6-3deb-9262-8d782365ce7d> /Volumes/VOLUME/*/libsystem_configuration.dylib
       0x10b9cc000 -        0x10b9fffff libsystem_containermanager.dylib (*) <13711693-a3b5-3d1c-a3ec-2b5748d8f402> /Volumes/VOLUME/*/libsystem_containermanager.dylib
       0x1044c4000 -        0x1044c7fff libsystem_coreservices.dylib (*) <69c961ba-ae03-3c41-8e83-5105c19d534e> /Volumes/VOLUME/*/libsystem_coreservices.dylib
       0x107e68000 -        0x107e73fff libsystem_darwin.dylib (*) <c063c99f-5786-3246-a3d5-1fdb58b6e724> /Volumes/VOLUME/*/libsystem_darwin.dylib
       0x107e8c000 -        0x107e97fff libsystem_dnssd.dylib (*) <182d0639-7968-31d5-a78f-d883b2c7ea1e> /Volumes/VOLUME/*/libsystem_dnssd.dylib
       0x107ea8000 -        0x107eb3fff libsystem_eligibility.dylib (*) <31e55943-3ed0-3940-8c4a-3a33275073b1> /Volumes/VOLUME/*/libsystem_eligibility.dylib
       0x107a3c000 -        0x107a3ffff libsystem_featureflags.dylib (*) <fff724a7-f6d0-3400-bfac-d50395d8ac1c> /Volumes/VOLUME/*/libsystem_featureflags.dylib
       0x10cb30000 -        0x10cb57fff libsystem_info.dylib (*) <29821f88-c763-338e-a4cc-4fb7c6fb5d35> /Volumes/VOLUME/*/libsystem_info.dylib
       0x10d1d8000 -        0x10d217fff libsystem_m.dylib (*) <f7674b20-d879-3915-999d-4798f27c2171> /Volumes/VOLUME/*/libsystem_m.dylib
       0x10d2a0000 -        0x10d2e7fff libsystem_malloc.dylib (*) <f71aeb05-0d59-37ba-b0f2-457432bb09b5> /Volumes/VOLUME/*/libsystem_malloc.dylib
       0x10cae8000 -        0x10cb03fff libsystem_networkextension.dylib (*) <e891b1d0-57b3-3a83-ae97-d1d96b2da2ec> /Volumes/VOLUME/*/libsystem_networkextension.dylib
       0x10cb78000 -        0x10cb87fff libsystem_notify.dylib (*) <0a12237c-b994-34f8-aa5b-2421516467bf> /Volumes/VOLUME/*/libsystem_notify.dylib
       0x107ee0000 -        0x107ee7fff libsystem_sandbox.dylib (*) <80656448-a78b-306e-8325-b5fb11634505> /Volumes/VOLUME/*/libsystem_sandbox.dylib
       0x107fa0000 -        0x107fa7fff libsystem_sanitizers.dylib (*) <40b6bbaa-61ac-34c6-a2e1-fb3abc4f13d4> /Volumes/VOLUME/*/libsystem_sanitizers.dylib
       0x10b4ec000 -        0x10b4effff libsystem_sim_kernel.dylib (*) <488d759c-27ac-3544-9519-c1e4514ffb61> /Volumes/VOLUME/*/libsystem_sim_kernel.dylib
       0x10ba28000 -        0x10ba2bfff libsystem_sim_platform.dylib (*) <cd88b0bf-7a62-37b3-8604-97dd221779f4> /Volumes/VOLUME/*/libsystem_sim_platform.dylib
       0x107a50000 -        0x107a53fff libsystem_sim_pthread.dylib (*) <8299108f-5505-3232-a6db-9cdc00ccbee8> /Volumes/VOLUME/*/libsystem_sim_pthread.dylib
       0x10d22c000 -        0x10d24bfff libsystem_trace.dylib (*) <4138f7ef-2588-38b1-9977-1502a60e2e36> /Volumes/VOLUME/*/libsystem_trace.dylib
       0x102778000 -        0x10277bfff libsystem_trial.dylib (*) <f08c1e0a-6ae0-3853-accc-16db5af83e32> /Volumes/VOLUME/*/libsystem_trial.dylib
       0x10cc54000 -        0x10cc5bfff libunwind.dylib (*) <c4187425-764f-3506-a411-5102b50ae804> /Volumes/VOLUME/*/libunwind.dylib
       0x10d3a4000 -        0x10d3ebfff libxpc.dylib (*) <ff603b08-461e-35c4-82e6-3ad8e5d12848> /Volumes/VOLUME/*/libxpc.dylib
       0x107ec4000 -        0x107ec7fff libsystem_sim_platform_host.dylib (*) <0e3b310f-5f2f-3902-9055-ce9ddb9530e4> /Volumes/VOLUME/*/libsystem_sim_platform_host.dylib
       0x10cc6c000 -        0x10cc77fff libsystem_platform.dylib (*) <0831b8d2-190f-31fc-9eb6-ea8ba11fe47b> /usr/lib/system/libsystem_platform.dylib
       0x10d314000 -        0x10d34ffff libsystem_kernel.dylib (*) <856091df-df82-3985-9695-28eac306bcb5> /usr/lib/system/libsystem_kernel.dylib
       0x10cb20000 -        0x10cb23fff libsystem_sim_kernel_host.dylib (*) <44bb20ac-1ee2-358d-b7c2-d0fe2ea626c3> /Volumes/VOLUME/*/libsystem_sim_kernel_host.dylib
       0x10cc98000 -        0x10cc9bfff libsystem_sim_pthread_host.dylib (*) <0f1e6a3a-cb26-3182-81c4-fe321f9aea69> /Volumes/VOLUME/*/libsystem_sim_pthread_host.dylib
       0x10d4b0000 -        0x10d4bffff libsystem_pthread.dylib (*) <1e522024-387b-3d18-81ca-f4559198954b> /usr/lib/system/libsystem_pthread.dylib
       0x10d590000 -        0x10d5d3fff com.apple.CoreAutoLayout (1.0) <019c74a5-8186-357b-9d04-15223347cdb3> /Volumes/VOLUME/*/CoreAutoLayout.framework/CoreAutoLayout
       0x10d714000 -        0x10d7e7fff libcompression.dylib (*) <fb37cba8-ee5b-3937-91d0-6cb3112f7d7f> /Volumes/VOLUME/*/libcompression.dylib
       0x117468000 -        0x1177dbfff com.apple.CFNetwork (1.0) <799e3578-e022-31f3-86af-938cea488909> /Volumes/VOLUME/*/CFNetwork.framework/CFNetwork
       0x116340000 -        0x116437fff libarchive.2.dylib (*) <fa5eb6ee-7e58-30c7-b0e0-248f778167b8> /Volumes/VOLUME/*/libarchive.2.dylib
       0x117a7c000 -        0x117d2ffff libicucore.A.dylib (*) <318b67c1-a854-3b53-a06d-dbdd2efbd54c> /Volumes/VOLUME/*/libicucore.A.dylib
       0x1164a4000 -        0x116583fff libxml2.2.dylib (*) <457691c9-0574-3733-aba1-fc07680cee1c> /Volumes/VOLUME/*/libxml2.2.dylib
       0x10d26c000 -        0x10d26ffff liblangid.dylib (*) <87cf3ee4-1a8f-3eaa-8c46-d9911fc4777f> /Volumes/VOLUME/*/liblangid.dylib
       0x1165d4000 -        0x116677fff com.apple.framework.IOKit (2.0.2) <21ab2359-deec-3444-94fe-b7257e43be34> /Volumes/VOLUME/*/IOKit.framework/Versions/A/IOKit
       0x1166ec000 -        0x1167f7fff com.apple.CollectionsInternal (1.2.0) <79983626-9e50-3559-8509-7c9d56c4f467> /Volumes/VOLUME/*/CollectionsInternal.framework/CollectionsInternal
       0x10d460000 -        0x10d467fff com.apple.ReflectionInternal (1.0.0) <7041477f-2198-3e3e-bb81-4bdb6e6e5920> /Volumes/VOLUME/*/ReflectionInternal.framework/ReflectionInternal
       0x10d800000 -        0x10d813fff com.apple.RuntimeInternal (1.0.0) <9aabf4fa-0106-3224-8f53-e82b3cf9a177> /Volumes/VOLUME/*/RuntimeInternal.framework/RuntimeInternal
       0x10d280000 -        0x10d283fff com.apple.SoftLinking (1.0) <3c7a8698-b4e2-3f0c-b540-329b1154d5b5> /Volumes/VOLUME/*/SoftLinking.framework/SoftLinking
       0x10d688000 -        0x10d69ffff libswiftSystem.dylib (*) <52b9c2a8-04a8-3a4a-b3e1-0a85544465f4> /Volumes/VOLUME/*/libswiftSystem.dylib
       0x10d380000 -        0x10d383fff libswift_Builtin_float.dylib (*) <66b61ecc-1aae-3dbf-acfb-37baa867b8d5> /Volumes/VOLUME/*/libswift_Builtin_float.dylib
       0x10d48c000 -        0x10d48ffff libswift_DarwinFoundation1.dylib (*) <e672c826-dbc9-3df8-9bd2-c275d434dc77> /Volumes/VOLUME/*/libswift_DarwinFoundation1.dylib
       0x10d8e8000 -        0x10d917fff com.apple.CoreServicesInternal (505) <d9600ba2-caa8-363e-b89e-2fd636fb3847> /Volumes/VOLUME/*/CoreServicesInternal.framework/CoreServicesInternal
       0x1182cc000 -        0x118507fff com.apple.CoreServices (839) <27d2320d-91df-3974-a815-fbee4375327a> /Volumes/VOLUME/*/CoreServices.framework/CoreServices
       0x10d628000 -        0x10d647fff com.apple.GenerationalStorage (2.0) <fec28243-b13f-3ae7-a919-641e01abb1b1> /Volumes/VOLUME/*/GenerationalStorage.framework/GenerationalStorage
       0x1168f8000 -        0x11693ffff com.apple.CacheDelete (1.0) <02946ecf-08d1-34a3-a192-ddf01a3fe9ef> /Volumes/VOLUME/*/CacheDelete.framework/CacheDelete
       0x116a34000 -        0x116a7ffff com.apple.QuickLookThumbnailing (1.0) <9ad6cb57-aed9-380f-9246-3390ec167c77> /Volumes/VOLUME/*/QuickLookThumbnailing.framework/QuickLookThumbnailing
       0x118724000 -        0x1188cbfff com.apple.FileProvider (4018.120.24) <234c94f1-94fc-371e-86ad-f41b4bd77389> /Volumes/VOLUME/*/FileProvider.framework/FileProvider
       0x118aa4000 -        0x118c07fff com.apple.desktopservices (26.0) <0c1d318e-4d30-3e29-9dd9-6c6ca559ac63> /Volumes/VOLUME/*/DesktopServicesPriv.framework/DesktopServicesPriv
       0x117fac000 -        0x118047fff com.apple.InstalledContentLibrary (1.0) <ebcc8849-11f0-3e03-827a-872f590a32db> /Volumes/VOLUME/*/InstalledContentLibrary.framework/InstalledContentLibrary
       0x118d50000 -        0x118e2ffff com.apple.BaseBoard (732.1.1) <ef3a155d-7fdc-30f0-ae49-334bfde137c4> /Volumes/VOLUME/*/BaseBoard.framework/BaseBoard
       0x10d548000 -        0x10d55bfff libbsm.0.dylib (*) <eb366428-deeb-363b-b2bb-8af1f449d80c> /Volumes/VOLUME/*/libbsm.0.dylib
       0x119100000 -        0x1192a7fff libsqlite3.dylib (*) <af1b9a79-62ce-378f-a26f-7010b58d32e7> /Volumes/VOLUME/*/libsqlite3.dylib
       0x116980000 -        0x1169b7fff com.apple.CSStore (1141.1) <afae4407-6522-3bb5-ae33-785b59ba6414> /Volumes/VOLUME/*/CoreServicesStore.framework/CoreServicesStore
       0x117e74000 -        0x117ef3fff com.apple.SystemConfiguration (1.21) <374cddd1-fae2-39a7-b824-6f019733eb4f> /Volumes/VOLUME/*/SystemConfiguration.framework/SystemConfiguration
       0x1181d8000 -        0x11821ffff libMobileGestalt.dylib (*) <06ea7bbc-e1ab-355c-a64d-5bebf4b405e2> /Volumes/VOLUME/*/libMobileGestalt.dylib
       0x10d290000 -        0x10d293fff com.apple.MobileSystemServices (1.0) <ecafab0e-3e22-3aa6-ae28-abf59a903834> /Volumes/VOLUME/*/MobileSystemServices.framework/MobileSystemServices
       0x116ae8000 -        0x116b07fff com.apple.SecurityFoundation (1.0) <17272020-d603-30b2-a87b-52b7923282f3> /Volumes/VOLUME/*/SecurityFoundation.framework/SecurityFoundation
       0x116870000 -        0x11688bfff com.apple.ProtocolBuffer (1) <1f55aefd-a729-39e8-a1bc-649835effdd8> /Volumes/VOLUME/*/ProtocolBuffer.framework/ProtocolBuffer
       0x10d570000 -        0x10d57bfff libCoreEntitlements.dylib (*) <e7ed9f21-420a-3cc7-bfa3-e1ae0cabdbd2> /Volumes/VOLUME/*/libCoreEntitlements.dylib
       0x118f10000 -        0x118f6bfff com.apple.MessageSecurity (1.0) <0322f83f-d7ce-3911-bd3b-b93fc4927322> /Volumes/VOLUME/*/MessageSecurity.framework/MessageSecurity
       0x120e00000 -        0x120f33fff com.apple.managedconfiguration (1.0) <7f897721-c6ab-3540-8439-7bdf5267f18a> /Volumes/VOLUME/*/ManagedConfiguration.framework/ManagedConfiguration
       0x11815c000 -        0x11819ffff com.apple.CloudServices (1.0) <0e58c800-0298-324d-90f3-b37720e8caf0> /Volumes/VOLUME/*/CloudServices.framework/CloudServices
       0x118fe4000 -        0x119013fff com.apple.analyticsd (1.0) <b046feda-a519-3e34-ac58-7633b837433f> /Volumes/VOLUME/*/CoreAnalytics.framework/CoreAnalytics
       0x10d8b0000 -        0x10d8c7fff libcoretls.dylib (*) <bc448f46-4618-3b38-8af3-e8c9971f65de> /Volumes/VOLUME/*/libcoretls.dylib
       0x10d394000 -        0x10d397fff libcoretls_cfhelpers.dylib (*) <120cea67-6ae4-308e-956c-c1edbab06f0c> /Volumes/VOLUME/*/libcoretls_cfhelpers.dylib
       0x117f4c000 -        0x117f6bfff com.apple.BackgroundSystemTasks (1.0) <8e596b21-5d6d-35bc-92c9-c01e2cfe0ede> /Volumes/VOLUME/*/BackgroundSystemTasks.framework/BackgroundSystemTasks
       0x120c80000 -        0x120d07fff com.apple.LoggingSupport (1.0) <c0411e1d-ef35-39bf-823e-19819f70b0c3> /Volumes/VOLUME/*/LoggingSupport.framework/LoggingSupport
       0x12125c000 -        0x121337fff com.apple.Rapport (7.1) <451659e9-eb0e-3d44-b9d1-dd1ec4b850a2> /Volumes/VOLUME/*/Rapport.framework/Rapport
       0x12108c000 -        0x1210ebfff com.apple.RunningBoardServices (1.0) <02f5e55c-7232-3ad7-9bd0-329ca1ce87b3> /Volumes/VOLUME/*/RunningBoardServices.framework/RunningBoardServices
       0x121610000 -        0x12175bfff com.apple.SwiftData (1.0) <2449226e-2e13-3ad7-8ae3-5a808ecd2224> /Volumes/VOLUME/*/SwiftData.framework/SwiftData
       0x1168b0000 -        0x1168c3fff com.apple.UniformTypeIdentifiers (709) <efa43886-3f7c-308a-9cb9-18ae459003e4> /Volumes/VOLUME/*/UniformTypeIdentifiers.framework/UniformTypeIdentifiers
       0x116b58000 -        0x116b77fff com.apple.UserManagement (1.0) <8749dfa9-1773-3374-9ba4-393aa711f4a7> /Volumes/VOLUME/*/UserManagement.framework/UserManagement
       0x1217fc000 -        0x1218cbfff libboringssl.dylib (*) <f594fbf9-eb6e-3d86-995e-bc88ea5ee368> /Volumes/VOLUME/*/libboringssl.dylib
       0x10d6ec000 -        0x10d6f3fff libcupolicy.dylib (*) <a1114a57-45ad-3b92-b9ef-f70fdb67e08b> /Volumes/VOLUME/*/libcupolicy.dylib
       0x119050000 -        0x119093fff libnetworkextension.dylib (*) <a95474b4-7c61-3624-ba07-30444a336ac1> /Volumes/VOLUME/*/libnetworkextension.dylib
       0x121e84000 -        0x12213bfff com.apple.NetworkExtension (1.0) <cac1760f-43bc-3641-96d2-287d061fc57a> /Volumes/VOLUME/*/NetworkExtension.framework/NetworkExtension
       0x121994000 -        0x121a6ffff libquic.dylib (*) <b1ded2da-10cc-3669-b93b-42fb9b121b38> /Volumes/VOLUME/*/libquic.dylib
       0x12117c000 -        0x1211e7fff libusrtcp.dylib (*) <f3d7cfb2-749b-3e5d-bb0d-30db6394a78d> /Volumes/VOLUME/*/libusrtcp.dylib
       0x10d950000 -        0x10d967fff libapple_nghttp2.dylib (*) <6100d608-7225-3f28-acb0-08910d38015b> /Volumes/VOLUME/*/libapple_nghttp2.dylib
       0x1169f4000 -        0x116a03fff libz.1.dylib (*) <95c9d6e9-9db3-3036-9573-fd45580f28fb> /Volumes/VOLUME/*/libz.1.dylib
       0x116b98000 -        0x116ba7fff com.apple.AtomicsInternal (1.1.0) <b1234974-3b34-3464-856d-fbdcc2daafc0> /Volumes/VOLUME/*/AtomicsInternal.framework/AtomicsInternal
       0x121ac4000 -        0x121bb3fff com.apple.InternalSwiftProtobuf (1.0) <4c8f8d3b-7911-3940-a7a2-ffd9c61b3083> /Volumes/VOLUME/*/InternalSwiftProtobuf.framework/InternalSwiftProtobuf
       0x11811c000 -        0x11812bfff libswiftDistributed.dylib (*) <d3c1c414-652c-3423-a60f-f78f3d9d56c8> /Volumes/VOLUME/*/libswiftDistributed.dylib
       0x1190c8000 -        0x1190d7fff libswiftObservation.dylib (*) <d8296875-a587-3665-b27f-6c2143b8f126> /Volumes/VOLUME/*/libswiftObservation.dylib
       0x120b74000 -        0x120b87fff libswiftSynchronization.dylib (*) <5bbe41de-a274-3e1f-9162-b21fedc5a2e7> /Volumes/VOLUME/*/libswiftSynchronization.dylib
       0x121430000 -        0x121487fff com.apple.DuetActivityScheduler (1.0) <6cc0b760-4955-3f74-b826-1eed78e2c653> /Volumes/VOLUME/*/DuetActivityScheduler.framework/DuetActivityScheduler
       0x121c60000 -        0x121ccbfff com.apple.private.NanoRegistry (1.0) <3768e028-105c-3305-97c2-8ab2033bb507> /Volumes/VOLUME/*/NanoRegistry.framework/NanoRegistry
       0x120bb0000 -        0x120bdbfff com.apple.AppConduit (1.0) <c636b6e2-8d77-374d-9d76-458f70fa276a> /Volumes/VOLUME/*/AppConduit.framework/AppConduit
       0x10d670000 -        0x10d673fff com.apple.AggregateDictionary (1.0) <0ed507a0-73a4-3093-80fb-883e80d001f9> /Volumes/VOLUME/*/AggregateDictionary.framework/AggregateDictionary
       0x121d54000 -        0x121da3fff com.apple.coreduetcontext (1.0) <53d6d3ec-e3e7-3312-bcbe-15bdf349d193> /Volumes/VOLUME/*/CoreDuetContext.framework/CoreDuetContext
       0x1180e4000 -        0x1180f3fff com.apple.datamigration (1.0) <f12225ad-0121-3ae8-b94a-c97f9643390c> /Volumes/VOLUME/*/DataMigration.framework/DataMigration
       0x1233b8000 -        0x123beffff com.apple.BiomeLibrary (*) <4a749063-e112-3444-bd7a-22261c9be479> /Volumes/VOLUME/*/BiomeLibrary.framework/BiomeLibrary
       0x12279c000 -        0x12299bfff com.apple.CoreDuet (1.0) <ea79bfde-3ef1-3199-b2c4-283f476c40c4> /Volumes/VOLUME/*/CoreDuet.framework/CoreDuet
       0x124eec000 -        0x125407fff com.apple.biome.BiomeStreams (1.0) <3cc01903-c85d-3e6f-9548-6643e4baf851> /Volumes/VOLUME/*/BiomeStreams.framework/BiomeStreams
       0x122378000 -        0x1223c7fff com.apple.biome.BiomeFoundation (1.0) <39ee6d18-6c1f-3862-a337-98f03a4545c5> /Volumes/VOLUME/*/BiomeFoundation.framework/BiomeFoundation
       0x12242c000 -        0x122483fff com.apple.biome.BiomePubSub (1.0) <8d3bb3ad-999e-385c-8049-c473504c505d> /Volumes/VOLUME/*/BiomePubSub.framework/BiomePubSub
       0x1192f0000 -        0x11930ffff liblzma.5.dylib (*) <3345e05b-95ba-3b4d-a854-5a008433dd58> /Volumes/VOLUME/*/liblzma.5.dylib
       0x120c44000 -        0x120c57fff com.apple.NanoPreferencesSync (1.0) <8396a331-3c69-3007-b913-0deb5315d5b8> /Volumes/VOLUME/*/NanoPreferencesSync.framework/NanoPreferencesSync
       0x121580000 -        0x1215bffff com.apple.MobileInstallation (2.0) <34784e13-a132-3be7-81cd-35e98e3239d3> /Volumes/VOLUME/*/MobileInstallation.framework/MobileInstallation
       0x1214fc000 -        0x121523fff com.apple.PairedDeviceRegistry (1.0) <b7fc181e-3db9-3b1e-8007-33744d5fe107> /Volumes/VOLUME/*/PairedDeviceRegistry.framework/PairedDeviceRegistry
       0x116a10000 -        0x116a17fff libswiftCompression.dylib (*) <436792f8-84e1-3128-8ee1-2f5489944487> /Volumes/VOLUME/*/libswiftCompression.dylib
       0x1225c0000 -        0x12262ffff com.apple.bom (14.0) <66688700-4efd-3f16-9634-f37aef57374b> /Volumes/VOLUME/*/Bom.framework/Bom
       0x122bc0000 -        0x122c1bfff com.apple.IconFoundation (494) <d9e43c3d-0e1f-32b8-8765-d65e1515d215> /Volumes/VOLUME/*/IconFoundation.framework/IconFoundation
       0x119320000 -        0x11932bfff libbz2.1.0.dylib (*) <9ed5059a-b841-32f1-a400-8e9f271495bf> /Volumes/VOLUME/*/libbz2.1.0.dylib
       0x122664000 -        0x1226cbfff libParallelCompression.dylib (*) <0a4fb0f9-6e92-3f71-98f2-2f728fe254a3> /Volumes/VOLUME/*/libParallelCompression.dylib
       0x122d50000 -        0x122de7fff libAppleArchive.dylib (*) <0f428694-62d5-34f7-b68c-d69167bf2018> /Volumes/VOLUME/*/libAppleArchive.dylib
       0x10d898000 -        0x10d89ffff libiconv.2.dylib (*) <e79ffd8e-88ef-364a-a6ee-e3aa898f064b> /Volumes/VOLUME/*/libiconv.2.dylib
       0x10d880000 -        0x10d883fff libcharset.1.dylib (*) <6658215e-301a-3204-a60c-0f70f5d582df> /Volumes/VOLUME/*/libcharset.1.dylib
       0x122e18000 -        0x122e7ffff com.apple.cocoa.IconRendering (1.0) <10460c2f-185d-38f9-b2be-55f584474a35> /Volumes/VOLUME/*/IconRendering.framework/IconRendering
       0x1230f4000 -        0x123177fff com.apple.SFSymbolsFramework (1) <819c4526-167c-31a0-9d92-4ba2e1b6f6cf> /Volumes/VOLUME/*/SFSymbols.framework/SFSymbols
       0x12466c000 -        0x124797fff com.apple.CoreUI (1.0) <3e3d5876-25c1-301b-9951-0171503980fb> /Volumes/VOLUME/*/CoreUI.framework/CoreUI
       0x1261e8000 -        0x126683fff com.apple.CoreImage (19.0.0) <cb5d4257-a9da-3c24-a892-4b53c6c04279> /Volumes/VOLUME/*/CoreImage.framework/CoreImage
       0x120d8c000 -        0x120d9ffff com.apple.dt.DeveloperToolsSupport (23.40.26) <c39a6a22-0195-3f82-b00a-4e5266fe59a9> /Volumes/VOLUME/*/DeveloperToolsSupport.framework/DeveloperToolsSupport
       0x124b7c000 -        0x124ce7fff com.apple.RenderBox (7.4.25) <208cb2c6-a896-3bc7-9742-ab21e55b5b4c> /Volumes/VOLUME/*/RenderBox.framework/RenderBox
       0x12251c000 -        0x122553fff com.apple.CoreSVG (1.0) <07af424f-05af-3d53-b64d-f4dbf15965bb> /Volumes/VOLUME/*/CoreSVG.framework/CoreSVG
       0x122ed8000 -        0x122f6ffff com.apple.TextureIO (3.10.12) <552b33a5-1d90-3cc6-9440-3c439a08e5cb> /Volumes/VOLUME/*/TextureIO.framework/TextureIO
       0x1248e0000 -        0x124a63fff com.apple.ColorSync (4.13.0) <c13a197d-40e1-3553-94a5-0ff3488ee530> /Volumes/VOLUME/*/ColorSync.framework/ColorSync
       0x120dc0000 -        0x120dcffff com.apple.opengles (23.1.1) <3c12d848-bcc8-3b4c-a930-06aec2473400> /Volumes/VOLUME/*/OpenGLES.framework/OpenGLES
       0x1168e4000 -        0x1168e7fff com.apple.MetalPerformanceShaders.MetalPerformanceShaders (1.0) <61b163ae-1acb-3312-a40c-29ca734d2a04> /Volumes/VOLUME/*/MetalPerformanceShaders.framework/MetalPerformanceShaders
       0x12120c000 -        0x12121bfff com.apple.GraphVisualizer (1.0) <9864fca7-0668-3b53-944f-f3089bbe97a4> /Volumes/VOLUME/*/GraphVisualizer.framework/GraphVisualizer
       0x1269b8000 -        0x126e4ffff com.apple.VideoToolbox (1.0) <18cfa6e5-f151-326e-8ed4-b69c57d47a3e> /Volumes/VOLUME/*/VideoToolbox.framework/VideoToolbox
       0x1226f4000 -        0x122737fff com.apple.AppleJPEG (1.0) <87b4ff35-0f75-3b2d-bfb0-19a3d4789ccd> /Volumes/VOLUME/*/AppleJPEG.framework/AppleJPEG
       0x121e0c000 -        0x121e27fff libexpat.1.dylib (*) <87229499-3658-3dc7-acc0-c801ca584353> /Volumes/VOLUME/*/libexpat.1.dylib
       0x122fa0000 -        0x123027fff libate.dylib (*) <b376feaf-79b3-36d6-a323-24d38fa42cd0> /Volumes/VOLUME/*/libate.dylib
       0x126f64000 -        0x1271fbfff libFontParser.dylib (*) <fc371824-605c-3fef-a834-2f93ba870139> /Volumes/VOLUME/*/FontServices.framework/libFontParser.dylib
       0x122cdc000 -        0x122cf7fff libhvf.dylib (*) <2c742cf4-4a39-3f81-a906-785ace4dbe28> /Volumes/VOLUME/*/libhvf.dylib
       0x12450c000 -        0x1245e3fff com.apple.ParsingInternal (0.0.1) <a481b606-b9f5-3604-b53a-2d7845906c58> /Volumes/VOLUME/*/ParsingInternal.framework/ParsingInternal
       0x122754000 -        0x122777fff com.apple.applesauce (1.0) <5e39b5b7-e3e8-368a-967d-1f9805e1b4c0> /Volumes/VOLUME/*/AppleSauce.framework/AppleSauce
       0x127364000 -        0x12770ffff com.apple.vImage (8.1) <b781652e-4892-34c1-9f0e-10dd4aaee111> /Volumes/VOLUME/*/Accelerate.framework/Frameworks/vImage.framework/vImage
       0x103990000 -        0x103993fff com.apple.Accelerate.vecLib (3.11) <eec2cb2a-5e39-305f-8ab6-453744ff51b2> /Volumes/VOLUME/*/Accelerate.framework/Frameworks/vecLib.framework/vecLib
       0x123310000 -        0x12336bfff libvMisc.dylib (*) <38326696-c379-3b0e-ae95-60542ba1c2cb> /Volumes/VOLUME/*/Accelerate.framework/Frameworks/vecLib.framework/libvMisc.dylib
       0x125c0c000 -        0x125dd3fff libBLAS.dylib (*) <1ac04688-4830-31df-b1e5-1251da9d184a> /Volumes/VOLUME/*/Accelerate.framework/Frameworks/vecLib.framework/libBLAS.dylib
       0x121238000 -        0x121243fff com.apple.FramePacing (1.0) <49bf682c-c61a-35c1-a158-99dab5c0bb54> /Volumes/VOLUME/*/FramePacing.framework/FramePacing
       0x11933c000 -        0x119343fff libCoreFSCache.dylib (*) <b2cce0a8-8ade-314e-9a0d-b1791c38d09f> /Volumes/VOLUME/*/OpenGLES.framework/libCoreFSCache.dylib
       0x1243f8000 -        0x124437fff libllvm-flatbuffers.dylib (*) <5e58cbb4-eb52-3588-9568-10853aec561c> /Volumes/VOLUME/*/libllvm-flatbuffers.dylib
       0x120c10000 -        0x120c17fff libGPUCompilerUtils.dylib (*) <800fc657-e57b-3907-9d36-7eee87695a38> /Volumes/VOLUME/*/GPUCompiler.framework/Libraries/libGPUCompilerUtils.dylib
       0x12258c000 -        0x122597fff libGFXShared.dylib (*) <ae7f86ce-a1c3-3689-b3ce-0c64947f3399> /Volumes/VOLUME/*/OpenGLES.framework/libGFXShared.dylib
       0x123040000 -        0x12307bfff libGLImage.dylib (*) <09bddc43-7a19-3574-a60d-f70744c94a88> /Volumes/VOLUME/*/OpenGLES.framework/libGLImage.dylib
       0x120c24000 -        0x120c27fff libCVMSPluginSupport.dylib (*) <c0c75ea7-580a-3954-96c1-6bd07f6556f7> /Volumes/VOLUME/*/OpenGLES.framework/libCVMSPluginSupport.dylib
       0x125b10000 -        0x125be7fff libvDSP.dylib (*) <79b82d12-8af9-3952-8cb6-553300a44e6d> /Volumes/VOLUME/*/Accelerate.framework/Frameworks/vecLib.framework/libvDSP.dylib
       0x128770000 -        0x12966bfff libLAPACK.dylib (*) <a0307ce7-d8c4-3922-bd3e-5e93b30de384> /Volumes/VOLUME/*/Accelerate.framework/Frameworks/vecLib.framework/libLAPACK.dylib
       0x122cb0000 -        0x122cc3fff libLinearAlgebra.dylib (*) <c9a491df-6b52-3f80-908f-51bed4497489> /Volumes/VOLUME/*/Accelerate.framework/Frameworks/vecLib.framework/libLinearAlgebra.dylib
       0x124454000 -        0x12447bfff libSparseBLAS.dylib (*) <441afa55-ac6c-356e-b4e0-fb45fc06a5c4> /Volumes/VOLUME/*/Accelerate.framework/Frameworks/vecLib.framework/libSparseBLAS.dylib
       0x120de8000 -        0x120deffff libQuadrature.dylib (*) <cd2c1865-4a2c-3cec-a18f-65f31b401d64> /Volumes/VOLUME/*/Accelerate.framework/Frameworks/vecLib.framework/libQuadrature.dylib
       0x129764000 -        0x129fdffff libBNNS.dylib (*) <e7c77a77-5e3d-30e9-8ef4-525a5d42ecad> /Volumes/VOLUME/*/Accelerate.framework/Frameworks/vecLib.framework/libBNNS.dylib
       0x125f90000 -        0x1260f7fff libSparse.dylib (*) <31390263-73e7-304b-b2e7-e86f3889f9c7> /Volumes/VOLUME/*/Accelerate.framework/Frameworks/vecLib.framework/libSparse.dylib
       0x12a084000 -        0x12a733fff com.apple.MIL (3520.4) <bb194719-272b-38df-a914-4c12ff180bab> /Volumes/VOLUME/*/MIL.framework/MIL
       0x12777c000 -        0x1277f7fff com.apple.Accounts (113) <7d16e7b4-ddb7-3fa8-b574-c18948b32b7d> /Volumes/VOLUME/*/Accounts.framework/Accounts
       0x124e18000 -        0x124e5bfff com.apple.AppSupport (1.0.0) <bfded03a-07d9-3892-b1ed-cb6133fb9763> /Volumes/VOLUME/*/AppSupport.framework/AppSupport
       0x125a1c000 -        0x125a6ffff com.apple.facetimeservices (10.0) <3c2844a5-9f94-3755-9091-12cfbc86ef67> /Volumes/VOLUME/*/FTServices.framework/FTServices
       0x124494000 -        0x1244c3fff com.apple.GSS (4.0) <ba996252-0c71-3efa-a7f4-dfa92f9e61da> /Volumes/VOLUME/*/GSS.framework/GSS
       0x125dfc000 -        0x125e6ffff com.apple.Heimdal (4.0) <a58e4a04-8042-30f5-9e13-95ebb379e650> /Volumes/VOLUME/*/Heimdal.framework/Heimdal
       0x12ac78000 -        0x12af83fff com.apple.InternationalSupport (1.0) <50e26b88-046e-34e3-b5a4-2ddaf08de56b> /Volumes/VOLUME/*/InternationalSupport.framework/InternationalSupport
       0x127884000 -        0x1278e3fff com.apple.NetworkServiceProxyFramework (1.0) <fddebaec-5d11-354e-9e64-a0a7f0cd501b> /Volumes/VOLUME/*/NetworkServiceProxy.framework/NetworkServiceProxy
       0x124624000 -        0x12463ffff com.apple.StreamingZip (1.0) <979a7c4d-48fe-3cdf-9cdf-a998830c97a2> /Volumes/VOLUME/*/StreamingZip.framework/StreamingZip
       0x127f98000 -        0x128313fff com.apple.CoreData (120) <e932c246-1408-30cd-8df0-f6a8edf2e39c> /Volumes/VOLUME/*/CoreData.framework/CoreData
       0x123090000 -        0x12309ffff com.apple.CorePhoneNumbers (1.0) <01b9c4ca-f2ab-37fb-81a6-3a01746aa95c> /Volumes/VOLUME/*/CorePhoneNumbers.framework/CorePhoneNumbers
       0x121564000 -        0x121567fff libCTGreenTeaLogger.dylib (*) <1daff25b-fabf-3b86-ba98-f8e456e2da9c> /Volumes/VOLUME/*/libCTGreenTeaLogger.dylib
       0x12bb00000 -        0x12bcd3fff com.apple.AppleAccount (1.0) <f7040629-e024-328b-8f20-2c59fec076f4> /Volumes/VOLUME/*/AppleAccount.framework/AppleAccount
       0x127b28000 -        0x127bd3fff com.apple.SpringBoardServices (1.0) <8e7d0640-564d-35d4-b891-1715f577e40c> /Volumes/VOLUME/*/SpringBoardServices.framework/SpringBoardServices
       0x12795c000 -        0x1279b3fff com.apple.SetupAssistant (1.0) <49c3618f-c6a6-3762-8937-739dc2d31ab7> /Volumes/VOLUME/*/SetupAssistant.framework/SetupAssistant
       0x12c11c000 -        0x12c307fff com.apple.ids (10.0) <1404340a-d5f0-3f5d-ac4d-da617a244821> /Volumes/VOLUME/*/IDS.framework/IDS
       0x124b1c000 -        0x124b3bfff com.apple.AAAFoundation (1.0) <628a7e63-8d42-3fb7-82f0-f2849c68e581> /Volumes/VOLUME/*/AAAFoundation.framework/AAAFoundation
       0x125eb8000 -        0x125ee3fff com.apple.aps.framework (4.0) <6a4bb4ed-c1e2-39f8-889a-447dcf87d969> /Volumes/VOLUME/*/ApplePushService.framework/ApplePushService
       0x12c798000 -        0x12c98ffff com.apple.AuthKit (1.0) <38d24749-f2c7-3be6-9b2a-f0a9d93e3d7c> /Volumes/VOLUME/*/AuthKit.framework/AuthKit
       0x127a24000 -        0x127a7bfff com.apple.AAAFoundationSwift (1.0) <8b0fa611-9b35-32b3-9aef-a9aa6ffa8fde> /Volumes/VOLUME/*/AAAFoundationSwift.framework/AAAFoundationSwift
       0x124ac0000 -        0x124acffff com.apple.AppleIDSSOAuthentication (1.0) <6e22b159-4f4d-3de4-929c-e80bea8fa582> /Volumes/VOLUME/*/AppleIDSSOAuthentication.framework/AppleIDSSOAuthentication
       0x127cf4000 -        0x127d37fff com.apple.devicemanagementclient.DMCEnrollmentLibrary (1.0) <18555ca2-348b-31d1-9eaa-7ed0f46352e4> /Volumes/VOLUME/*/DMCEnrollmentLibrary.framework/DMCEnrollmentLibrary
       0x127e44000 -        0x127e93fff com.apple.devicemanagementclient.DMCUtilities (1.0) <0c9dddd1-fe07-39a3-acf8-7ce71b9d91de> /Volumes/VOLUME/*/DMCUtilities.framework/DMCUtilities
       0x124eb4000 -        0x124ec7fff com.apple.FeatureFlagsSupport (1.0) <5947419d-365c-3517-8dde-3c6c5a82fd08> /Volumes/VOLUME/*/FeatureFlagsSupport.framework/FeatureFlagsSupport
       0x127d88000 -        0x127db7fff com.apple.devicemanagementclient.MDMClientLibrary (1.0) <f6ef8d80-7bcf-3f7e-a052-5ea0e06f2782> /Volumes/VOLUME/*/MDMClientLibrary.framework/MDMClientLibrary
       0x12337c000 -        0x123387fff com.apple.devicemanagementclient.DEPClientLibrary (1.0) <7c49cc7b-0639-31c6-ad09-4384fd00eb57> /Volumes/VOLUME/*/DEPClientLibrary.framework/DEPClientLibrary
       0x12c404000 -        0x12c4cffff com.apple.FrontBoardServices (1000.4.11) <e6e4db42-d8c1-3edf-a45a-c15655031659> /Volumes/VOLUME/*/FrontBoardServices.framework/FrontBoardServices
       0x12ce48000 -        0x12cf7ffff com.apple.ExtensionFoundation (97) <6f30865b-f3ca-32b7-b9be-3f6b848cdbc1> /Volumes/VOLUME/*/ExtensionFoundation.framework/ExtensionFoundation
       0x125aa8000 -        0x125ab7fff com.apple.xpc.AppServerSupport (1.0) <a49f3ab3-26b8-3830-9eb4-e7c2b1fd8c28> /Volumes/VOLUME/*/AppServerSupport.framework/AppServerSupport
       0x12be3c000 -        0x12bebffff com.apple.BoardServices (1.0) <81f6efde-df0d-38db-966e-3eec0b02de41> /Volumes/VOLUME/*/BoardServices.framework/BoardServices
       0x12613c000 -        0x126163fff com.apple.OSEligibility (*) <6ecacb84-4d97-354f-ad06-02983ea0e314> /Volumes/VOLUME/*/OSEligibility.framework/OSEligibility
       0x12bf2c000 -        0x12bfbffff com.apple.IconServices (494) <e87ab1e8-3ba0-3a75-b112-36407f8511a6> /Volumes/VOLUME/*/IconServices.framework/IconServices
       0x10d704000 -        0x10d707fff com.apple.FeatureFlags (1.0) <7de1512e-94ce-3891-a98f-d7d7af0e7ef4> /Volumes/VOLUME/*/FeatureFlags.framework/FeatureFlags
       0x126198000 -        0x1261affff com.apple.TCC (1.0) <7d813155-8c9c-3f02-b5aa-234349c93ff6> /Volumes/VOLUME/*/TCC.framework/TCC
       0x127f00000 -        0x127f37fff com.apple.pluginkit.framework (1.0) <af9107a6-46f4-3971-95ba-32049b20263d> /Volumes/VOLUME/*/PlugInKit.framework/PlugInKit
       0x125ad4000 -        0x125ae3fff com.apple.AssertionServices (1.0) <0d4cd8d7-361b-37c2-8121-21d6ad88305f> /Volumes/VOLUME/*/AssertionServices.framework/AssertionServices
       0x117f9c000 -        0x117f9ffff libswift_DarwinFoundation2.dylib (*) <bfd2f2e4-789a-357a-b896-2a030964b767> /Volumes/VOLUME/*/libswift_DarwinFoundation2.dylib
       0x1225ac000 -        0x1225affff libswift_DarwinFoundation3.dylib (*) <3e409e5d-7b28-3cda-87ce-d9f8925611e9> /Volumes/VOLUME/*/libswift_DarwinFoundation3.dylib
       0x124aec000 -        0x124af7fff com.apple.mobileicons.framework (1.0) <6fbac125-d8ee-36ce-8200-1833d1f6e844> /Volumes/VOLUME/*/MobileIcons.framework/MobileIcons
       0x12d75c000 -        0x12d9ebfff com.apple.AssistantServices (1.0) <2c8b16bf-2fdf-320d-a653-aae3e9f4bccb> /Volumes/VOLUME/*/AssistantServices.framework/AssistantServices
       0x12cb2c000 -        0x12cbfffff com.apple.MobileAssets (1.0) <e463562c-cd65-3040-93fd-5e26d6f83d1e> /Volumes/VOLUME/*/MobileAsset.framework/MobileAsset
       0x12dd4c000 -        0x12ddc3fff libGSFontCache.dylib (*) <babc8e8d-17bb-3971-bc2a-1a7ab6f3846b> /Volumes/VOLUME/*/FontServices.framework/libGSFontCache.dylib
       0x125f1c000 -        0x125f27fff libGSFont.dylib (*) <ced4fa95-d1e1-3f46-b85d-21528e5648bc> /Volumes/VOLUME/*/FontServices.framework/libGSFont.dylib
       0x128674000 -        0x1286a7fff libAccessibility.dylib (*) <1501b4f8-a995-3de7-829d-e4795768ed1f> /Volumes/VOLUME/*/libAccessibility.dylib
       0x12c07c000 -        0x12c0b7fff com.apple.OTSVG (1.0) <45d877da-fb6e-3ac0-8687-1e66fd1f9f7c> /Volumes/VOLUME/*/OTSVG.framework/OTSVG
       0x127ad0000 -        0x127ae7fff com.apple.FontServices (1.0) <171a9f66-d54a-3347-9943-7b3fc671c28f> /Volumes/VOLUME/*/FontServices.framework/FontServices
       0x12c6b4000 -        0x12c70ffff com.apple.SoftwareUpdateCoreSupport (1.0) <b0232303-6b52-3cb6-8ce4-1edf0a723dda> /Volumes/VOLUME/*/SoftwareUpdateCoreSupport.framework/SoftwareUpdateCoreSupport
       0x127e00000 -        0x127e13fff com.apple.SoftwareUpdateCoreConnect (1.0) <d7ce0a6c-a0af-31de-96d7-bcb84dec59b5> /Volumes/VOLUME/*/SoftwareUpdateCoreConnect.framework/SoftwareUpdateCoreConnect
       0x125f44000 -        0x125f4ffff com.apple.ist.IdleTimerServices (1.0) <e24a42f8-548b-34c8-a7b8-a6dd0e670bb5> /Volumes/VOLUME/*/IdleTimerServices.framework/IdleTimerServices
       0x12d304000 -        0x12d3b3fff com.apple.BackBoardServices (1.0) <9db8c374-0cc2-3b5a-966d-02dc9d4bb870> /Volumes/VOLUME/*/BackBoardServices.framework/BackBoardServices
       0x122d30000 -        0x122d37fff com.apple.GraphicsServices (1.0) <95c64786-b053-33db-914f-5fa4b6cb8122> /Volumes/VOLUME/*/GraphicsServices.framework/GraphicsServices
       0x128610000 -        0x128623fff com.apple.MediaAccessibility (1.0) <15d918c8-2c16-39ab-bba0-20e2be9d46b0> /Volumes/VOLUME/*/MediaAccessibility.framework/MediaAccessibility
       0x122c88000 -        0x122c8bfff com.apple.perf.apple.SignpostMetrics (1.0) <59b4a769-22a3-38fe-b82a-d97d9edff667> /Volumes/VOLUME/*/SignpostMetrics.framework/SignpostMetrics
       0x12e084000 -        0x12e17bfff com.apple.Symbolication (16.0) <ba9446ed-a753-3c21-b28d-341199121633> /Volumes/VOLUME/*/Symbolication.framework/Symbolication
       0x125f6c000 -        0x125f73fff com.apple.CoreSimulator.SimFramebufferClient (1031) <47541bb2-5147-3a08-967f-3aff4cedf5b9> /Volumes/VOLUME/*/SimFramebufferClient.framework/SimFramebufferClient
       0x1285d8000 -        0x1285e7fff libperfcheck.dylib (*) <4abac712-63f4-3f83-bc6e-e9b286e2cf5c> /Volumes/VOLUME/*/libperfcheck.dylib
       0x128710000 -        0x12871ffff com.apple.perfdata (1.0) <c5b809d5-8904-3eaf-9760-57059964e730> /Volumes/VOLUME/*/perfdata.framework/perfdata
       0x12e274000 -        0x12e3abfff com.apple.CoreSymbolication (16.0) <abe7bdfd-a70a-3625-8ac7-6d8634ba97af> /Volumes/VOLUME/*/CoreSymbolication.framework/CoreSymbolication
       0x128648000 -        0x128653fff com.apple.MallocStackLogging (1.0) <3ef1e9de-b6bc-3c5d-ae18-3c1710c42c5d> /Volumes/VOLUME/*/MallocStackLogging.framework/MallocStackLogging
       0x12e95c000 -        0x12ea23fff com.apple.SAObjects (1.0) <78325d36-42ad-319a-941a-86b97906717b> /Volumes/VOLUME/*/SAObjects.framework/SAObjects
       0x12f628000 -        0x12f9fbfff com.apple.MediaRemote (1.0) <487130f4-7256-35a9-b6ae-3fbe68631db2> /Volumes/VOLUME/*/MediaRemote.framework/MediaRemote
       0x12ccdc000 -        0x12cd27fff com.apple.UserNotifications (1.0) <9294c11a-1bb8-33cd-a3b1-b21da5a213c3> /Volumes/VOLUME/*/UserNotifications.framework/UserNotifications
       0x12edf8000 -        0x12f0a7fff com.apple.corelocation (3075.0.8) <438b9ca3-9602-3367-90e2-8a0d745cc6c7> /Volumes/VOLUME/*/CoreLocation.framework/CoreLocation
       0x131ce4000 -        0x132ae3fff com.apple.siri.SiriInstrumentation (1.0) <ff3343b7-1c7f-3424-85a6-9583db7d37bc> /Volumes/VOLUME/*/SiriInstrumentation.framework/SiriInstrumentation
       0x12e4c0000 -        0x12e5a7fff com.apple.siri.SiriAnalytics (1.0) <5b323cda-efe9-3a9a-b79d-87cae9356eac> /Volumes/VOLUME/*/SiriAnalytics.framework/SiriAnalytics
       0x12fe5c000 -        0x130003fff com.apple.siri.SiriTTSService (1.0) <8b7c89b3-3504-33cf-b04d-cd07392e70ef> /Volumes/VOLUME/*/SiriTTSService.framework/SiriTTSService
       0x12cd9c000 -        0x12cde3fff com.apple.crossdevicearbitration (1.0) <9960338e-0fe0-3ef4-983a-0b14f99d82d6> /Volumes/VOLUME/*/SiriCrossDeviceArbitration.framework/SiriCrossDeviceArbitration
       0x12c634000 -        0x12c65ffff com.apple.skp.FeedbackLogger (1.0) <73133fa7-835e-39b8-ad47-995419a2bd0b> /Volumes/VOLUME/*/FeedbackLogger.framework/FeedbackLogger
       0x12d49c000 -        0x12d51ffff com.apple.proactive.support.ProactiveSupport (1.0) <16f8d83f-20cf-3604-baf1-f3ab04e16589> /Volumes/VOLUME/*/ProactiveSupport.framework/ProactiveSupport
       0x122c9c000 -        0x122c9ffff com.apple.private.FaceTimeNameUtility (1.0) <d19cdf2e-e57b-3bc1-935d-c286be8ddbc3> /Volumes/VOLUME/*/FaceTimeNameUtility.framework/FaceTimeNameUtility
       0x12d1f8000 -        0x12d22ffff com.apple.voiceservices (1.0.0) <351d319e-302f-3c51-b014-20177ae94451> /Volumes/VOLUME/*/VoiceServices.framework/VoiceServices
       0x130eb8000 -        0x131497fff com.apple.Intents (1.0) <577c0fa6-4e32-3744-83bf-5cd298b99361> /Volumes/VOLUME/*/Intents.framework/Intents
       0x12d16c000 -        0x12d197fff com.apple.CoreLocation.LocationEssentials (1.0) <af0811fb-866c-31e4-990d-cc1d729b619b> /Volumes/VOLUME/*/_LocationEssentials.framework/_LocationEssentials
       0x12d64c000 -        0x12d683fff com.apple.UIKitServices (1.0) <02076aed-5b9a-384c-88e0-b967a6164421> /Volumes/VOLUME/*/UIKitServices.framework/UIKitServices
       0x12e7c4000 -        0x12e87bfff com.apple.UnifiedAssetFramework (1.0) <c50b0466-2322-3850-bdf0-b66199043046> /Volumes/VOLUME/*/UnifiedAssetFramework.framework/UnifiedAssetFramework
       0x13074c000 -        0x130ab7fff com.apple.audio.AudioToolboxCore (1.0) <9afb8126-9ebf-3560-816f-bac1c89e858d> /Volumes/VOLUME/*/AudioToolboxCore.framework/AudioToolboxCore
       0x12f180000 -        0x12f1d3fff com.apple.audio.AudioSession (1.0) <885ec865-72bb-3e61-b4a2-ebe16d3fcfe6> /Volumes/VOLUME/*/AudioSession.framework/AudioSession
       0x12d1b8000 -        0x12d1c3fff com.apple.MediaExperience (1.0) <d1f3768a-15fd-3fba-be17-6128e4247175> /Volumes/VOLUME/*/MediaExperience.framework/MediaExperience
       0x12d284000 -        0x12d29bfff libAudioStatistics.dylib (*) <bf2d4280-8d39-3030-b724-52de3617cca3> /Volumes/VOLUME/*/libAudioStatistics.dylib
       0x12f388000 -        0x12f43ffff com.apple.audio.midi.CoreMIDI (2.0) <1e3f7e76-d21f-3e03-8a22-3994c85249a2> /Volumes/VOLUME/*/CoreMIDI.framework/CoreMIDI
       0x12e67c000 -        0x12e6a3fff com.apple.audio.caulk (1.0) <21528ae7-06a1-398d-a0a8-90236d3971b1> /Volumes/VOLUME/*/caulk.framework/caulk
       0x134894000 -        0x134ccffff com.apple.audio.CoreAudio (5.0) <398a1360-d118-3052-883a-72dd43598702> /Volumes/VOLUME/*/CoreAudio.framework/CoreAudio
       0x12d5b4000 -        0x12d5d7fff libAudioToolboxUtility.dylib (*) <83ec40db-c580-30a0-acfb-309e576526b5> /Volumes/VOLUME/*/libAudioToolboxUtility.dylib
       0x12f4d4000 -        0x12f51ffff com.apple.AVRouting (1.0) <dabb8959-05be-3be5-b9be-1b41239be0ea> /Volumes/VOLUME/*/AVRouting.framework/AVRouting
       0x12f23c000 -        0x12f27ffff libSessionUtility.dylib (*) <87a7c154-59cd-3b41-bb42-0b450ee4c240> /Volumes/VOLUME/*/AudioSession.framework/libSessionUtility.dylib
       0x12d2c0000 -        0x12d2d7fff com.apple.imgaudio.AudioAnalytics (1.0) <8ff63717-afa4-3672-9f43-475de9f7c79e> /Volumes/VOLUME/*/AudioAnalytics.framework/AudioAnalytics
       0x12c5d4000 -        0x12c5e3fff com.apple.OSLog (1.0) <d4f45807-b860-3737-8b8e-8dfb47a73191> /Volumes/VOLUME/*/OSLog.framework/OSLog
       0x135be4000 -        0x1362e3fff com.apple.MediaToolbox (1.0) <e31dc9b0-d282-31db-8289-a66feeb61540> /Volumes/VOLUME/*/MediaToolbox.framework/MediaToolbox
       0x1303fc000 -        0x130553fff com.apple.CoreUtils (8.3) <a2341516-3d22-3728-b795-6211e1f459c2> /Volumes/VOLUME/*/CoreUtils.framework/CoreUtils
       0x134478000 -        0x1345fbfff com.apple.CMPhoto (1.0) <9a50b8ae-63a9-3cb3-8847-f33041373beb> /Volumes/VOLUME/*/CMPhoto.framework/CMPhoto
       0x130250000 -        0x1302b3fff com.apple.osanalytics.OSAnalytics (1.0) <42f202c1-f36e-3ca9-887e-42f2bf400499> /Volumes/VOLUME/*/OSAnalytics.framework/OSAnalytics
       0x135050000 -        0x135217fff com.apple.cmphoto.AppleJPEGXL (1.0) <774b54a7-435f-3ffa-a907-cc63441cd009> /Volumes/VOLUME/*/AppleJPEGXL.framework/AppleJPEGXL
       0x12c600000 -        0x12c607fff com.apple.CoreTime (334.0.16.3) <e36480ca-9325-37d2-8456-f7a1c7b465db> /Volumes/VOLUME/*/CoreTime.framework/CoreTime
       0x1340d8000 -        0x13416bfff libswift_RegexParser.dylib (*) <7479d2c7-4931-3b1d-a395-0d7708b94785> /Volumes/VOLUME/*/libswift_RegexParser.dylib
       0x12c694000 -        0x12c69bfff com.apple.OSAServicesClient (1.0) <45f1a6fd-4e51-367a-8b78-074b0faa7505> /Volumes/VOLUME/*/OSAServicesClient.framework/OSAServicesClient
       0x1233a4000 -        0x1233a7fff com.apple.iphonesimulator.SimulatorClient (1.0) <5cbfd142-f009-3409-807d-895662ea5df9> /Volumes/VOLUME/*/SimulatorClient.framework/SimulatorClient
       0x12e708000 -        0x12e72ffff com.apple.CoreUtilsExtras (1.0) <ad7a1515-c5d9-38c3-8957-ca2d4dfccc12> /Volumes/VOLUME/*/CoreUtilsExtras.framework/CoreUtilsExtras
       0x13422c000 -        0x1342bbfff com.apple.CMCapture (1.0) <8ed95120-2b22-3194-bd17-5596c9b48712> /Volumes/VOLUME/*/CMCapture.framework/CMCapture
       0x135600000 -        0x13572bfff com.apple.ModelManagerServices (1.0) <bba0715d-4b9b-3789-af08-d79c805d8dc3> /Volumes/VOLUME/*/ModelManagerServices.framework/ModelManagerServices
       0x136c1c000 -        0x136e3ffff com.apple.TelephonyUtilities (1.0) <246742f3-f51c-3372-9ac7-de8498320670> /Volumes/VOLUME/*/TelephonyUtilities.framework/TelephonyUtilities
       0x137630000 -        0x13786bfff com.apple.AVFCore (1.0) <00410cd2-679e-3a81-89a7-f7478d535fae> /Volumes/VOLUME/*/AVFCore.framework/AVFCore
       0x1370c0000 -        0x137247fff com.apple.AVFCapture (1.0) <e708aaae-e643-3c5c-b9b2-3fc06c80c3a7> /Volumes/VOLUME/*/AVFCapture.framework/AVFCapture
       0x1353c0000 -        0x1354dbfff com.apple.Quagga (226) <c03631c0-9260-33bd-8fa3-33f3d5d0f929> /Volumes/VOLUME/*/Quagga.framework/Quagga
       0x1244f0000 -        0x1244f3fff com.apple.Celestial (1.0) <fa132d72-d13c-34cf-bbb9-9b8926458f86> /Volumes/VOLUME/*/Celestial.framework/Celestial
       0x12d71c000 -        0x12d72ffff com.apple.CameraOverlayServices (1.0) <a9679853-7718-3b7b-bf3e-1fc25aea9b0c> /Volumes/VOLUME/*/CameraOverlayServices.framework/CameraOverlayServices
       0x12f594000 -        0x12f5a7fff com.apple.CMCaptureCore (1.0) <cad19938-745a-3c70-9ce3-f2c1375c445b> /Volumes/VOLUME/*/CMCaptureCore.framework/CMCaptureCore
       0x128740000 -        0x128743fff com.apple.CMCaptureDevice (*) <a2a818a5-60da-3876-9a7a-83f9692a1b7a> /Volumes/VOLUME/*/CMCaptureDevice.framework/CMCaptureDevice
       0x130180000 -        0x1301cffff com.apple.CMImaging (1.0) <eff6e7e5-6de5-3d98-bbf8-0356c9116628> /Volumes/VOLUME/*/CMImaging.framework/CMImaging
       0x138e6c000 -        0x139a1bfff com.apple.vision.EspressoFramework (1.0) <eef94be0-0be4-3f9a-8b03-fefdeaebf12e> /Volumes/VOLUME/*/Espresso.framework/Espresso
       0x12e758000 -        0x12e76ffff com.apple.mlcompiler.services (3404.3.1) <9e9199b9-c841-3eed-aa18-dcb298cfbb00> /Volumes/VOLUME/*/MLCompilerServices.framework/MLCompilerServices
       0x130320000 -        0x130373fff com.apple.mlcompiler.runtime (3404.3.1) <25e23738-d26f-3e72-b613-7298833a3e87> /Volumes/VOLUME/*/MLCompilerRuntime.framework/MLCompilerRuntime
       0x13677c000 -        0x1367f3fff com.apple.proactive.AppleIntelligenceReporting (1.0) <ac99185b-36c3-3945-948f-6a2c6271f546> /Volumes/VOLUME/*/AppleIntelligenceReporting.framework/AppleIntelligenceReporting
       0x128758000 -        0x12875bfff com.apple.security.CryptoKit-C-Bridging (1.0) <0cddb6f4-abd3-3524-9a2a-07427bbd0d5e> /Volumes/VOLUME/*/CryptoKitCBridging.framework/CryptoKitCBridging
       0x131bf0000 -        0x131c4bfff com.apple.CryptoTokenKit (1.0) <53a616d7-6332-335d-ae78-fb51e051739e> /Volumes/VOLUME/*/CryptoTokenKit.framework/CryptoTokenKit
       0x13067c000 -        0x1306c3fff com.apple.LocalAuthentication (1.0) <4b8de740-3cfb-3ac1-a59c-fb621f0972ef> /Volumes/VOLUME/*/LocalAuthentication.framework/LocalAuthentication
       0x1380b8000 -        0x13824bfff com.apple.LocalAuthenticationCore (*) <3332f9f6-762d-3b72-903a-24ad1e1cce74> /Volumes/VOLUME/*/LocalAuthenticationCore.framework/LocalAuthenticationCore
       0x12e788000 -        0x12e7a3fff com.apple.LocalAuthenticationCredentialServices (*) <31e119f9-2fa5-3088-8e73-c18f68d93c69> /Volumes/VOLUME/*/LocalAuthenticationCredentialServices.framework/LocalAuthenticationCredentialServices
       0x12e90c000 -        0x12e917fff com.apple.CoreAuthentication.SharedUtils (1.0) <57d05b99-c36e-349d-8d44-3fb4b70037d2> /Volumes/VOLUME/*/LocalAuthentication.framework/Support/SharedUtils.framework/SharedUtils
       0x13ae60000 -        0x13b543fff com.apple.IntelligencePlatformLibrary (*) <3da2b342-224f-3003-ba76-82186e53c558> /Volumes/VOLUME/*/IntelligencePlatformLibrary.framework/IntelligencePlatformLibrary
       0x135870000 -        0x1358fbfff com.apple.biome.CascadeSets (1.0) <c9c025f7-087a-3f6c-97ab-94e8ca827a3a> /Volumes/VOLUME/*/CascadeSets.framework/CascadeSets
       0x130d3c000 -        0x130d7bfff com.apple.biome.BiomeStorage (1.0) <059fa571-9a85-362b-a39a-58451f0489da> /Volumes/VOLUME/*/BiomeStorage.framework/BiomeStorage
       0x130dc4000 -        0x130e2ffff com.apple.PoirotSchematizer (1.0) <c0cfd670-c99c-3d73-b42a-faa489688ca8> /Volumes/VOLUME/*/PoirotSchematizer.framework/PoirotSchematizer
       0x12d624000 -        0x12d62bfff com.apple.biome.BiomeSync (1.0) <f9c8a435-0884-34ec-9647-9564942eb6b6> /Volumes/VOLUME/*/BiomeSync.framework/BiomeSync
       0x12f308000 -        0x12f31ffff com.apple.biome.BiomeDSL (1.0) <0e8ed797-8e68-350a-94cd-cee93a076c65> /Volumes/VOLUME/*/BiomeDSL.framework/BiomeDSL
       0x1343ac000 -        0x1343dbfff com.apple.PoirotUDFs (1.0) <418b992f-31d6-33a2-b572-5a8fc34b1443> /Volumes/VOLUME/*/PoirotUDFs.framework/PoirotUDFs
       0x127b10000 -        0x127b13fff com.apple.InternationalTextSearch (1.0) <c065e26f-e0ef-3d48-a264-a26268b9c0a6> /Volumes/VOLUME/*/InternationalTextSearch.framework/InternationalTextSearch
       0x134410000 -        0x134447fff com.apple.PoirotSQLite (1.0) <2a7c1469-7b7e-33d5-9f76-b2d476465c3e> /Volumes/VOLUME/*/PoirotSQLite.framework/PoirotSQLite
       0x12f34c000 -        0x12f363fff com.apple.BluetoothManager (1.0) <8983d98b-f1c0-335a-baee-dfdbf89b5405> /Volumes/VOLUME/*/BluetoothManager.framework/BluetoothManager
       0x13743c000 -        0x13752bfff com.apple.CoreBluetooth (*) <91e05a71-14c7-3fb6-91d1-ed0e2a6da450> /Volumes/VOLUME/*/CoreBluetooth.framework/CoreBluetooth
       0x137ba4000 -        0x137c87fff com.apple.accessibility.AXCoreUtilities (1.0) <18eb05f7-8588-36db-8456-c1444c68a7e4> /Volumes/VOLUME/*/AXCoreUtilities.framework/AXCoreUtilities
       0x135528000 -        0x13555ffff com.apple.MobileBluetooth (1.0) <d279fb5a-c532-3da3-8d2c-3a13a72b93bc> /Volumes/VOLUME/*/MobileBluetooth.framework/MobileBluetooth
       0x1303b8000 -        0x1303d7fff libedit.3.dylib (*) <5f67af5b-5dc8-3fd1-b27c-3b21e3842db3> /Volumes/VOLUME/*/libedit.3.dylib
       0x135a1c000 -        0x135a5bfff com.apple.AttributeGraph (7.0.80) <77e0aed2-9e45-3d5f-a342-afd81934ffac> /Volumes/VOLUME/*/AttributeGraph.framework/AttributeGraph
       0x12c620000 -        0x12c623fff libAXSafeCategoryBundle.dylib (*) <f4c83caa-2687-3ec3-ad40-78d723292961> /Volumes/VOLUME/*/libAXSafeCategoryBundle.dylib
       0x137d6c000 -        0x137e87fff com.apple.DataFrame (1.0) <93e0e3a0-d036-3e7a-8a98-2f18fa94850f> /Volumes/VOLUME/*/TabularData.framework/TabularData
       0x136a98000 -        0x136b0bfff com.apple.ArgumentParserInternal (1.0) <2e4c293c-058e-30e1-ab14-37ef21b5c068> /Volumes/VOLUME/*/ArgumentParserInternal.framework/ArgumentParserInternal
       0x13559c000 -        0x1355d7fff libncurses.5.4.dylib (*) <efd8aa86-7eec-31e3-8db1-6b9ee0a6fa18> /Volumes/VOLUME/*/libncurses.5.4.dylib
       0x1385d0000 -        0x138687fff com.apple.AddressBookLegacy (1.0) <c7055741-b438-3cdf-a40c-1f080676e121> /Volumes/VOLUME/*/AddressBookLegacy.framework/AddressBookLegacy
       0x138738000 -        0x1387d3fff com.apple.CallKit (1.0) <2dbb0e31-be2a-3c37-be3d-408499f08bfd> /Volumes/VOLUME/*/CallKit.framework/CallKit
       0x13481c000 -        0x134843fff com.apple.RTCReporting (13.1.47) <8dc4828c-5d5f-37ee-a595-ead4db7e2b5e> /Volumes/VOLUME/*/RTCReporting.framework/RTCReporting
       0x130e60000 -        0x130e77fff com.apple.commonutilities (8.0) <e6182c13-ff87-3601-a904-e838847b3e9e> /Volumes/VOLUME/*/CommonUtilities.framework/CommonUtilities
       0x12f2c4000 -        0x12f2cbfff com.apple.communicationsfilter (10.0) <a8285347-e7c5-35ae-b2eb-b4247b32e5d3> /Volumes/VOLUME/*/CommunicationsFilter.framework/CommunicationsFilter
       0x12f2e4000 -        0x12f2effff com.apple.imtransferservices (10.0) <1ec497ea-5d94-3df5-b7f1-7f40e85b6181> /Volumes/VOLUME/*/IMTransferServices.framework/IMTransferServices
       0x13a13c000 -        0x13a39ffff com.apple.contacts (1.0) <3129802c-e5c5-3035-a77a-647bbaa46d4e> /Volumes/VOLUME/*/Contacts.framework/Contacts
       0x13a6a8000 -        0x13a8effff com.apple.CoreTelephony (113) <5cb798f6-345a-319a-a808-85db8b76c949> /Volumes/VOLUME/*/CoreTelephony.framework/CoreTelephony
       0x136b4c000 -        0x136bb3fff com.apple.imfoundation (10.0) <d5758c04-2fe7-3657-9ca2-a5efab46f82f> /Volumes/VOLUME/*/IMFoundation.framework/IMFoundation
       0x12e934000 -        0x12e937fff com.apple.incomingcallfilter (10.0) <76a1d2ca-a3a5-35ff-9370-f69e682ec38e> /Volumes/VOLUME/*/IncomingCallFilter.framework/IncomingCallFilter
       0x12d608000 -        0x12d60bfff com.apple.PhoneNumbers (1.0) <46a6a664-0a51-3b0c-86a9-6d23896ad043> /Volumes/VOLUME/*/PhoneNumbers.framework/PhoneNumbers
       0x138aec000 -        0x138b5bfff com.apple.calls.NeighborhoodActivityConduit (1.0) <f85ab66e-3750-33c3-b347-726f6e25d078> /Volumes/VOLUME/*/NeighborhoodActivityConduit.framework/NeighborhoodActivityConduit
       0x13bf3c000 -        0x13c127fff com.apple.CallHistory (1.0) <2bb52cb3-4bdf-394a-a729-9158c3428952> /Volumes/VOLUME/*/CallHistory.framework/CallHistory
       0x135a9c000 -        0x135acbfff com.apple.IdentityLookup (1.0) <e42e5c79-0a0c-35d3-af9d-7f9fa6a807bc> /Volumes/VOLUME/*/IdentityLookup.framework/IdentityLookup
       0x1388a8000 -        0x13895bfff com.apple.GenerativeFunctions.GenerativeModels (1.0) <225421bf-cfe4-3045-a1bb-46dee6b57273> /Volumes/VOLUME/*/GenerativeModels.framework/GenerativeModels
       0x13cb54000 -        0x13d0fffff com.apple.idsfoundation (10.0) <f7d3c48f-3fff-3ff4-80a6-4212817b4e7e> /Volumes/VOLUME/*/IDSFoundation.framework/IDSFoundation
       0x1359c8000 -        0x1359d3fff libswiftIntents.dylib (*) <41e07a66-277c-3cac-a464-4f2916325a4e> /Volumes/VOLUME/*/libswiftIntents.dylib
       0x137ef0000 -        0x137f2ffff com.apple.dataaccess.dataaccessexpress.framework (1.0) <e61b0974-58a4-3446-932e-938d57b63692> /Volumes/VOLUME/*/DataAccessExpress.framework/DataAccessExpress
       0x13bc00000 -        0x13bcbffff com.apple.AddressBook.ContactsFoundation (8.0) <806d56ef-ec09-3186-aef7-8c0b53b814fb> /Volumes/VOLUME/*/ContactsFoundation.framework/ContactsFoundation
       0x13d474000 -        0x13d63bfff com.apple.TextInput (1.0) <1a8e7732-8a47-3730-94ab-d819c235c17f> /Volumes/VOLUME/*/TextInput.framework/TextInput
       0x130728000 -        0x13072bfff com.apple.contacts.ContactsMetrics (1) <dad7d578-0a92-30c7-958f-15f6fdb0c260> /Volumes/VOLUME/*/ContactsMetrics.framework/ContactsMetrics
       0x137f84000 -        0x137fc3fff com.apple.iCalendar (7.0) <915a7e2c-5f40-3b5d-823a-123d3c588d38> /Volumes/VOLUME/*/iCalendar.framework/iCalendar
       0x134870000 -        0x13487bfff com.apple.URLFormatting (296) <a597c01a-de0d-3b97-8e71-9116ee77cb45> /Volumes/VOLUME/*/URLFormatting.framework/URLFormatting
       0x138024000 -        0x13806bfff com.apple.datadetectorscore (8.0) <2967b188-a72e-3370-8d11-986a68ad2d19> /Volumes/VOLUME/*/DataDetectorsCore.framework/DataDetectorsCore
       0x13c294000 -        0x13c373fff com.apple.CloudSubscriptionFeatures (1.0) <70e7cc63-dfc6-3092-8e68-6ab8713ac4b7> /Volumes/VOLUME/*/CloudSubscriptionFeatures.framework/CloudSubscriptionFeatures
       0x140f28000 -        0x142c13fff com.apple.GeoServices (1.0) <c1901a61-d2f2-3b08-96f5-99b8aaf334b4> /Volumes/VOLUME/*/GeoServices.framework/GeoServices
       0x13c400000 -        0x13c5a7fff com.apple.Montreal (1.0) <fe35d018-a784-30b3-9e15-f09ae7c34f9c> /Volumes/VOLUME/*/Montreal.framework/Montreal
       0x138d44000 -        0x138db3fff com.apple.NaturalLanguage (1.0) <bebe0f0b-fd64-3f1e-ac50-85a3ccb5b668> /Volumes/VOLUME/*/NaturalLanguage.framework/NaturalLanguage
       0x130e98000 -        0x130e9ffff com.apple.LinguisticData (1.0) <9b27a575-ef2f-3504-a300-869b04d3af64> /Volumes/VOLUME/*/LinguisticData.framework/LinguisticData
       0x13c5f0000 -        0x13c6ebfff com.apple.CoreNLP (1.0) <65ed0744-eb47-35a0-b545-f49389fc5d16> /Volumes/VOLUME/*/CoreNLP.framework/CoreNLP
       0x1389d0000 -        0x138a2ffff com.apple.GenerativeFunctions.GenerativeModelsFoundation (1.0) <a25fa120-6c8b-34a4-b91c-40102412c814> /Volumes/VOLUME/*/GenerativeModelsFoundation.framework/GenerativeModelsFoundation
       0x13abf0000 -        0x13ac37fff libTelephonyUtilDynamic.dylib (*) <aa7483bd-5a29-381c-bb51-98b03e7e688a> /Volumes/VOLUME/*/libTelephonyUtilDynamic.dylib
       0x13e2e0000 -        0x13e4a3fff com.apple.TokenGeneration (1.0) <1033c3fe-2792-3f4b-b036-9cacd5262c85> /Volumes/VOLUME/*/TokenGeneration.framework/TokenGeneration
       0x135b60000 -        0x135b97fff com.apple.GenerativeFunctions.GenerativeFunctions (1.0) <ac1be934-1197-3cb7-afcc-0fe9fe01d179> /Volumes/VOLUME/*/GenerativeFunctions.framework/GenerativeFunctions
       0x13ad6c000 -        0x13ade3fff com.apple.GenerativeFunctions.GenerativeFunctionsFoundation (1.0) <2c9e8594-0012-3c94-a8ff-b2972bb4fc93> /Volumes/VOLUME/*/GenerativeFunctionsFoundation.framework/GenerativeFunctionsFoundation
       0x13dbd0000 -        0x13ddeffff com.apple.ModelCatalog.ModelCatalog (1.0) <bccaabbd-39c6-32fe-b4e2-1c5678748d3f> /Volumes/VOLUME/*/ModelCatalog.framework/ModelCatalog
       0x13c970000 -        0x13ca3ffff com.apple.SensitiveContentAnalysisML (*) <7b38ebf0-b6fb-31ff-bf26-1edb5fff686f> /Volumes/VOLUME/*/SensitiveContentAnalysisML.framework/SensitiveContentAnalysisML
       0x13be10000 -        0x13be5ffff com.apple.GenerativeFunctions.GenerativeFunctionsInstrumentation (1.0) <2e284053-e4e4-33bd-bfb9-ae1d32d2974a> /Volumes/VOLUME/*/GenerativeFunctionsInstrumentation.framework/GenerativeFunctionsInstrumentation
       0x13ea2c000 -        0x13eb87fff com.apple.GenerativeFunctions.PromptKit (1.0) <9fa83a66-9e11-3f47-9b09-e8bc7bb91627> /Volumes/VOLUME/*/PromptKit.framework/PromptKit
       0x138a8c000 -        0x138aaffff com.apple.intelligenceflow.ProactiveDaemonSupport (1.0) <887cf73b-52fc-317d-a46c-a5ce33c17bc4> /Volumes/VOLUME/*/ProactiveDaemonSupport.framework/ProactiveDaemonSupport
       0x13be98000 -        0x13becbfff com.apple.CoreEmoji (1.0) <3ee44161-e9bf-3d3c-86d1-b354e90af318> /Volumes/VOLUME/*/CoreEmoji.framework/CoreEmoji
       0x13df90000 -        0x13e093fff com.apple.Lexicon-framework (1.0) <2850fd5a-2f76-32bf-a4f1-9c23d27f3692> /Volumes/VOLUME/*/Lexicon.framework/Lexicon
       0x13f0cc000 -        0x13f25bfff com.apple.TokenGenerationCore (1.0) <f676b3f7-3008-3c53-b1d2-50f99c5b071f> /Volumes/VOLUME/*/TokenGenerationCore.framework/TokenGenerationCore
       0x1359f4000 -        0x1359fbfff libswiftNaturalLanguage.dylib (*) <84abc171-311d-3d8b-bdc5-9c6a95d71e13> /Volumes/VOLUME/*/libswiftNaturalLanguage.dylib
       0x13e0d8000 -        0x13e173fff com.apple.trial (1.0) <ad8566e0-3a96-32fa-ad8f-e353c1241860> /Volumes/VOLUME/*/Trial.framework/Trial
       0x13ecb4000 -        0x13ed2bfff com.apple.TrialProto (1.0) <8c2f337b-4634-3e84-ae43-f8120fbdea7e> /Volumes/VOLUME/*/TrialProto.framework/TrialProto
       0x13c7d0000 -        0x13c833fff com.apple.aiml.dendrite.Dendrite (1.0) <e8f5eeb9-7d66-3b7a-88d0-cc2f1c714587> /Volumes/VOLUME/*/Dendrite.framework/Dendrite
       0x138e34000 -        0x138e4ffff com.apple.siri.flatbuffer.AppleFlatBuffers (*) <e8ee7b94-ca88-31bf-b1fd-7f0edda1b234> /Volumes/VOLUME/*/AppleFlatBuffers.framework/AppleFlatBuffers
       0x13c878000 -        0x13c8cbfff com.apple.SentencePieceInternal (*) <98ef2c45-daf8-3950-9228-465602f77dfc> /Volumes/VOLUME/*/SentencePieceInternal.framework/SentencePieceInternal
       0x140040000 -        0x14062bfff com.apple.VN (9.5.4) <aac3fc1e-04c4-3825-af80-dba9983f185f> /Volumes/VOLUME/*/Vision.framework/Vision
       0x13f4f8000 -        0x13f68bfff com.apple.LanguageModeling (1.0) <a946b122-bd59-3bce-957f-3239b1349115> /Volumes/VOLUME/*/LanguageModeling.framework/LanguageModeling
       0x13e228000 -        0x13e27ffff libmecab.dylib (*) <42c1bfd2-656c-3ae7-89ac-2035d6dcc1d9> /Volumes/VOLUME/*/libmecab.dylib
       0x13aca0000 -        0x13accffff libCRFSuite.dylib (*) <fe8035c1-8537-39ae-a899-1e34ecba2dcb> /Volumes/VOLUME/*/libCRFSuite.dylib
       0x130230000 -        0x130233fff libgermantok.dylib (*) <cc32edb3-1241-334a-891a-804c29657134> /Volumes/VOLUME/*/libgermantok.dylib
       0x13599c000 -        0x1359a3fff libThaiTokenizer.dylib (*) <2c7d68db-4002-327e-b843-4fea9794735e> /Volumes/VOLUME/*/libThaiTokenizer.dylib
       0x144284000 -        0x144797fff com.apple.CoreML (1.0) <37c003e7-8611-3046-b0fb-f7151c1a0773> /Volumes/VOLUME/*/CoreML.framework/CoreML
       0x13eeec000 -        0x13ef63fff com.apple.CoreML.MLAssetIO (1.0) <beec3632-d8f8-34b1-8477-4ac458e64a1d> /Volumes/VOLUME/*/MLAssetIO.framework/MLAssetIO
       0x147578000 -        0x148787fff com.apple.MetalPerformanceShadersGraph (6.5.1) <bbf82850-92c5-3d63-aa4d-73da1a27b855> /Volumes/VOLUME/*/MetalPerformanceShadersGraph.framework/MetalPerformanceShadersGraph
       0x13f9a8000 -        0x13fbf7fff com.apple.mlpt.ODIE (1.0) <a6e310c6-97fb-3b7b-8c31-dee56e766737> /Volumes/VOLUME/*/ODIE.framework/ODIE
       0x13f6f0000 -        0x13f79bfff com.apple.MetalPerformanceShaders.MPSCore (1.0) <46ba087b-e078-3744-ae66-03560f6973fe> /Volumes/VOLUME/*/MetalPerformanceShaders.framework/Frameworks/MPSCore.framework/MPSCore
       0x13fe44000 -        0x13fed7fff com.apple.MetalPerformanceShaders.MPSImage (1.0) <6ae0c534-f970-34a3-a6ca-fb412ab9d142> /Volumes/VOLUME/*/MetalPerformanceShaders.framework/Frameworks/MPSImage.framework/MPSImage
       0x144ee0000 -        0x14511bfff com.apple.MetalPerformanceShaders.MPSNeuralNetwork (1.0) <283900f7-99ae-3dfd-a540-5537bb82d41d> /Volumes/VOLUME/*/MetalPerformanceShaders.framework/Frameworks/MPSNeuralNetwork.framework/MPSNeuralNetwork
       0x13edd8000 -        0x13ee03fff com.apple.MetalPerformanceShaders.MPSMatrix (1.0) <27ff3da2-d520-3470-a818-8b936b121882> /Volumes/VOLUME/*/MetalPerformanceShaders.framework/Frameworks/MPSMatrix.framework/MPSMatrix
       0x13ee48000 -        0x13ee97fff com.apple.MetalPerformanceShaders.MPSRayIntersector (1.0) <83305200-06d8-391c-805c-17008293764d> /Volumes/VOLUME/*/MetalPerformanceShaders.framework/Frameworks/MPSRayIntersector.framework/MPSRayIntersector
       0x144b84000 -        0x144d4ffff com.apple.MetalPerformanceShaders.MPSNDArray (1.0) <5ea0bbee-6a36-3982-af5c-893bbf4c26f8> /Volumes/VOLUME/*/MetalPerformanceShaders.framework/Frameworks/MPSNDArray.framework/MPSNDArray
       0x135b2c000 -        0x135b3ffff com.apple.MPSFunctions (1.0) <ccb19391-0f1d-3ba2-a3da-b41925ee6b43> /Volumes/VOLUME/*/MetalPerformanceShaders.framework/Frameworks/MPSFunctions.framework/MPSFunctions
       0x13ad2c000 -        0x13ad47fff com.apple.MPSBenchmarkLoop (1.0) <38c0580c-5450-3ea2-8309-d9d5319b0d22> /Volumes/VOLUME/*/MetalPerformanceShaders.framework/Frameworks/MPSBenchmarkLoop.framework/MPSBenchmarkLoop
       0x135bbc000 -        0x135bc3fff com.apple.MPSHost (1.0) <74563c33-e018-322e-a82d-1a0954fb069f> /Volumes/VOLUME/*/MetalPerformanceShaders.framework/Frameworks/MPSHost.framework/MPSHost
       0x145574000 -        0x1456bbfff com.apple.gpusw.MetalTools (1.0) <4391cffb-82d4-3fe4-a386-e372116c02ed> /Volumes/VOLUME/*/MetalTools.framework/MetalTools
       0x13bf08000 -        0x13bf1ffff com.apple.ggml.ModelAsset (1.0) <97d6ffc5-e030-3bf4-a3cd-b55d71d1bdd3> /Volumes/VOLUME/*/MLModelAsset.framework/MLModelAsset
       0x13acf4000 -        0x13ad07fff libcmph.dylib (*) <cfa4ace6-856b-35df-b3bc-e6b0223e116a> /Volumes/VOLUME/*/libcmph.dylib
       0x13fc64000 -        0x13fd57fff com.apple.CoreSceneUnderstanding (1.74.0) <986b4d34-03f5-3506-a63c-2a489279fe62> /Volumes/VOLUME/*/CoreSceneUnderstanding.framework/CoreSceneUnderstanding
       0x13f7ec000 -        0x13f827fff com.apple.VisionCore (9.5.4) <c51e0180-7e64-321c-ae97-280a5805e09e> /Volumes/VOLUME/*/VisionCore.framework/VisionCore
       0x146164000 -        0x146773fff libfaceCore.dylib (*) <d203d005-4c8e-34e9-ad73-1e54cbefc5ad> /Volumes/VOLUME/*/Vision.framework/libfaceCore.dylib
       0x13cb1c000 -        0x13cb33fff com.apple.Futhark (1.0) <48772939-aa43-33fc-8082-916ca7bc0f1c> /Volumes/VOLUME/*/Futhark.framework/Futhark
       0x13f880000 -        0x13f8f3fff com.apple.acg.InertiaCam (1.0) <ee3db25c-f4ee-37f7-8022-0ece493203bb> /Volumes/VOLUME/*/InertiaCam.framework/InertiaCam
       0x145cf8000 -        0x145f37fff com.apple.TextRecognition (1.0) <8d531aa8-24df-337c-8e09-c6453cbe6810> /Volumes/VOLUME/*/TextRecognition.framework/TextRecognition
       0x13c914000 -        0x13c91ffff com.apple.DataDetection (8.0) <db0b435c-be4d-3d31-8bcf-cccd792a2264> /Volumes/VOLUME/*/DataDetection.framework/DataDetection
       0x140d48000 -        0x140e33fff com.apple.CVNLP (1.0) <3f7c8c8e-05ae-3c42-b3bd-74504431c42c> /Volumes/VOLUME/*/CVNLP.framework/CVNLP
       0x138ad0000 -        0x138ad7fff com.apple.GeoServices (1.0) <6ec25614-313c-338c-aad1-aec830781487> /Volumes/VOLUME/*/GeoServicesCore.framework/GeoServicesCore
       0x13c93c000 -        0x13c947fff com.apple.PushKit (1.0) <199f70da-6159-37db-b9c4-d2f5eddb6277> /Volumes/VOLUME/*/PushKit.framework/PushKit
       0x13f030000 -        0x13f047fff com.apple.Engram (1.0) <418455b3-ef6d-3f95-8979-fb528fdb38f9> /Volumes/VOLUME/*/Engram.framework/Engram
       0x14523c000 -        0x1452bbfff com.apple.AsyncAlgorithmsInternal (1.0.0) <498324d9-956a-363c-9954-bc6fad60d092> /Volumes/VOLUME/*/AsyncAlgorithmsInternal.framework/AsyncAlgorithmsInternal
       0x12278c000 -        0x12278ffff com.apple.marco (10.0) <aee53122-ab9d-3359-8b26-3c7d68108074> /Volumes/VOLUME/*/Marco.framework/Marco
       0x1458ac000 -        0x14590ffff com.apple.internal.XPCDistributed (1.0) <391e2051-fbdb-3b4c-b6b1-0bfeb5992063> /Volumes/VOLUME/*/XPCDistributed.framework/XPCDistributed
       0x125b00000 -        0x125b03fff com.apple.ftawd (8.0) <a2b69e49-6093-3966-94ea-fefef1d12a5d> /Volumes/VOLUME/*/FTAWD.framework/FTAWD
       0x13eec0000 -        0x13eecffff com.apple.AppleIDAuthSupport (1.0) <d9238093-5c89-30e8-8b0f-5dc96e05a359> /Volumes/VOLUME/*/AppleIDAuthSupport.framework/AppleIDAuthSupport
       0x149f6c000 -        0x14a30bfff com.apple.cloudkit.CloudKit (2360.120.2) <74c2b678-2477-3b45-bb6a-4a8db3903d54> /Volumes/VOLUME/*/CloudKit.framework/CloudKit
       0x131ccc000 -        0x131ccffff com.apple.CoreDuetDaemonProtocol (1.0) <0840920c-795f-3c1e-9f96-104214177171> /Volumes/VOLUME/*/CoreDuetDaemonProtocol.framework/CoreDuetDaemonProtocol
       0x1452fc000 -        0x145353fff com.apple.cloudkit.C2 (1.3) <811d4d42-e988-3f1e-9ef7-033ed03b23aa> /Volumes/VOLUME/*/C2.framework/C2
       0x1453c4000 -        0x145423fff com.apple.cloudkit.CloudCoreInternal (*) <cadcd3ae-f2a8-3c05-9940-7fb3f1be0a43> /Volumes/VOLUME/*/CloudCoreInternal.framework/CloudCoreInternal
       0x145a14000 -        0x145a9ffff com.apple.ProtectedCloudStorage (1.0) <6db11e7c-7e4e-3e53-bbf4-37e6ed5871cf> /Volumes/VOLUME/*/ProtectedCloudStorage.framework/ProtectedCloudStorage
       0x140e78000 -        0x140ecffff com.apple.cloudkit.CloudAsset (*) <36b4977d-c2fa-33c0-ae9f-08adb8c6f343> /Volumes/VOLUME/*/CloudAsset.framework/CloudAsset
       0x14549c000 -        0x1454d7fff com.apple.CoreTransferable (1.0.1) <a285e09d-ef16-3385-a9ac-a84aba57d756> /Volumes/VOLUME/*/CoreTransferable.framework/CoreTransferable
       0x13f928000 -        0x13f95bfff com.apple.locationsupport (3075.0.8) <f5e1d9e0-3184-36f7-ae61-98b8d7693968> /Volumes/VOLUME/*/LocationSupport.framework/LocationSupport
       0x13f000000 -        0x13f007fff com.apple.CoreLocation.LocationLogEncryption (*) <e137f637-d9b4-3cdf-acfc-b014381150e2> /Volumes/VOLUME/*/LocationLogEncryption.framework/LocationLogEncryption
       0x13f018000 -        0x13f01ffff libheimdal-asn1.dylib (*) <6d9fd7ed-207b-3ecb-ac7a-5d79e9a4e8d9> /Volumes/VOLUME/*/libheimdal-asn1.dylib
       0x13fdac000 -        0x13fddbfff com.apple.security.octagontrust (1.0) <d1ca7480-ca98-3999-b851-dcf5d11441ec> /Volumes/VOLUME/*/OctagonTrust.framework/OctagonTrust
       0x140ca4000 -        0x140ce3fff com.apple.security.KeychainCircle.KeychainCircle (1.0) <1dae75a7-3b17-3039-9224-9a7bb9e020ca> /Volumes/VOLUME/*/KeychainCircle.framework/KeychainCircle
       0x146cf0000 -        0x146e4ffff com.apple.UIFoundation (1.0) <3ce0749b-0647-34a0-991b-52feca254f62> /Volumes/VOLUME/*/UIFoundation.framework/UIFoundation
       0x13f090000 -        0x13f09ffff com.apple.IntentsFoundation (1.0) <2c0dda38-2bb0-3b32-9931-48fce60eb6f8> /Volumes/VOLUME/*/IntentsFoundation.framework/IntentsFoundation
       0x146a20000 -        0x146adbfff com.apple.AppProtection (1.0) <de592ae7-e5b9-362f-953a-18375c17bf93> /Volumes/VOLUME/*/AppProtection.framework/AppProtection
       0x146fc0000 -        0x147083fff com.apple.CoreSuggestions (1.0) <2150a988-acf1-33ed-86c2-342cf4e7c0b1> /Volumes/VOLUME/*/CoreSuggestions.framework/CoreSuggestions
       0x14a5ac000 -        0x14a6ebfff com.apple.CoreSpotlight (1.0) <bb07aad8-408c-3cac-9633-8b4db90a43c8> /Volumes/VOLUME/*/CoreSpotlight.framework/CoreSpotlight
       0x145b40000 -        0x145b77fff com.apple.proactive.support.ProactiveEventTracker (1.0) <6251c07f-fe72-37e9-b45c-019b43a5be19> /Volumes/VOLUME/*/ProactiveEventTracker.framework/ProactiveEventTracker
       0x146b60000 -        0x146bc7fff com.apple.spotlight.metadata.utilities (1.0) <80bd53cf-6f5a-3bf7-97f6-7ef2eb7e9934> /Volumes/VOLUME/*/MetadataUtilities.framework/MetadataUtilities
       0x13f060000 -        0x13f06ffff com.apple.spotlight.CSExattrCrypto (1.0) <07d8f612-a736-3e81-9689-86a299521f6e> /Volumes/VOLUME/*/CSExattrCrypto.framework/CSExattrCrypto
       0x144e68000 -        0x144e83fff com.apple.CellularPlanManager (1.0) <ca127a46-f1cf-3bad-b1ac-946fd6eae6f0> /Volumes/VOLUME/*/CellularPlanManager.framework/CellularPlanManager
       0x147174000 -        0x14722bfff com.apple.ClassKit (1.2) <5490bb36-bbd6-39d7-be6c-d9415381d57c> /Volumes/VOLUME/*/ClassKit.framework/ClassKit
       0x146c30000 -        0x146c6bfff com.apple.contacts.vCard (1.0) <535ceda8-0cc5-3a1a-a769-e1bc78c648d1> /Volumes/VOLUME/*/vCard.framework/vCard
       0x13f984000 -        0x13f98bfff com.apple.ManagedOrganizationContacts (1.2) <18886b94-b752-3920-ad98-ae4698288471> /Volumes/VOLUME/*/ManagedOrganizationContacts.framework/ManagedOrganizationContacts
       0x14a878000 -        0x14a937fff com.apple.CloudDocs (1.0) <4d3c974e-445c-37d9-8d7c-a16ad728ab71> /Volumes/VOLUME/*/CloudDocs.framework/CloudDocs
       0x140c54000 -        0x140c6bfff libprequelite.dylib (*) <19cdf706-ec87-3bac-9bca-a5b0fa5dbfe9> /Volumes/VOLUME/*/libprequelite.dylib
       0x145c4c000 -        0x145c93fff com.apple.LiveCommunicationKit (1.0) <3156f7db-02ec-3005-8bdb-9f5bd86fc5e5> /Volumes/VOLUME/*/LiveCommunicationKit.framework/LiveCommunicationKit
       0x13fe14000 -        0x13fe1bfff com.apple.CallsUtilities (1.0) <7dd808e4-ebfe-39f4-9ecd-1f0aaff7cdda> /Volumes/VOLUME/*/CallsUtilities.framework/CallsUtilities
       0x145bc0000 -        0x145bdbfff com.apple.CallsXPC (1.0) <bc1ad98c-ea79-37d4-8d1e-d34931112d70> /Volumes/VOLUME/*/CallsXPC.framework/CallsXPC
       0x140024000 -        0x140027fff libswiftCallKit.dylib (*) <d192166b-609c-3e67-bcbd-75f475ce5187> /Volumes/VOLUME/*/libswiftCallKit.dylib
       0x147328000 -        0x14735ffff com.apple.RemoteTextInput (1.0) <8c93c450-cbbe-3dea-888e-dddec9f3f445> /Volumes/VOLUME/*/RemoteTextInput.framework/RemoteTextInput
       0x14aa0c000 -        0x14aa8bfff com.apple.MediaServices (1.0) <a5e7a6ce-f9de-34ee-bce9-b4f61c5c40d5> /Volumes/VOLUME/*/MediaServices.framework/MediaServices
       0x1473b0000 -        0x1473dbfff com.apple.persistentconnection (1.0) <09042307-b950-3a01-b66e-26ee0597eae1> /Volumes/VOLUME/*/PersistentConnection.framework/PersistentConnection
       0x14ab28000 -        0x14abe3fff com.apple.SonicFoundation (1.0) <b53560ed-c0dc-3f0e-88b3-5ab8f58807bc> /Volumes/VOLUME/*/SonicFoundation.framework/SonicFoundation
       0x147418000 -        0x14745ffff com.apple.Osprey (1.0) <c7ecf17a-b70f-3ae1-bbce-d26ddb72ad03> /Volumes/VOLUME/*/Osprey.framework/Osprey
       0x14ba08000 -        0x14c34bfff com.apple.siri.tts.SiriTTS (1) <68c721a9-dd60-3001-ba38-05bc312cd4fa> /Volumes/VOLUME/*/SiriTTS.framework/SiriTTS
       0x140c18000 -        0x140c23fff com.apple.siri.SiriPowerInstrumentation (1) <499d00af-b28b-3654-810f-657a77ae5932> /Volumes/VOLUME/*/SiriPowerInstrumentation.framework/SiriPowerInstrumentation
       0x1472a0000 -        0x1472b3fff libswiftCoreAudio_Private.dylib (*) <e80d78af-910f-3882-a3a6-c88008efa018> /Volumes/VOLUME/*/libswiftCoreAudio_Private.dylib
       0x14ac88000 -        0x14ace7fff com.apple.crossdevicearbitration.feedback (1.0) <45a025d6-af3c-30fa-8e74-7ab072cf8763> /Volumes/VOLUME/*/SiriCrossDeviceArbitrationFeedback.framework/SiriCrossDeviceArbitrationFeedback
       0x1474a0000 -        0x1474bbfff com.apple.setupandmigration.SetupAssistantSupport (1.0) <ef7556c4-7077-354c-aa5a-daf2c4126e8f> /Volumes/VOLUME/*/SetupAssistantSupport.framework/SetupAssistantSupport
       0x14ad54000 -        0x14ad7ffff com.apple.icloud.FindMyDevice (1.0) <27c0e605-4ee3-3dd6-a6ca-778ac0a8342d> /Volumes/VOLUME/*/FindMyDevice.framework/FindMyDevice
       0x14adc4000 -        0x14adebfff com.apple.IntlPreferences (1.0) <ad0b8e08-04ee-360d-96c3-5428f4689ab0> /Volumes/VOLUME/*/IntlPreferences.framework/IntlPreferences
       0x14ae24000 -        0x14ae43fff com.apple.icloud.FMCoreLite (1.0) <1b41e524-45a6-32b0-8d78-03589dabc730> /Volumes/VOLUME/*/FMCoreLite.framework/FMCoreLite
       0x1472e8000 -        0x147303fff libresolv.9.dylib (*) <47a3e429-ee15-36c3-b15e-179fafe4f237> /Volumes/VOLUME/*/libresolv.9.dylib
       0x140d30000 -        0x140d37fff com.apple.CommonAuth (4.0) <b2ac1156-4718-353f-ab9a-fbbe7270a498> /Volumes/VOLUME/*/CommonAuth.framework/CommonAuth
       0x14af88000 -        0x14b037fff com.apple.security.CryptoKit-Private (1.0) <a8d9cdc5-2d2a-3797-a598-70ebdeb126b4> /Volumes/VOLUME/*/CryptoKitPrivate.framework/CryptoKitPrivate
       0x14ae7c000 -        0x14aeb7fff com.apple.awd (1.0) <9815983f-2217-340a-a8ec-6c0ceaf09019> /Volumes/VOLUME/*/WirelessDiagnostics.framework/WirelessDiagnostics
       0x14b340000 -        0x14b47ffff libAWDSupportFramework.dylib (*) <a4c7033e-c01e-3443-be15-7984eb823003> /Volumes/VOLUME/*/libAWDSupportFramework.dylib
       0x1474f0000 -        0x147523fff libAWDSupport.dylib (*) <422dd41b-04c6-3e2d-84be-fbf9afd49d37> /Volumes/VOLUME/*/libAWDSupport.dylib
       0x147540000 -        0x147553fff libprotobuf-lite.dylib (*) <57cb1d39-ab9f-3169-92ef-a8d8dcc347b8> /Volumes/VOLUME/*/libprotobuf-lite.dylib
       0x14b164000 -        0x14b1bffff libprotobuf.dylib (*) <fcc04cc2-33d7-3a5c-8d9a-469ddde67d59> /Volumes/VOLUME/*/libprotobuf.dylib
       0x1359b4000 -        0x1359b7fff com.apple.CaptiveNetworkSupport (13.0) <021b6a7f-4d2e-3b21-bfa6-1097fdabf8a0> /Volumes/VOLUME/*/CaptiveNetwork.framework/CaptiveNetwork
       0x14aef4000 -        0x14af07fff com.apple.SystemWake (1.0) <06605bd1-a5a2-3318-9e93-37759d9f2a8c> /Volumes/VOLUME/*/SystemWake.framework/SystemWake
       0x14ceb0000 -        0x14d257fff com.apple.Sharing (2094.60.51) <aa7f0101-7e68-331d-8c42-e1b1f5e19c04> /Volumes/VOLUME/*/Sharing.framework/Sharing
       0x13e2b4000 -        0x13e2b7fff libutil.dylib (*) <b194b02d-3f45-3a31-8c84-db35239294eb> /Volumes/VOLUME/*/libutil.dylib
       0x14b230000 -        0x14b257fff com.apple.PrototypeTools (1.0) <7c78cd81-4f91-3369-8b13-450d5a525734> /Volumes/VOLUME/*/PrototypeTools.framework/PrototypeTools
       0x14b6d8000 -        0x14b73ffff com.apple.Pegasus (1.0) <3f98a2a1-1fd8-3336-bc2a-346786daf940> /Volumes/VOLUME/*/Pegasus.framework/Pegasus
       0x14b8e4000 -        0x14b967fff com.apple.TipKit (26.5) <adf6b19a-4c5f-3374-89c4-51e2514e11fc> /Volumes/VOLUME/*/TipKit.framework/TipKit
       0x145548000 -        0x145553fff com.apple.audio.AudioDataAnalysisFramework (1.0) <cb302002-6502-3b2a-8d5b-ba91840339e7> /Volumes/VOLUME/*/AudioDataAnalysis.framework/AudioDataAnalysis
       0x14c8bc000 -        0x14c92ffff com.apple.SystemStatus (1.0) <afa744cf-fb87-3d6f-92d5-52387f6aa6fd> /Volumes/VOLUME/*/SystemStatus.framework/SystemStatus
       0x14cb88000 -        0x14cc3ffff com.apple.FrontBoard (1000.4.11) <4bedb879-f316-3ed2-83d3-35ea8cd084c1> /Volumes/VOLUME/*/FrontBoard.framework/FrontBoard
       0x14b7cc000 -        0x14b823fff com.apple.DocumentManager (1.0) <c1d9e1f0-613d-32ee-8c00-818c9c23bb97> /Volumes/VOLUME/*/DocumentManager.framework/DocumentManager
       0x151ef8000 -        0x1541e7fff com.apple.UIKitCore (1.0) <12463677-be34-38f7-9e11-3421bbf362fc> /Volumes/VOLUME/*/UIKitCore.framework/UIKitCore
       0x14d8fc000 -        0x14da3ffff com.apple.ShareSheet (2094.60.51) <c3a6cb18-8b49-3622-88ee-acb40edcc974> /Volumes/VOLUME/*/ShareSheet.framework/ShareSheet
       0x14cd20000 -        0x14cdb7fff com.apple.PrintKitUI (1.0) <a8eecbc3-bae4-3511-a8b6-7153ea6fd350> /Volumes/VOLUME/*/PrintKitUI.framework/PrintKitUI
       0x14c788000 -        0x14c7effff com.apple.DocumentManagerCore (1.0) <0a249889-620a-3e29-b7df-a3aeaaf710ab> /Volumes/VOLUME/*/DocumentManagerCore.framework/DocumentManagerCore
       0x14b09c000 -        0x14b0bffff com.apple.CollectionViewCore (1.0) <0fca47a0-e139-3066-a10d-a1fd41d627d3> /Volumes/VOLUME/*/CollectionViewCore.framework/CollectionViewCore
       0x144eb8000 -        0x144ebbfff com.apple.UIUtilities (*) <c735b1e5-d185-3935-973f-52c029ec58cc> /Volumes/VOLUME/*/UIUtilities.framework/UIUtilities
       0x145c14000 -        0x145c1bfff com.apple.dt.XCTTargetBootstrap (26.5) <8c4334df-62f1-3050-997e-702ae97958e1> /Volumes/VOLUME/*/XCTTargetBootstrap.framework/XCTTargetBootstrap
       0x14df98000 -        0x14e15bfff com.apple.WebKitLegacy (8624) <9d812216-bd06-37f6-a580-615ea96eeca9> /Volumes/VOLUME/*/WebKitLegacy.framework/WebKitLegacy
       0x145c30000 -        0x145c37fff libapp_launch_measurement.dylib (*) <6678c1b5-e230-3e1a-9d1d-6eff36c8290c> /Volumes/VOLUME/*/libapp_launch_measurement.dylib
       0x14b0f4000 -        0x14b10bfff com.apple.performance.DiagnosticRequest (1.4) <034e3861-2731-3f37-a6fe-fa0b905dce34> /Volumes/VOLUME/*/DiagnosticRequest.framework/DiagnosticRequest
       0x14dbe8000 -        0x14dcf3fff com.apple.UIIntelligenceSupport (1.0) <2a3b377d-612a-3e6b-82f1-fd4302eca7aa> /Volumes/VOLUME/*/UIIntelligenceSupport.framework/UIIntelligenceSupport
       0x14e348000 -        0x14e48ffff com.apple.DesignLibrary (7.5.2) <f0585fa0-8c83-33bb-b112-35fff73f378b> /Volumes/VOLUME/*/DesignLibrary.framework/DesignLibrary
       0x14d610000 -        0x14d6bbfff com.apple.Gestures (9126.1.5) <baae6d5c-3e48-3f4d-bda3-356eaeabcfe7> /Volumes/VOLUME/*/Gestures.framework/Gestures
       0x14b12c000 -        0x14b13ffff com.apple.PointerUIServices (1.0) <59094d32-5346-39f8-87a6-abd4adfbf46e> /Volumes/VOLUME/*/PointerUIServices.framework/PointerUIServices
       0x14b5e4000 -        0x14b623fff com.apple.BacklightServices (1.0) <d70906f2-78dc-363c-bf48-f8c2f24266b9> /Volumes/VOLUME/*/BacklightServices.framework/BacklightServices
       0x14b298000 -        0x14b2bbfff com.apple.CoreMaterial (1.0) <75474214-954f-31df-8d2a-ceb842b74c6d> /Volumes/VOLUME/*/CoreMaterial.framework/CoreMaterial
       0x14ca74000 -        0x14caabfff com.apple.Pasteboard (1.0) <a197218d-fd18-30dc-9bd8-03e0174d3da2> /Volumes/VOLUME/*/Pasteboard.framework/Pasteboard
       0x146148000 -        0x14614ffff com.apple.WritingTools (1.0) <bd8fa489-c411-3d61-a440-2c643c55457d> /Volumes/VOLUME/*/WritingTools.framework/WritingTools
       0x14c9f0000 -        0x14ca0ffff com.apple.Accessibility (1.0) <036937fa-1455-38d4-bc90-8ac9beda5eec> /Volumes/VOLUME/*/Accessibility.framework/Accessibility
       0x13e2c8000 -        0x13e2cbfff com.apple.UpdateCycle (1) <bf336d09-edc7-3103-af09-7ba213f51c1f> /Volumes/VOLUME/*/UpdateCycle.framework/UpdateCycle
       0x14b2f4000 -        0x14b307fff com.apple.Symbols (1.0) <33212bf5-7720-3e89-b6e3-514cc4df4455> /Volumes/VOLUME/*/Symbols.framework/Symbols
       0x15682c000 -        0x157537fff com.apple.SwiftUICore (7.5.3) <b956b64a-af8d-3b4b-8027-702bb1f65374> /Volumes/VOLUME/*/SwiftUICore.framework/SwiftUICore
       0x14d714000 -        0x14d757fff com.apple.PhysicsKit (*) <32502fa6-923a-3aee-8079-55f787c27302> /Volumes/VOLUME/*/PhysicsKit.framework/PhysicsKit
       0x15e188000 -        0x1619bffff com.apple.WebCore (8624) <8d58434a-b799-3cdd-81b1-7941f178f589> /Volumes/VOLUME/*/WebCore.framework/WebCore
       0x14b68c000 -        0x14b6b7fff libxslt.1.dylib (*) <afb19f5c-ce7b-3916-b09c-042539e492bc> /Volumes/VOLUME/*/libxslt.1.dylib
       0x14ea5c000 -        0x14ed5bfff libANGLE-shared.dylib (*) <b936867b-8e72-3af3-9d85-5536eb2c9139> /Volumes/VOLUME/*/WebCore.framework/Frameworks/libANGLE-shared.dylib
       0x14ef38000 -        0x14f197fff com.apple.WebGPU (8624) <e32077b3-4190-3f04-b737-a4e4a3286768> /Volumes/VOLUME/*/WebGPU.framework/WebGPU
       0x1500e4000 -        0x150c37fff libwebrtc.dylib (*) <11cdb82e-7f63-3c1e-906f-ec7fb0b65f06> /Volumes/VOLUME/*/WebCore.framework/Frameworks/libwebrtc.dylib
       0x107ed4000 -        0x107ed7fff libswiftFoundation.dylib (*) <72d488b4-5a93-3cf9-afcb-d7d68b85d612> /Volumes/VOLUME/*/libswiftFoundation.dylib
       0x14d79c000 -        0x14d7bbfff libswiftSwiftOnoneSupport.dylib (*) <a1722f66-0d8b-398f-8932-a4ede8d0ac10> /Volumes/VOLUME/*/libswiftSwiftOnoneSupport.dylib
       0x10d454000 -        0x10d457fff libswiftsys_time.dylib (*) <b3c48bce-32fc-3b20-8aec-72c0758bd93c> /Volumes/VOLUME/*/libswiftsys_time.dylib
       0x14ddd0000 -        0x14de33fff com.apple.UserActivity (551) <c5de29b6-3e2c-34de-aa3c-32346c8ff586> /Volumes/VOLUME/*/UserActivity.framework/UserActivity
       0x14de98000 -        0x14defffff com.apple.AXRuntime (1.0.0) <f6d7318c-6b74-3be8-acf6-44534db4b388> /Volumes/VOLUME/*/AXRuntime.framework/AXRuntime
       0x10d4a4000 -        0x10d4a7fff libSpatial.dylib (*) <c399bec3-29f9-3d68-8009-1d4b82406ec4> /Volumes/VOLUME/*/libSpatial.dylib
       0x14e690000 -        0x14e6fbfff com.apple.framework.PrintKit (3.0) <15cdcaab-1a97-3060-bcb2-c666e4c9683d> /Volumes/VOLUME/*/PrintKit.framework/PrintKit
       0x14f24c000 -        0x14f33ffff com.apple.TextAnimationSupport (7.2.1) <5489f3e3-f540-30b0-a30d-f57c63dad366> /Volumes/VOLUME/*/TextAnimationSupport.framework/TextAnimationSupport
       0x14c86c000 -        0x14c887fff com.apple.RecapPerformanceTesting (50) <daf67347-a196-3adb-a7fb-3ccd2df002f1> /Volumes/VOLUME/*/RecapPerformanceTesting.framework/RecapPerformanceTesting
       0x14f4c4000 -        0x14f55bfff com.apple.ClockKit (1.0) <57f84ee3-2646-39f3-a5e7-19cbea94d604> /Volumes/VOLUME/*/ClockKit.framework/ClockKit
       0x14e8ec000 -        0x14e96ffff com.apple.signpost.SignpostSupport (1.174.8) <60bfcc74-6ee5-3aaf-be32-87443b84fb06> /Volumes/VOLUME/*/SignpostSupport.framework/SignpostSupport
       0x14af50000 -        0x14af5bfff com.apple.performance.SignpostCollection (1.174.8) <ee4adca4-28d3-3726-95dd-7d3291d25905> /Volumes/VOLUME/*/SignpostCollection.framework/SignpostCollection
       0x14f65c000 -        0x14f717fff com.apple.TipKitCore (26.5) <dc6707b9-74b8-36da-9a4f-e17e86342467> /Volumes/VOLUME/*/TipKitCore.framework/TipKitCore
       0x150fd0000 -        0x15138ffff com.apple.Photos (1.0) <350ea1cb-6fcb-3628-9b21-59b351996fbe> /Volumes/VOLUME/*/Photos.framework/Photos
       0x13fe30000 -        0x13fe33fff libswiftDataDetection.dylib (*) <3119af59-1eaa-3731-a7cb-c21c556b63c0> /Volumes/VOLUME/*/libswiftDataDetection.dylib
       0x14fbfc000 -        0x14fe13fff com.apple.CloudPhotoLibrary (1.0) <5aef33b2-626a-344e-8fdc-06a4f8f0b2f7> /Volumes/VOLUME/*/CloudPhotoLibrary.framework/CloudPhotoLibrary
       0x14ca48000 -        0x14ca57fff com.apple.CloudPhotoServices (1.0) <9f6e412c-78c8-3603-adb1-0cfffb9a02b3> /Volumes/VOLUME/*/CloudPhotoServices.framework/CloudPhotoServices
       0x14f9a4000 -        0x14faabfff com.apple.CoreMediaStream (1.0) <051b20a9-bef7-3308-b3aa-8312aeb0f420> /Volumes/VOLUME/*/CoreMediaStream.framework/CoreMediaStream
       0x14d804000 -        0x14d823fff com.apple.CPAnalytics (1.0) <90a9b4b7-dfa4-3ae3-a9e6-4ceb94d442af> /Volumes/VOLUME/*/CPAnalytics.framework/CPAnalytics
       0x14d85c000 -        0x14d893fff com.apple.ImageCaptureCore (2020.2.2) <ea4042ce-322d-3291-bfc3-7a4509a13e15> /Volumes/VOLUME/*/ImageCaptureCore.framework/ImageCaptureCore
       0x14e580000 -        0x14e5b3fff com.apple.photo.MediaConversionService (11.0) <f75e0756-6618-3764-9cdb-bb78b945e445> /Volumes/VOLUME/*/MediaConversionService.framework/MediaConversionService
       0x14caf8000 -        0x14cb0bfff com.apple.PhotoFoundation (1.0) <1ca048e4-40cc-37f0-9e32-0a9fb8b1eb33> /Volumes/VOLUME/*/PhotoFoundation.framework/PhotoFoundation
       0x15a0b4000 -        0x15a9dffff com.apple.PhotoLibraryServices (1.0) <6c752178-99f4-33c4-8431-7f7c4cb838e6> /Volumes/VOLUME/*/PhotoLibraryServices.framework/PhotoLibraryServices
       0x1519ec000 -        0x151b03fff com.apple.PhotoLibraryServicesCore (1.0) <22a6b308-d15f-3880-af90-1f0c0d474b1c> /Volumes/VOLUME/*/PhotoLibraryServicesCore.framework/PhotoLibraryServicesCore
       0x158f24000 -        0x15904ffff com.apple.PhotosFormats (1.0) <ccf81616-648d-3608-b7d0-172c43644b2b> /Volumes/VOLUME/*/PhotosFormats.framework/PhotosFormats
       0x14f7b8000 -        0x14f85ffff com.apple.cloudkit.MMCS (1.3) <b6994df5-87f1-34c0-bd8f-8a80ba719f67> /Volumes/VOLUME/*/MMCS.framework/MMCS
       0x14f8dc000 -        0x14f92ffff com.apple.ChunkingLibrary (2300.104) <c0837fcd-1306-3c95-b48f-4d9d2c6e3a92> /Volumes/VOLUME/*/ChunkingLibrary.framework/ChunkingLibrary
       0x14cb34000 -        0x14cb53fff com.apple.AssetCacheServices (140.120.2) <65d85114-c29f-3330-96eb-ec87604bee8a> /Volumes/VOLUME/*/AssetCacheServices.framework/AssetCacheServices
       0x14e7a0000 -        0x14e7fbfff libswiftDemangle.dylib (*) <4c674b42-e6bb-3457-b7b9-28ab9a1b8635> /Volumes/VOLUME/*/libswiftDemangle.dylib
       0x14e824000 -        0x14e84ffff com.apple.ImageCaptureDevices (2020.2.2) <9ef62c18-c374-3fa3-8813-9567d0759e2b> /Volumes/VOLUME/*/ImageCaptureDevices.framework/ImageCaptureDevices
       0x14e894000 -        0x14e8b3fff com.apple.mediastream (1.0) <7cf17cc9-3c39-34f9-9dc8-25920038a2ed> /Volumes/VOLUME/*/MediaStream.framework/MediaStream
       0x151c38000 -        0x151d27fff com.apple.NLP (1.0) <1bee8996-699c-346b-b2ab-b707e4d6ee68> /Volumes/VOLUME/*/NLP.framework/NLP
       0x150044000 -        0x150077fff com.apple.PhotosImagingFoundation (11.0) <9ab1a566-45a5-3555-9a22-4c36ca3ebc7c> /Volumes/VOLUME/*/PhotosImagingFoundation.framework/PhotosImagingFoundation
       0x151848000 -        0x151897fff com.apple.PhotosIntelligenceCore (1.0) <88dac23d-1365-388b-8a95-e61d77454f72> /Volumes/VOLUME/*/PhotosIntelligenceCore.framework/PhotosIntelligenceCore
       0x151dd0000 -        0x151e43fff com.apple.ToneLibrary (1.0) <74f6c3f2-7e40-3440-b2cd-14a887f4f562> /Volumes/VOLUME/*/ToneLibrary.framework/ToneLibrary
       0x15c884000 -        0x15d487fff com.apple.private.EmbeddedAcousticRecognition (1.0) <8b75ca0a-c7d1-3ed6-84a1-0aa61de1f3ea> /Volumes/VOLUME/*/EmbeddedAcousticRecognition.framework/EmbeddedAcousticRecognition
       0x15931c000 -        0x159397fff com.apple.EmojiFoundation (1.0) <de4e3307-9008-33de-85c7-b99c1ce07244> /Volumes/VOLUME/*/EmojiFoundation.framework/EmojiFoundation
       0x1591b4000 -        0x15923ffff com.apple.vectordb.VectorSearch (1.0) <5200e62f-4351-34a5-8f4e-3f51758f2d0a> /Volumes/VOLUME/*/VectorSearch.framework/VectorSearch
       0x159920000 -        0x159c73fff com.apple.SDAPI (1.0) <e0e68f07-34ef-37f8-aae9-368d5ab4e8bb> /Volumes/VOLUME/*/SDAPI.framework/SDAPI
       0x159670000 -        0x1597c3fff com.apple.GRDB.GRDBInternal (1.0) <28ba3767-3837-396d-9e49-e39ca94c4b63> /Volumes/VOLUME/*/GRDBInternal.framework/GRDBInternal
       0x15b72c000 -        0x15ba57fff com.apple.MediaLibraryCore (1.0) <5c1ad378-ef29-353d-b443-bf4c265bf485> /Volumes/VOLUME/*/MediaLibraryCore.framework/MediaLibraryCore
       0x15c130000 -        0x15c3a3fff com.apple.iTunesCloud (1.0) <ffb0c195-c080-3d4a-8234-7e3cfebfdccb> /Volumes/VOLUME/*/iTunesCloud.framework/iTunesCloud
       0x1639b8000 -        0x163cb7fff com.apple.MusicLibrary (1.0.0) <e88a20c0-f6db-312d-a474-8987784a0654> /Volumes/VOLUME/*/MusicLibrary.framework/MusicLibrary
       0x14fb90000 -        0x14fbbbfff com.apple.BaseBoardUI (732.1.1) <a8f79d83-36a2-3f57-9f65-bf615c58b09f> /Volumes/VOLUME/*/BaseBoardUI.framework/BaseBoardUI
       0x1517a4000 -        0x1517d3fff com.apple.HomeSharing (1.0) <6b3f8fac-9315-3336-9166-764cd3d64ebd> /Volumes/VOLUME/*/HomeSharing.framework/HomeSharing
       0x1649a0000 -        0x164f33fff com.apple.AppleMediaServices (1.0) <a75b54f3-44b6-334d-bac2-e1ea0e4dcfff> /Volumes/VOLUME/*/AppleMediaServices.framework/AppleMediaServices
       0x146cd0000 -        0x146cd7fff com.apple.DAAPKit (1.0) <5ea4e174-2d02-3972-ba8b-b8e92cfdc16f> /Volumes/VOLUME/*/DAAPKit.framework/DAAPKit
       0x1518f0000 -        0x15191ffff com.apple.CoreFollowUp (1.0) <3175a1d8-262d-39c4-b216-59b7d70cdffc> /Volumes/VOLUME/*/CoreFollowUp.framework/CoreFollowUp
       0x15bc14000 -        0x15bf73fff com.apple.AppleMediaServicesKitInternal (1.5.5) <6c43ee0e-c775-3c45-9e01-187686449200> /Volumes/VOLUME/*/AppleMediaServicesKitInternal.framework/AppleMediaServicesKitInternal
       0x159e04000 -        0x159ee3fff com.apple.coreidv.CoreIDV (8.504) <1731a57e-22a7-311a-a641-9e6959047162> /Volumes/VOLUME/*/CoreIDV.framework/CoreIDV
       0x16345c000 -        0x1636d3fff com.apple.coreidv.CoreIDVShared (8.504) <f767c251-6e37-315d-974a-b6eca7fe18d5> /Volumes/VOLUME/*/CoreIDVShared.framework/CoreIDVShared
       0x151960000 -        0x151993fff com.apple.CBORLibrary (1.0) <4f5df7e7-3f82-3297-9776-8660694f2193> /Volumes/VOLUME/*/CBORLibrary.framework/CBORLibrary
       0x15927c000 -        0x1592a7fff com.apple.security.SwiftASN1Internal (1.0) <eb09c436-def1-345e-8c4b-b3bff0515a8d> /Volumes/VOLUME/*/SwiftASN1Internal.framework/SwiftASN1Internal
       0x163f14000 -        0x1640c7fff com.apple.Safari.Core (8624) <88200411-d721-3770-91b1-a91c75cf05ca> /Volumes/VOLUME/*/SafariCore.framework/SafariCore
       0x15b440000 -        0x15b54bfff com.apple.AuthKitUI (1.0) <43999bc5-0cf7-3a56-8366-945393138dfa> /Volumes/VOLUME/*/AuthKitUI.framework/AuthKitUI
       0x159520000 -        0x15955ffff com.apple.SafariFoundation (8624) <95ec1a1f-160a-3509-9ac9-49a7fb768d9f> /Volumes/VOLUME/*/SafariFoundation.framework/SafariFoundation
       0x159484000 -        0x1594c3fff com.apple.AppSSO (1.0) <fb1de6fc-dd63-33f0-a4a8-f18eb8972ca3> /Volumes/VOLUME/*/AppSSO.framework/AppSSO
       0x15c64c000 -        0x15c747fff com.apple.AuthenticationServicesCore (1.0) <651ef6e8-d179-383c-a81d-34c6eca51c09> /Volumes/VOLUME/*/AuthenticationServicesCore.framework/AuthenticationServicesCore
       0x1595bc000 -        0x1595dffff com.apple.LocalAuthenticationPrivateUI (1.0) <5e44f6aa-8765-365a-8642-413dca092364> /Volumes/VOLUME/*/LocalAuthenticationPrivateUI.framework/LocalAuthenticationPrivateUI
       0x15b340000 -        0x15b3abfff com.apple.OnBoardingKit (1.0) <e612b5dd-d1f4-310d-8c8a-d01bb6efc158> /Volumes/VOLUME/*/OnBoardingKit.framework/OnBoardingKit
       0x159fe0000 -        0x15a01bfff com.apple.LocalAuthenticationEmbeddedUI (1.0) <010c3221-521f-39c5-8b51-c163913fd53c> /Volumes/VOLUME/*/LocalAuthenticationEmbeddedUI.framework/LocalAuthenticationEmbeddedUI
       0x165ef8000 -        0x1663dbfff com.apple.ContactsUI (1.0.0) <98960055-d6cc-37d1-b9ba-f5d9898d1e3b> /Volumes/VOLUME/*/ContactsUI.framework/ContactsUI
       0x1642c4000 -        0x1643bbfff com.apple.FamilyCircle (1.0) <64803d8d-62cd-3a7d-baec-9a422f1f0c2a> /Volumes/VOLUME/*/FamilyCircle.framework/FamilyCircle
       0x165450000 -        0x1655dbfff com.apple.LinkPresentation (296) <ad8af254-dbb2-318b-8195-4f6618361310> /Volumes/VOLUME/*/LinkPresentation.framework/LinkPresentation
       0x14b898000 -        0x14b89ffff com.apple.BrowserEngineCore (1.0) <d56c244f-d879-3376-9477-2d1216f7fff7> /Volumes/VOLUME/*/BrowserEngineCore.framework/BrowserEngineCore
       0x15b248000 -        0x15b287fff com.apple.ManagedSettingsObjC (267.122.1) <fad216ae-783b-39b9-b821-21fbbe41b906> /Volumes/VOLUME/*/ManagedSettingsObjC.framework/ManagedSettingsObjC
       0x159618000 -        0x15963bfff com.apple.SharedWebCredentials (1001) <e089f325-280a-35ef-aafb-3b5be17ed5bb> /Volumes/VOLUME/*/SharedWebCredentials.framework/SharedWebCredentials
       0x1669a8000 -        0x166d9bfff com.apple.AppIntents (1.0) <6be06d5e-ff67-33e8-9fc4-c8cbfcdfe300> /Volumes/VOLUME/*/AppIntents.framework/AppIntents
       0x14ce6c000 -        0x14ce73fff com.apple.RelevanceKit (1.0) <76db9b06-a39e-3ed4-8d5d-cc0f1ba39bbc> /Volumes/VOLUME/*/RelevanceKit.framework/RelevanceKit
       0x1657a4000 -        0x165927fff com.apple.LinkServices (1.0) <bebcdf81-4611-398c-aefa-c580863ad948> /Volumes/VOLUME/*/LinkServices.framework/LinkServices
       0x1644b8000 -        0x164583fff com.apple.ActivityKit (1.0) <fd3ac0c6-53d5-3735-88c7-e93eb236c4a9> /Volumes/VOLUME/*/ActivityKit.framework/ActivityKit
       0x14e5fc000 -        0x14e60bfff com.apple.appintents.AppIntentsTypeSupport (1.0) <80ebc048-3407-3850-932a-aea1cf6c8304> /Volumes/VOLUME/*/AppIntentsTypeSupport.framework/AppIntentsTypeSupport
       0x15c010000 -        0x15c077fff com.apple.DoNotDisturb (1.0) <77df2e83-ee19-3a48-91db-890129837c69> /Volumes/VOLUME/*/DoNotDisturb.framework/DoNotDisturb
       0x164644000 -        0x164793fff com.apple.LinkMetadata (1.0) <1e7f6bcc-fbac-37ce-ab7c-0645ea2da49f> /Volumes/VOLUME/*/LinkMetadata.framework/LinkMetadata
       0x159864000 -        0x159887fff com.apple.IntentsCore (1.0) <8e5b84a5-e6a1-3d72-9dbc-568205ab497b> /Volumes/VOLUME/*/IntentsCore.framework/IntentsCore
       0x145ce0000 -        0x145ce3fff com.apple.AvailabilityKit (1.0) <6aa56142-bb2f-3a6b-ada2-7047b280e799> /Volumes/VOLUME/*/AvailabilityKit.framework/AvailabilityKit
       0x1592cc000 -        0x1592effff com.apple.internal.SessionAssertion (1.0) <d11f7f5f-ec47-352a-9fdf-0199e6766dfe> /Volumes/VOLUME/*/SessionAssertion.framework/SessionAssertion
       0x15dec4000 -        0x15df43fff com.apple.AppIntentSchemas (1.0) <24c2576c-4ef9-3691-8381-3b94e867173e> /Volumes/VOLUME/*/AppIntentSchemas.framework/AppIntentSchemas
       0x14b8b4000 -        0x14b8bbfff com.apple.GeoToolbox (1.0) <a8c04f3c-4bf5-3b39-b15a-ce52d3225bc1> /Volumes/VOLUME/*/GeoToolbox.framework/GeoToolbox
       0x15dfd0000 -        0x15e003fff com.apple.StatusKit (1.0) <284d03b4-bbcc-34d6-a541-72c4ae957744> /Volumes/VOLUME/*/StatusKit.framework/StatusKit
       0x14e64c000 -        0x14e657fff com.apple.internal.SessionFoundation (1.0) <37dc19f8-4947-38da-9e02-5afbf84d0c65> /Volumes/VOLUME/*/SessionFoundation.framework/SessionFoundation
       0x167100000 -        0x167293fff com.apple.RemoteUI (1.0) <96595c15-b1ae-3059-92a8-8c48a3badf61> /Volumes/VOLUME/*/RemoteUI.framework/RemoteUI
       0x165c70000 -        0x165cdbfff com.apple.LocalAuthenticationCoreUI (*) <74f2df25-6812-3cda-a35c-96f2e6ab425b> /Volumes/VOLUME/*/LocalAuthenticationCoreUI.framework/LocalAuthenticationCoreUI
       0x1676a4000 -        0x1677a3fff com.apple.SpringBoardUIServices (1.0) <3c945644-88cf-34a0-9eb9-901f4584fb1d> /Volumes/VOLUME/*/SpringBoardUIServices.framework/SpringBoardUIServices
       0x15e05c000 -        0x15e0a7fff com.apple.BannerKit (1.0) <26c38b0f-993a-30aa-a990-8e9e20bcdca0> /Volumes/VOLUME/*/BannerKit.framework/BannerKit
       0x16792c000 -        0x1679f3fff com.apple.PaperBoardUI (1.0) <22d09bc2-09cc-3d7d-b97c-6eaf532136a1> /Volumes/VOLUME/*/PaperBoardUI.framework/PaperBoardUI
       0x167b10000 -        0x167bf7fff com.apple.SpringBoardFoundation (1.0) <98ab4494-cd52-3b7d-abda-7a5794885feb> /Volumes/VOLUME/*/SpringBoardFoundation.framework/SpringBoardFoundation
       0x16741c000 -        0x1674bbfff com.apple.icloud.SPOwner (1.0) <5ffb17a8-ebeb-3df1-84bb-b35f5934d8a2> /Volumes/VOLUME/*/SPOwner.framework/SPOwner
       0x16389c000 -        0x163907fff com.apple.TelephonyUI (1.0) <732924f7-7506-3924-b38c-84073d457432> /Volumes/VOLUME/*/TelephonyUI.framework/TelephonyUI
       0x15b638000 -        0x15b653fff com.apple.MaterialKit (1.0) <c20d745a-159d-397c-96b3-98d99ac2369b> /Volumes/VOLUME/*/MaterialKit.framework/MaterialKit
       0x14ce90000 -        0x14ce97fff com.apple.ProgressUI (1.0) <d2e23cf4-a6c3-3f05-ba98-62e18d9420ae> /Volumes/VOLUME/*/ProgressUI.framework/ProgressUI
       0x1682ac000 -        0x16854ffff com.apple.eventkitui (1.0) <45100ae5-59f4-3576-95d0-05e9e186bf80> /Volumes/VOLUME/*/EventKitUI.framework/EventKitUI
       0x1598c0000 -        0x1598d3fff com.apple.PrototypeToolsUI (1.0) <b6ace50f-5c9c-33c4-bbed-8f3272be0ccb> /Volumes/VOLUME/*/PrototypeToolsUI.framework/PrototypeToolsUI
       0x168854000 -        0x168a27fff com.apple.StoreKit (1.0) <e52c2f43-330e-33f0-875d-3b000b041052> /Volumes/VOLUME/*/StoreKit.framework/StoreKit
       0x167d04000 -        0x167d77fff com.apple.contacts.ContactsAutocomplete (1.0) <56866cee-afc7-30c4-95f0-a3dde488a1f8> /Volumes/VOLUME/*/ContactsAutocomplete.framework/ContactsAutocomplete
       0x168004000 -        0x16810bfff com.apple.calendar.CalendarLink (1.0) <32365ceb-ac40-34fc-a0ad-5e56ca65116f> /Volumes/VOLUME/*/CalendarLink.framework/CalendarLink
       0x167e28000 -        0x167edbfff com.apple.CalendarDaemon (1.0) <cd3ad051-fca8-3edf-8e21-7513b8cf8fd5> /Volumes/VOLUME/*/CalendarDaemon.framework/CalendarDaemon
       0x1692d0000 -        0x1695ebfff com.apple.MapKit (1.0) <a5362efa-2aef-35d1-bdd6-a4179697c355> /Volumes/VOLUME/*/MapKit.framework/MapKit
       0x15b688000 -        0x15b6a3fff com.apple.MailServices (1.0) <5f73ec3e-2934-37a6-b84e-ea14989f840e> /Volumes/VOLUME/*/MailServices.framework/MailServices
       0x168e04000 -        0x168f27fff com.apple.CalendarDatabase (1.0) <c68379dd-fa43-30ff-8fbf-0dd6b6e28c51> /Volumes/VOLUME/*/CalendarDatabase.framework/CalendarDatabase
       0x168bf0000 -        0x168c7bfff com.apple.CalendarFoundation (8.0) <ddae69b7-eae9-3e5c-bb7d-7e66aa12f66b> /Volumes/VOLUME/*/CalendarFoundation.framework/CalendarFoundation
       0x169e3c000 -        0x16a0affff com.apple.CalendarUIKit (1.0) <3e66d505-efde-395d-ade8-10e23f847538> /Volumes/VOLUME/*/CalendarUIKit.framework/CalendarUIKit
       0x16a2e0000 -        0x16a4b3fff com.apple.eventkit (1.0.0) <fb93216f-ba89-3f83-9455-2ee1ded34138> /Volumes/VOLUME/*/EventKit.framework/EventKit
       0x165b7c000 -        0x165bbffff com.apple.ExtensionKit (97) <7b9fa404-1791-3042-8a7a-ab3b1bc069b9> /Volumes/VOLUME/*/ExtensionKit.framework/ExtensionKit
       0x14df78000 -        0x14df7ffff libswiftMapKit.dylib (*) <19dbcee6-7802-3d8e-8091-a73808b58ac2> /Volumes/VOLUME/*/libswiftMapKit.dylib
       0x1519c0000 -        0x1519c7fff libswiftVideoToolbox.dylib (*) <6330800c-f728-33fc-b6c4-ece4133de471> /Volumes/VOLUME/*/libswiftVideoToolbox.dylib
       0x151ec0000 -        0x151ecffff com.apple.appstore.foundation (1.0) <0cbecb85-aefc-399d-9c51-19294791db39> /Volumes/VOLUME/*/AppStoreFoundation.framework/AppStoreFoundation
       0x15b2f4000 -        0x15b303fff com.apple.AppStoreOverlays (1.0) <d8edb2b8-6f4a-3c52-95a8-15210caaa70d> /Volumes/VOLUME/*/AppStoreOverlays.framework/AppStoreOverlays
       0x165e30000 -        0x165e9bfff com.apple.mobileasset.BackgroundAssets (1.0) <eb00415f-57e2-3ee6-b9e2-36272243b1d0> /Volumes/VOLUME/*/BackgroundAssets.framework/BackgroundAssets
       0x1699b0000 -        0x169ae7fff com.apple.preferences-framework (1) <97bb9d1a-7897-338e-92a4-6ce4e8d342e1> /Volumes/VOLUME/*/Preferences.framework/Preferences
       0x16eeec000 -        0x16f0d3fff com.apple.storeservices (*) <90f45235-53d5-3244-8b57-047d192a4273> /Volumes/VOLUME/*/StoreServices.framework/StoreServices
       0x169c64000 -        0x169d1bfff com.apple.AppStoreDaemon (1.0) <6bb2282f-7052-3ffa-a08a-b05365bedbf9> /Volumes/VOLUME/*/AppStoreDaemon.framework/AppStoreDaemon
       0x164914000 -        0x16492ffff libswiftAppleArchive.dylib (*) <a69c5ff1-a36e-3d97-8417-825745c3d6a0> /Volumes/VOLUME/*/libswiftAppleArchive.dylib
       0x1675a0000 -        0x1675effff com.apple.CorePrediction (1.0) <e9dfe4e4-687b-315c-9d8e-6e0fc9e2d398> /Volumes/VOLUME/*/CorePrediction.framework/CorePrediction
       0x16a6bc000 -        0x16a7c7fff com.apple.PDFKit (1.0) <d9441044-eafd-3ceb-b43a-7d11628dcd2a> /Volumes/VOLUME/*/PDFKit.framework/PDFKit
       0x169148000 -        0x1691e3fff com.apple.InstallCoordination (1.0) <74f240f1-44f0-33ee-8d8d-09b18f0c1986> /Volumes/VOLUME/*/InstallCoordination.framework/InstallCoordination
       0x165ab0000 -        0x165adbfff com.apple.BrowserEngineKit (1.0) <44a60d53-8aca-377a-a4c8-d2181991cdce> /Volumes/VOLUME/*/BrowserEngineKit.framework/BrowserEngineKit
       0x15a080000 -        0x15a08bfff com.apple.GameController.UI (*) <e0863649-ad37-3dcf-bd79-f7c39ca2591e> /Volumes/VOLUME/*/GameControllerUI.framework/GameControllerUI
       0x16f324000 -        0x16f47ffff com.apple.GameController (*) <ebb879a9-ad39-3a6f-9bee-600bf1da0d60> /Volumes/VOLUME/*/GameController.framework/GameController
       0x140c90000 -        0x140c97fff com.apple.CoreOptimization (1.0) <330fc720-2640-3f56-b140-215a774a6d89> /Volumes/VOLUME/*/CoreOptimization.framework/CoreOptimization
       0x14d8dc000 -        0x14d8dffff com.apple.CorePDF (5.0) <b0655c45-e857-3957-9e45-5fcd4ca29ae1> /Volumes/VOLUME/*/CorePDF.framework/CorePDF
       0x14e628000 -        0x14e62ffff com.apple.RevealCore (1.0) <c3cf03bb-24a7-3b2c-9098-094446a64730> /Volumes/VOLUME/*/RevealCore.framework/RevealCore
       0x15c0f4000 -        0x15c103fff com.apple.BackgroundTasks (1.0) <2ad61e75-0852-3b6f-9a49-be782934b4ba> /Volumes/VOLUME/*/BackgroundTasks.framework/BackgroundTasks
       0x16aa4c000 -        0x16aadffff com.apple.GameControllerFoundation (*) <2fed817d-35a1-3708-a84a-fe8bb7413657> /Volumes/VOLUME/*/GameControllerFoundation.framework/GameControllerFoundation
       0x168d34000 -        0x168d73fff com.apple.ReplayKit (1.0) <1d4a3d70-777a-307b-9c67-d8ee468c8dc6> /Volumes/VOLUME/*/ReplayKit.framework/ReplayKit
       0x15c830000 -        0x15c84bfff com.apple.ExternalAccessory (1.0.0) <2c278b45-1088-32f0-a5b0-426a87f850b0> /Volumes/VOLUME/*/ExternalAccessory.framework/ExternalAccessory
       0x1598f8000 -        0x159903fff com.apple.GameControllerIO (*) <0100e0c1-202d-328a-af3d-f2ebd8ecc062> /Volumes/VOLUME/*/GameControllerIO.framework/GameControllerIO
       0x15e118000 -        0x15e12bfff com.apple.GameControllerSettings (*) <37f723e1-14b7-3427-9b71-fe5db1f2d149> /Volumes/VOLUME/*/GameControllerSettings.framework/GameControllerSettings
       0x16a8e8000 -        0x16a95bfff com.apple.CoreHaptics (1.0) <87639339-03fd-3833-844a-66fed368a436> /Volumes/VOLUME/*/CoreHaptics.framework/CoreHaptics
       0x165b18000 -        0x165b33fff com.apple.IAP (1.0) <419f3d15-43b4-32bb-8148-e1a01ffb6a50> /Volumes/VOLUME/*/IAP.framework/IAP
       0x167630000 -        0x167643fff com.apple.HID (1.0) <04d84e2b-7506-3a96-b337-f22f07e9509a> /Volumes/VOLUME/*/HID.framework/HID
       0x16abb0000 -        0x16ac2bfff com.apple.TimeSync (1.0) <b3cbf587-4c5b-3c65-81b8-126faa26689b> /Volumes/VOLUME/*/TimeSync.framework/TimeSync
       0x15b6d4000 -        0x15b6dffff com.apple.audio.IOKitten (300.1) <bf29e481-7e61-3996-8283-f7932398592b> /Volumes/VOLUME/*/IOKitten.framework/IOKitten
       0x170494000 -        0x170c8bfff com.apple.AVConference (3.0) <d71c6d53-9f28-30c9-a2b6-479df3991c4b> /Volumes/VOLUME/*/AVConference.framework/AVConference
       0x16f674000 -        0x16f753fff com.apple.SensitiveContentAnalysis (1.0) <f03e9481-7eeb-37da-ae16-0fcfd455d28a> /Volumes/VOLUME/*/SensitiveContentAnalysis.framework/SensitiveContentAnalysis
       0x167670000 -        0x167687fff com.apple.SignalCompression (1.0) <894ed84c-0d08-3d67-869b-12788ee6a798> /Volumes/VOLUME/*/SignalCompression.framework/SignalCompression
       0x168250000 -        0x16828bfff com.apple.ICE (3.0) <daf1cf0f-fe37-35be-bbde-a43a109d6571> /Volumes/VOLUME/*/AVConference.framework/Frameworks/ICE.framework/ICE
       0x145bf8000 -        0x145bfbfff com.apple.LegacyHandle (3.0) <94547076-efd6-35d9-a947-fe43d7bc0c90> /Volumes/VOLUME/*/AVConference.framework/Frameworks/LegacyHandle.framework/LegacyHandle
       0x14ea38000 -        0x14ea3ffff com.apple.SimpleKeyExchange (3.0) <6c096e38-c760-3efa-9858-808fba096929> /Volumes/VOLUME/*/AVConference.framework/Frameworks/SimpleKeyExchange.framework/SimpleKeyExchange
       0x14b32c000 -        0x14b32ffff com.apple.snatmap (3.0) <faf343db-b1ec-337e-923c-8a8963323af8> /Volumes/VOLUME/*/AVConference.framework/Frameworks/snatmap.framework/snatmap
       0x16f804000 -        0x16f8f3fff com.apple.ViceroyTrace (3.0) <15a250da-3780-374a-86e8-af82532e765b> /Volumes/VOLUME/*/AVConference.framework/Frameworks/ViceroyTrace.framework/ViceroyTrace
       0x1712b4000 -        0x17177ffff com.apple.MediaAnalysis (1.0) <36514498-2c20-34e0-9b5a-05d86913467a> /Volumes/VOLUME/*/MediaAnalysis.framework/MediaAnalysis
       0x14b8d0000 -        0x14b8d3fff com.apple.ftclientservices (10.0) <743259ec-acb9-368d-9b3e-2ac9339b484d> /Volumes/VOLUME/*/FTClientServices.framework/FTClientServices
       0x15b6fc000 -        0x15b70bfff com.apple.StorageContainersPrivate (1.0) <19993a2c-2ea7-3422-b3d0-a152cd8cde15> /Volumes/VOLUME/*/StorageContainersPrivate.framework/StorageContainersPrivate
       0x16fc30000 -        0x16fd23fff com.apple.accessibility.AXMediaUtilities (1.0) <4c586cb7-ae57-3466-8460-8da41f9982bc> /Volumes/VOLUME/*/AXMediaUtilities.framework/AXMediaUtilities
       0x16accc000 -        0x16ad27fff com.apple.CoreAppleCVA (4.4.0) <eb722b01-1960-3443-9e38-f3b8e8719076> /Volumes/VOLUME/*/CoreAppleCVA.framework/CoreAppleCVA
       0x14e670000 -        0x14e673fff com.apple.MediaAnalysisGeneration (1.0) <bd9ace1e-f075-36ab-8070-31a423e320a6> /Volumes/VOLUME/*/MediaAnalysisGeneration.framework/MediaAnalysisGeneration
       0x127f88000 -        0x127f8bfff com.apple.MediaAnalysisPhotosServices (1.0) <8931ded7-d127-3839-90c4-db04046b01bb> /Volumes/VOLUME/*/MediaAnalysisPhotosServices.framework/MediaAnalysisPhotosServices
       0x16ad70000 -        0x16adcbfff com.apple.MediaAnalysisServices (1.0) <5d09a80d-5503-3e4a-bccb-56cacfa6a89e> /Volumes/VOLUME/*/MediaAnalysisServices.framework/MediaAnalysisServices
       0x172538000 -        0x172b17fff com.apple.PhotosIntelligence (1.0) <e1b6fca6-f925-35a6-9a45-3989a1c4651f> /Volumes/VOLUME/*/PhotosIntelligence.framework/PhotosIntelligence
       0x171b64000 -        0x171e0ffff com.apple.SoundAnalysis (1.0) <4b1936dd-ddd1-3f93-8fe5-9637e5fc1ba5> /Volumes/VOLUME/*/SoundAnalysis.framework/SoundAnalysis
       0x16fa08000 -        0x16fa8bfff com.apple.stickers (1.0) <a21cafb6-e43b-33f8-b306-5beaae52dc7e> /Volumes/VOLUME/*/Stickers.framework/Stickers
       0x1736a0000 -        0x173b3ffff com.apple.VisualLookUp (0.1) <b46f733c-7c3a-3442-97a8-8a5694bc0624> /Volumes/VOLUME/*/VisualLookUp.framework/VisualLookUp
       0x16ffa4000 -        0x170087fff com.apple.VisualUnderstanding (1.0) <d7ab6f62-6a53-3f60-a506-5c242a92a569> /Volumes/VOLUME/*/VisualUnderstanding.framework/VisualUnderstanding
       0x169018000 -        0x169033fff com.apple.accessibility.AXAssetLoader (1.0) <f285409d-14b9-3ca4-8e66-a88ffc769ed5> /Volumes/VOLUME/*/AXAssetLoader.framework/AXAssetLoader
       0x16faec000 -        0x16fb3ffff com.apple.PhotosSpatialMediaCore (1.0) <f4ac6968-21c6-3e90-a161-e499da479617> /Volumes/VOLUME/*/PhotosSpatialMediaCore.framework/PhotosSpatialMediaCore
       0x17472c000 -        0x174c4bfff com.apple.MusicKit (1.0) <16ef51a3-9242-3fda-9663-e4461b296b95> /Volumes/VOLUME/*/MusicKit.framework/MusicKit
       0x16a9b4000 -        0x16a9fbfff com.apple.FlexMusicKit (1.0) <00bc0357-d45c-3fea-a681-4b22568c3125> /Volumes/VOLUME/*/FlexMusicKit.framework/FlexMusicKit
       0x175d88000 -        0x1764dbfff com.apple.MusicKit.Internal (1.0) <1b087232-8a3f-33c1-a033-68ce9cb6bb09> /Volumes/VOLUME/*/MusicKitInternal.framework/MusicKitInternal
       0x172f64000 -        0x17317bfff com.apple.photo.PhotoImaging (1.0) <1592028c-211b-35f4-a5fa-c1f63d868462> /Volumes/VOLUME/*/PhotoImaging.framework/PhotoImaging
       0x16ae50000 -        0x16aeb3fff com.apple.mxi (1.0) <cebbfbec-76de-3250-9cfb-3807e1df81aa> /Volumes/VOLUME/*/MXI.framework/MXI
       0x177c90000 -        0x1781effff com.apple.RealityFoundation (1.0) <464076f8-ab17-3166-ba42-1b8f61e9f5c7> /Volumes/VOLUME/*/RealityFoundation.framework/RealityFoundation
       0x128600000 -        0x128603fff com.apple.USDKitTrampoline (*) <99fb1ff8-93b4-37d8-acb9-89ec7c111bdc> /Volumes/VOLUME/*/USDKit.framework/USDKit
       0x16fe58000 -        0x16fed3fff com.apple.USDObjCKit (1.0) <e2d1b073-452d-3cad-8433-31c0fdf03e52> /Volumes/VOLUME/*/USDObjCKit.framework/USDObjCKit
       0x17b2ec000 -        0x17cd2ffff libusd_ms.dylib (*) <3c201b06-acdb-3005-8833-efa374e46c1d> /Volumes/VOLUME/*/libusd_ms.dylib
       0x1500c4000 -        0x1500c7fff com.apple.USDLib_FormatLoaderProxy (1.0) <a2a5ddd5-aa5f-3317-afc9-87864a3b8aa0> /Volumes/VOLUME/*/USDLib_FormatLoaderProxy.framework/USDLib_FormatLoaderProxy
       0x10d97c000 -        0x10d97ffff libswift_errno.dylib (*) <0d27e972-b6a5-3ca2-8422-6bf422b1c4a2> /Volumes/VOLUME/*/libswift_errno.dylib
       0x1750a0000 -        0x1753d7fff com.apple.CoreRealityIO (1.0) <6150fd32-e9f6-38ee-b2bf-bba91d30f51d> /Volumes/VOLUME/*/CoreRealityIO.framework/CoreRealityIO
       0x17da1c000 -        0x17ee47fff com.apple.CoreRE (1.0) <ce725d38-6f80-35a6-8bfd-974b392e4eeb> /Volumes/VOLUME/*/CoreRE.framework/CoreRE
       0x17024c000 -        0x1702e7fff com.apple.RealityFusion (1.0) <d8607cfd-ecc4-3209-b9b8-bf23a1895c55> /Volumes/VOLUME/*/RealityFusion.framework/RealityFusion
       0x169064000 -        0x16907ffff com.apple.DirectResource (1.0) <737378e0-a57a-3449-bd43-20de41491568> /Volumes/VOLUME/*/DirectResource.framework/DirectResource
       0x171f90000 -        0x172033fff com.apple.CoreIK (1.0) <15cc5047-f325-3eb8-b26a-6ce84b9ce6fb> /Volumes/VOLUME/*/CoreIK.framework/CoreIK
       0x1722dc000 -        0x172407fff com.apple.Geometry (1.0) <b5c06739-4421-3459-a67b-1b50398f7ad9> /Volumes/VOLUME/*/Geometry.framework/Geometry
       0x174260000 -        0x17441ffff com.apple.shadergraph (*) <50744647-5ac5-3317-b8d3-30507ceb08e8> /Volumes/VOLUME/*/ShaderGraph.framework/ShaderGraph
       0x177054000 -        0x177347fff com.apple.audio.PHASE (1.0) <ae0c21ce-56ea-3b73-8ba4-0128e9ddba85> /Volumes/VOLUME/*/PHASE.framework/PHASE
       0x172090000 -        0x172117fff com.apple.RESync (1.0) <8273ef48-15e3-3dc9-808e-b1d723a97ca7> /Volumes/VOLUME/*/RESync.framework/RESync
       0x1690bc000 -        0x1690dbfff com.apple.accessibility.PhotosensitivityProcessing (1.0) <5530e35d-ce58-3301-bf33-5b534750a087> /Volumes/VOLUME/*/PhotosensitivityProcessing.framework/PhotosensitivityProcessing
       0x173e30000 -        0x173f87fff com.apple.ModelIO (268.2.2) <2104618e-cc19-333b-8faf-222b5ac986af> /Volumes/VOLUME/*/ModelIO.framework/ModelIO
       0x172188000 -        0x172213fff libAudioDSPCore.dylib (*) <307860e6-86d2-3430-bf98-89d8d7c454b2> /Volumes/VOLUME/*/libAudioDSPCore.dylib
       0x15e150000 -        0x15e15ffff com.apple.AcousticMaterials (1.0) <61db9761-1f0e-38c3-a92e-11c8ddb6eba9> /Volumes/VOLUME/*/AcousticMaterials.framework/AcousticMaterials
       0x176b20000 -        0x176bf7fff com.apple.ShazamKit (1.0.0) <e1ea7f6a-1c0c-3858-b087-f2d39b585a5e> /Volumes/VOLUME/*/ShazamKit.framework/ShazamKit
       0x16ff0c000 -        0x16ff2ffff com.apple.ShazamCore (1.0.0) <16df39b9-d032-3a59-aacb-2ade376326ae> /Volumes/VOLUME/*/ShazamCore.framework/ShazamCore
       0x177588000 -        0x17783bfff com.apple.photo.NeutrinoCore (1.0) <8d2eaf79-6ad5-39a7-bd23-40a36cd1dfc1> /Volumes/VOLUME/*/NeutrinoCore.framework/NeutrinoCore
       0x169278000 -        0x16929ffff com.apple.i18n.RecencyService (1.0) <1a1dc354-25d1-3cfa-9950-0f0926f6b076> /Volumes/VOLUME/*/Stickers.framework/Support/RecencyService.framework/RecencyService
       0x1793b8000 -        0x1797c7fff com.apple.Coherence (1.0) <37234a60-bedc-3546-9f81-2afb5da114bb> /Volumes/VOLUME/*/Coherence.framework/Coherence
       0x12d2f4000 -        0x12d2f7fff com.apple.i18n.ServiceShared (1.0) <244f2c64-9992-3e82-9914-9dfab4af2bc5> /Volumes/VOLUME/*/Stickers.framework/Support/ServiceShared.framework/ServiceShared
       0x1700f4000 -        0x17013bfff com.apple.FusionTracker (1.0) <d8d2ad58-6c0b-30d5-8fd7-86a733692ab7> /Volumes/VOLUME/*/FusionTracker.framework/FusionTracker
       0x300000000 -        0x300a2ffff com.apple.PegasusAPI (1.0) <da1b38c1-956e-34e1-ab82-ef79378292ca> /Volumes/VOLUME/*/PegasusAPI.framework/PegasusAPI
       0x173498000 -        0x17352bfff com.apple.PegasusKit (1.0) <4b60c6de-7762-3cef-a5f2-e2013a0c0a75> /Volumes/VOLUME/*/PegasusKit.framework/PegasusKit
       0x175874000 -        0x175973fff com.apple.siri.parsec.CoreParsec (1.0) <de022525-b12b-30bb-bd9c-c6bb9ed25e89> /Volumes/VOLUME/*/CoreParsec.framework/CoreParsec
       0x17a250000 -        0x17a6d3fff com.apple.SearchFoundation (1.0) <af98a512-1d49-33e9-b134-084208b4721b> /Volumes/VOLUME/*/SearchFoundation.framework/SearchFoundation
       0x17017c000 -        0x1701cbfff com.apple.PegasusConfiguration (1.0) <440c48ec-a69a-3e0d-ae64-f99f746abac5> /Volumes/VOLUME/*/PegasusConfiguration.framework/PegasusConfiguration
       0x17338c000 -        0x173407fff com.apple.GRPCCoreInternal (2.0.0) <9d9ca837-4ff7-3092-9501-73d59ab53f97> /Volumes/VOLUME/*/GRPCCoreInternal.framework/GRPCCoreInternal
       0x16fb9c000 -        0x16fbbbfff com.apple.GRPCProtobufInternal (2.0.0) <b7dde3eb-4dc1-340e-aa36-fc1eed75f05d> /Volumes/VOLUME/*/GRPCProtobufInternal.framework/GRPCProtobufInternal
       0x170414000 -        0x170453fff com.apple.GRPCSwiftURLSessionTransportInternal (1.3.0) <661ad2ac-f7ee-39c9-b35e-697739369975> /Volumes/VOLUME/*/GRPCURLSessionTransportInternal.framework/GRPCURLSessionTransportInternal
       0x15181c000 -        0x15181ffff libBASupport.dylib (*) <ff9548ef-e645-3a52-82c7-9cb25bbe36c0> /Volumes/VOLUME/*/libBASupport.dylib
       0x12e94c000 -        0x12e94ffff libswiftExtensionFoundation.dylib (*) <f3ab7fc6-0aa0-3107-95ca-b8a58c216c9c> /Volumes/VOLUME/*/libswiftExtensionFoundation.dylib
       0x175aa8000 -        0x175bb3fff com.apple.backgroundassets.managed.helper (1.0) <96922552-4c64-33af-8854-5ebd3d723aef> /Volumes/VOLUME/*/ManagedBackgroundAssetsHelper.framework/ManagedBackgroundAssetsHelper
       0x1681f8000 -        0x168213fff com.apple.backgroundassets.managed (1.0) <51c5576d-1e41-320f-82cf-0e0cd041e96a> /Volumes/VOLUME/*/ManagedBackgroundAssets.framework/ManagedBackgroundAssets
       0x165c4c000 -        0x165c57fff com.apple.backgroundassets.managed.helper.fetching (1.0) <95a2e562-00a4-3a2b-8462-1c5ca92025a0> /Volumes/VOLUME/*/ManagedBackgroundAssetsHelperFetching.framework/ManagedBackgroundAssetsHelperFetching
       0x17227c000 -        0x1722abfff com.apple.backgroundassets.managed.xpc (1.0) <7b716694-48c2-3873-b675-76b507e834c6> /Volumes/VOLUME/*/ManagedBackgroundAssetsXPC.framework/ManagedBackgroundAssetsXPC
       0x1703a4000 -        0x1703bffff com.apple.SpaceAttributionFramework (1.0) <465f4863-0dc0-37ab-bf17-c592358266f1> /Volumes/VOLUME/*/SpaceAttribution.framework/SpaceAttribution
       0x173610000 -        0x173637fff com.apple.NetAppsUtilities (1.0) <2923054d-f68a-324f-ab0d-6dc0d2034fc2> /Volumes/VOLUME/*/NetAppsUtilities.framework/NetAppsUtilities
       0x1735a8000 -        0x1735bffff com.apple.settingsandcoreapps.SettingsFoundation (1.0) <22084116-fd97-35b9-9968-178a0d26557e> /Volumes/VOLUME/*/SettingsFoundation.framework/SettingsFoundation
       0x168dc8000 -        0x168dd7fff com.apple.-IconServices-SwiftUI (1.0) <f22cc8d9-b57f-3275-8da2-07b98fff761e> /Volumes/VOLUME/*/_IconServices_SwiftUI.framework/_IconServices_SwiftUI
       0x164984000 -        0x16498bfff com.apple.AppTrackingTransparency (1.0) <a259e571-9b2a-3f38-b14d-ce81da29d19e> /Volumes/VOLUME/*/AppTrackingTransparency.framework/AppTrackingTransparency
       0x174000000 -        0x174013fff com.apple.BiometricKit2 (1.0) <5c6aae88-d76b-3423-902f-4d8c52cc5191> /Volumes/VOLUME/*/BiometricKit.framework/BiometricKit
       0x16910c000 -        0x169113fff com.apple.-AppIntentsServices.-AppIntents (1.0) <fcb51ef0-7f5a-3c57-9f1f-f3b8334256b5> /Volumes/VOLUME/*/_AppIntentsServices_AppIntents.framework/_AppIntentsServices_AppIntents
       0x17993c000 -        0x179b2ffff com.apple.AppIntentsServices (1.0) <0600901c-34d1-36f3-85d6-e0c70a32561f> /Volumes/VOLUME/*/AppIntentsServices.framework/AppIntentsServices
       0x174040000 -        0x174057fff com.apple.corerecents (1.0) <1ec66be7-1e3f-3d68-94ed-e5a283e751bd> /Volumes/VOLUME/*/CoreRecents.framework/CoreRecents
       0x16fbe0000 -        0x16fbebfff com.apple.-GeoToolbox-AppIntents (1.0) <42389eaf-b340-3f86-855e-0cf8449b8146> /Volumes/VOLUME/*/_GeoToolbox_AppIntents.framework/_GeoToolbox_AppIntents
       0x1740d8000 -        0x1740fffff com.apple.-AppIntents-UIKit (1.0) <6573d7f2-3125-311a-9fdf-f38e9de5d00d> /Volumes/VOLUME/*/_AppIntents_UIKit.framework/_AppIntents_UIKit
       0x177a98000 -        0x177b5ffff com.apple.SwiftUI-MapKit-Additions (1.0) <4566f5ea-927e-3c60-84b3-7ea9987ccbca> /Volumes/VOLUME/*/_MapKit_SwiftUI.framework/_MapKit_SwiftUI
       0x179cac000 -        0x179ecbfff com.apple.widgetkit (*) <7ec82c68-32cb-34d2-892d-26e33bf74184> /Volumes/VOLUME/*/WidgetKit.framework/WidgetKit
       0x175c58000 -        0x175cbbfff com.apple.dataaccess.framework (1.0) <f5e50348-d9e3-32b7-9057-95682de2d2a2> /Volumes/VOLUME/*/DataAccess.framework/DataAccess
       0x17ab64000 -        0x17acfbfff com.apple.AccessibilityUtilities (1.0.0) <e268fbc9-74ec-3f30-be41-3b3fc4d75a45> /Volumes/VOLUME/*/AccessibilityUtilities.framework/AccessibilityUtilities
       0x178e50000 -        0x178edbfff com.apple.CoreRoutine (1.0) <b3f2f471-9dac-3f9f-9e4e-a33ca3eef6c5> /Volumes/VOLUME/*/CoreRoutine.framework/CoreRoutine
       0x178f8c000 -        0x179053fff com.apple.GeoAnalytics (1.0) <cd2796c2-db65-3df1-9d34-1d920b902612> /Volumes/VOLUME/*/GeoAnalytics.framework/GeoAnalytics
       0x301338000 -        0x301523fff com.apple.Navigation (1.0) <4ba99dad-5ec3-38d8-976d-fad2e2126b0b> /Volumes/VOLUME/*/Navigation.framework/Navigation
       0x303354000 -        0x3040e3fff com.apple.VectorKit (1.0) <34c6a942-c386-3dca-a1b1-a31bef80beb4> /Volumes/VOLUME/*/VectorKit.framework/VectorKit
       0x1741c0000 -        0x174207fff com.apple.VirtualGarage (1.0) <c3eb1b86-2f16-31b1-b6ac-3dd62ee72d46> /Volumes/VOLUME/*/VirtualGarage.framework/VirtualGarage
       0x179124000 -        0x1791a3fff com.apple.CarKit (1.0) <04e9747b-85f6-34d3-9f66-382e4e4c06fe> /Volumes/VOLUME/*/CarKit.framework/CarKit
       0x16fc08000 -        0x16fc13fff com.apple.CarPlayDisplayUtils (1.0) <cb591f9f-72b4-35fb-8139-33b656cfda8e> /Volumes/VOLUME/*/CarPlayDisplayUtils.framework/CarPlayDisplayUtils
       0x151830000 -        0x151833fff com.apple.-GeoServices-GeoToolbox (1.0) <5b5d1e2c-4b31-322f-9e30-b33f52da59c2> /Volumes/VOLUME/*/_GeoServices_GeoToolbox.framework/_GeoServices_GeoToolbox
       0x17fd30000 -        0x17fe5bfff com.apple.chronoservices (*) <9897f37e-a0f2-3db8-b66c-55d4b7343ede> /Volumes/VOLUME/*/ChronoServices.framework/ChronoServices
       0x17a070000 -        0x17a193fff com.apple.private.ReplicatorServices (1.0) <9004a739-5147-357e-9511-8c4a9e7b8956> /Volumes/VOLUME/*/ReplicatorServices.framework/ReplicatorServices
       0x30172c000 -        0x3018affff com.apple.private.ReplicatorEngine (1.0) <79d9a00d-fdd1-3e03-a072-236de4aa5e39> /Volumes/VOLUME/*/ReplicatorEngine.framework/ReplicatorEngine
       0x16ff68000 -        0x16ff7bfff com.apple.framework.ctcategories (1.0) <971ce950-ae0a-3c98-97ea-b3d614a1d925> /Volumes/VOLUME/*/Categories.framework/Categories
       0x170214000 -        0x17021ffff com.apple.IDSSimulatorSupport (1.0) <42ce171c-725b-3a44-9121-fdc281b04f59> /Volumes/VOLUME/*/IDSSimulatorSupport.framework/IDSSimulatorSupport
       0x176f24000 -        0x176f43fff com.apple.internal.LocalStatusKit (1.0) <6f588cbd-33de-33ca-aaef-a88b43faa945> /Volumes/VOLUME/*/LocalStatusKit.framework/LocalStatusKit
       0x174130000 -        0x174147fff com.apple.contextkit.ContextKit (1.0) <c9f20b87-2952-3504-ac3c-7c71ee4707bb> /Volumes/VOLUME/*/ContextKit.framework/ContextKit
       0x167fc8000 -        0x167fcffff com.apple.contextkit.ContextKitCore (1.0) <49515a16-d493-3442-992e-b7fdfd2b0014> /Volumes/VOLUME/*/ContextKitCore.framework/ContextKitCore
       0x30197c000 -        0x301b3ffff com.apple.SensitiveContentAnalysisUI (1.0) <80b5e003-802e-3565-b6cd-2304e4d88f16> /Volumes/VOLUME/*/SensitiveContentAnalysisUI.framework/SensitiveContentAnalysisUI
       0x17469c000 -        0x1746b7fff com.apple.contacts.donation (1.0) <72c4ae29-51be-3e72-b29c-d8e0fc229555> /Volumes/VOLUME/*/ContactsDonation.framework/ContactsDonation
       0x17b060000 -        0x17b163fff com.apple.findmy.framework.FindMyLocate (1.0) <e5190d53-83e2-354e-b400-c5128daff0ab> /Volumes/VOLUME/*/FindMyLocate.framework/FindMyLocate
       0x174174000 -        0x174197fff com.apple.MonogramPoster (1.0) <bc58f0f9-e38b-3e72-9d60-607103e3f439> /Volumes/VOLUME/*/MonogramPoster.framework/MonogramPoster
       0x176fc4000 -        0x176feffff com.apple.AppSupportUI (1.0) <b17ae4e6-d12c-32db-9993-631ad5f1f188> /Volumes/VOLUME/*/AppSupportUI.framework/AppSupportUI
       0x174080000 -        0x17408ffff com.apple.PersonaUI (1.0) <116a37d3-52dd-3461-a4f7-d05a2bf1c278> /Volumes/VOLUME/*/PersonaUI.framework/PersonaUI
       0x1746ec000 -        0x1746fbfff com.apple.siri.AIMLExperimentationAnalytics (1.0) <81033f0d-fe6e-3a1f-bffc-a39b9b87de1e> /Volumes/VOLUME/*/AIMLExperimentationAnalytics.framework/AIMLExperimentationAnalytics
       0x30239c000 -        0x30271bfff com.apple.Contacts.ContactsUICore (1.0) <63c72013-7a1f-32ae-af81-1569d82c2275> /Volumes/VOLUME/*/ContactsUICore.framework/ContactsUICore
       0x17aec4000 -        0x17af23fff com.apple.TemplateKit (1.0) <0eb2e415-c57c-3135-a29b-1d6fbe82aada> /Volumes/VOLUME/*/TemplateKit.framework/TemplateKit
       0x177c04000 -        0x177c33fff com.apple.-AppIntents-SwiftUI (1.0) <5f563f80-ad16-389f-be6e-d0b5845c77bc> /Volumes/VOLUME/*/_AppIntents_SwiftUI.framework/_AppIntents_SwiftUI
       0x301cc8000 -        0x301d83fff com.apple.CommunicationTrust (*) <2853bc75-6b12-31ff-825f-214e1b7af8fa> /Volumes/VOLUME/*/CommunicationTrust.framework/CommunicationTrust
       0x167fe4000 -        0x167febfff com.apple.SwiftUI.AVKit.Additions (1.0) <efa52227-f890-3d10-8685-7a70c82d165f> /Volumes/VOLUME/*/_AVKit_SwiftUI.framework/_AVKit_SwiftUI
       0x17345c000 -        0x173467fff com.apple.CallsPersistence (1.0) <7aefd000-7cd4-35cf-bd47-6ebca321b7f7> /Volumes/VOLUME/*/CallsPersistence.framework/CallsPersistence
       0x302074000 -        0x3021b3fff com.apple.PeopleSuggester (1.0) <34fb7194-e6d4-3691-bd3f-57414af3a0b3> /Volumes/VOLUME/*/PeopleSuggester.framework/PeopleSuggester
       0x176e88000 -        0x176e9ffff com.apple.findmy.framework.FindMyCommon (1.0) <a0dbfe74-7a90-35e8-bc02-4d7fff442cbe> /Volumes/VOLUME/*/FindMyCommon.framework/FindMyCommon
       0x301de4000 -        0x301e7ffff com.apple.findmy.framework.FindMyBase (1.0) <08c522f9-e835-3134-b6c6-553ce4c934d2> /Volumes/VOLUME/*/FindMyBase.framework/FindMyBase
       0x1740b0000 -        0x1740bffff com.apple.PersonaKit (1.0) <07024484-a302-302e-89db-718dc7578eff> /Volumes/VOLUME/*/PersonaKit.framework/PersonaKit
       0x301ef0000 -        0x301f57fff com.apple.Transparency (1.0) <38e5280d-ea83-31ba-8a99-f68a5fd0359d> /Volumes/VOLUME/*/Transparency.framework/Transparency
       0x176ebc000 -        0x176edbfff com.apple.CoreTransparency (1.0) <34eaa21f-34d5-309c-aa57-5974c29a9f19> /Volumes/VOLUME/*/CoreTransparency.framework/CoreTransparency
       0x1792b0000 -        0x1792cffff com.apple.IntentsUI (1.0) <5931f8c9-ccdc-30f4-b60e-6e8933f9be99> /Volumes/VOLUME/*/IntentsUI.framework/IntentsUI
       0x302bac000 -        0x302c27fff com.apple.coredav (1.0.1) <c341f5cb-6180-3a58-9857-5b3083fbf27b> /Volumes/VOLUME/*/CoreDAV.framework/CoreDAV
       0x302cc0000 -        0x302d1bfff com.apple.CalDAV (8.0) <62825063-0cb9-3e25-88a4-616675d2fb29> /Volumes/VOLUME/*/CalDAV.framework/CalDAV
       0x1735ec000 -        0x1735f3fff com.apple.CertUI (1.0) <0bf95b13-418d-3e7c-9172-0a5c82dd2ccf> /Volumes/VOLUME/*/CertUI.framework/CertUI
       0x17af98000 -        0x17afe7fff com.apple.MIME (2.0) <9493f05e-9d0a-3b12-b4cf-b5d7e159998b> /Volumes/VOLUME/*/MIME.framework/MIME
       0x179308000 -        0x17932bfff com.apple.Notes (2.13) <c0e8ce80-34be-3f0f-84e7-270184d3f5cd> /Volumes/VOLUME/*/Notes.framework/Notes
       0x173678000 -        0x173683fff com.apple.EmailAddressing (11.0) <9d31c389-d2a0-3cd6-b012-9e6fc95c6c19> /Volumes/VOLUME/*/EmailAddressing.framework/EmailAddressing
       0x302ec8000 -        0x302f4bfff com.apple.EmailCore (11.0) <c4212440-7dd8-3022-ab80-792f61b7da0a> /Volumes/VOLUME/*/EmailCore.framework/EmailCore
       0x304fcc000 -        0x305113fff com.apple.Email (11.0) <999be00a-ce85-3912-bfb2-862985aadf10> /Volumes/VOLUME/*/Email.framework/Email
       0x303150000 -        0x3031e7fff com.apple.EmailFoundation (11.0) <39c46db7-df1f-3dee-9d0c-dab933ad9253> /Volumes/VOLUME/*/EmailFoundation.framework/EmailFoundation
       0x15950c000 -        0x15950ffff com.apple.MessageSupport (1.0) <bafa01bb-dd4f-3bdd-a085-49ff2de3fd59> /Volumes/VOLUME/*/MessageSupport.framework/MessageSupport
       0x302fec000 -        0x303067fff com.apple.NotesSupport (2.13) <41f28535-5b8f-3e4e-afe7-61ffc0933842> /Volumes/VOLUME/*/NotesSupport.framework/NotesSupport
       0x302a98000 -        0x302aebfff com.apple.Synapse (1.0) <1eaf4ea9-2547-316d-a741-30bb323f647f> /Volumes/VOLUME/*/Synapse.framework/Synapse
       0x3058f0000 -        0x305ae3fff com.apple.Speech (1.0) <1c7c2aa0-03c7-3874-98ea-4ba01a0c8245> /Volumes/VOLUME/*/Speech.framework/Speech
       0x302da8000 -        0x302e0bfff com.apple.AlgorithmsInternal (1.2) <ce2d35e4-2b5c-3b83-b799-b180b94d1846> /Volumes/VOLUME/*/AlgorithmsInternal.framework/AlgorithmsInternal
       0x179258000 -        0x17926bfff com.apple.SpotlightReceiver (1.0) <7759263b-1b35-3ff5-b127-f742cd5386c4> /Volumes/VOLUME/*/SpotlightReceiver.framework/SpotlightReceiver
       0x177028000 -        0x177033fff com.apple.ClarityFoundation (*) <1a41c4c6-185e-3f79-a45c-d931735e9f13> /Volumes/VOLUME/*/ClarityFoundation.framework/ClarityFoundation
       0x301fec000 -        0x30202ffff com.apple.accessibility.BrailleTranslation (1.0) <1caf1e85-c0cc-3ee8-b3b7-e6a892e5e367> /Volumes/VOLUME/*/BrailleTranslation.framework/BrailleTranslation
       0x305420000 -        0x3054dffff com.apple.AccessibilitySharedSupport (1.0) <9ed770ff-3376-381d-9fb8-7860489a8af8> /Volumes/VOLUME/*/AccessibilitySharedSupport.framework/AccessibilitySharedSupport
       0x3062f0000 -        0x306577fff com.apple.texttospeech (1.0.0) <fc96ab3b-87e3-3f1a-ba92-21b9ce15fc57> /Volumes/VOLUME/*/TextToSpeech.framework/TextToSpeech
       0x3066a0000 -        0x306947fff libmecabra.dylib (*) <1f53a9dc-d7b3-3614-8684-5902b3fcbb53> /Volumes/VOLUME/*/libmecabra.dylib
       0x165b64000 -        0x165b67fff com.apple.ConstantClasses (1.0) <60ce0423-e7b4-3646-a945-6dfb11d6ea8c> /Volumes/VOLUME/*/ConstantClasses.framework/ConstantClasses
       0x168234000 -        0x16823bfff libChineseTokenizer.dylib (*) <6f10ca30-1326-388d-8a00-677fb3fe1c96> /Volumes/VOLUME/*/libChineseTokenizer.dylib
       0x3055c4000 -        0x305677fff com.apple.GenerativeFunctions.Sage (1.0) <856e7618-0cbb-390c-841d-60a9f8f9d036> /Volumes/VOLUME/*/Sage.framework/Sage
       0x305f60000 -        0x30609ffff com.apple.TextComposer (1.0) <6cbf1113-c994-3bf4-95d8-10dd05d121e9> /Volumes/VOLUME/*/TextComposer.framework/TextComposer
       0x302308000 -        0x30234ffff com.apple.internal.SwiftSQLite (1.0) <96c5d5b1-81f4-36b3-8856-32b7b7eea692> /Volumes/VOLUME/*/SwiftSQLite.framework/SwiftSQLite
       0x16912c000 -        0x169133fff com.apple.TipKitServices (26.5) <cbdbeb59-b6e3-38df-9e51-e37977420c7b> /Volumes/VOLUME/*/TipKitServices.framework/TipKitServices
       0x306a30000 -        0x306b5ffff com.apple.LiftUI (1.2) <ceabeb8a-8fd2-365d-8315-422c6f64527d> /Volumes/VOLUME/*/LiftUI.framework/LiftUI
       0x305700000 -        0x305797fff com.apple.Settings (224.4.3) <7d16500f-8076-3af5-9586-e9c5818972f9> /Volumes/VOLUME/*/Settings.framework/Settings
       0x175d5c000 -        0x175d6bfff com.apple.CloudSettings (1.0) <e328aaa6-6e03-3806-be65-d75a4b00976c> /Volumes/VOLUME/*/CloudSettings.framework/CloudSettings
       0x305290000 -        0x3052d3fff com.apple.helpkit (14.0) <a0f82e3c-78a4-35de-a545-c88262d230ab> /Volumes/VOLUME/*/HelpKit.framework/HelpKit
       0x307d60000 -        0x307e2bfff com.apple.TipsUI (26.0) <35440796-0626-3946-91f9-efa55d471c32> /Volumes/VOLUME/*/TipsUI.framework/TipsUI
       0x307ef0000 -        0x307fbffff com.apple.TipsCore (26.0) <1a04cc34-bb0e-3674-b7f7-d17303516958> /Volumes/VOLUME/*/TipsCore.framework/TipsCore
       0x302b60000 -        0x302b7bfff com.apple.cryptokit.Chirp (1.0) <fdceda3c-1b95-3fa1-b975-92837cce98bb> /Volumes/VOLUME/*/Chirp.framework/Chirp
       0x307054000 -        0x3070b3fff com.apple.RemoteManagement (1.0) <49959de1-c10d-3143-9c3c-d56051b53893> /Volumes/VOLUME/*/RemoteManagement.framework/RemoteManagement
       0x307760000 -        0x3077dbfff com.apple.RemoteManagementModel (1.0) <adb63d1d-ebc0-3fc6-96a6-3c967d1e637a> /Volumes/VOLUME/*/RemoteManagementModel.framework/RemoteManagementModel
       0x3078c0000 -        0x30790ffff com.apple.RemoteManagementStore (1.0) <95223579-33dd-31a2-af08-65361803b247> /Volumes/VOLUME/*/RemoteManagementStore.framework/RemoteManagementStore
       0x17ffc4000 -        0x17ffcffff com.apple.RemoteManagementProtocol (1.0) <5e22ca96-4308-3028-8af1-29b68329aa77> /Volumes/VOLUME/*/RemoteManagementProtocol.framework/RemoteManagementProtocol
       0x168df0000 -        0x168dfbfff libobjc-trampolines.dylib (*) <75fa6778-178f-394f-9c63-711780430596> /Volumes/VOLUME/*/libobjc-trampolines.dylib
       0x10d4f8000 -        0x10d523fff libcmark-gfm.dylib (*) <fcbdf6c8-98cb-3565-b78d-bd9bbb6a8775> /Volumes/VOLUME/*/libcmark-gfm.dylib
       0x317d9c000 -        0x317feffff com.apple.RawCamera.bundle (9.42.0) <51d3ffaf-1f8f-30ad-9c92-0f98a384fc29> /Volumes/VOLUME/*/RawCamera.bundle/RawCamera
       0x121e38000 -        0x121e53fff libCGInterfaces.dylib (*) <c934f7e7-29cf-3bff-8e9a-25a8ec9da538> /Volumes/VOLUME/*/Accelerate.framework/Frameworks/vImage.framework/Libraries/libCGInterfaces.dylib
       0x31ae20000 -        0x31ae57fff com.apple.MTLSimDriver (373.2) <8339ca77-3986-3588-9df9-8b8d511ae608> /Volumes/VOLUME/*/MTLSimDriver.framework/MTLSimDriver
       0x31cb08000 -        0x31cb37fff com.apple.gpusw.MetalSerializer (1.0) <19460939-4bce-3e8d-8868-5388dd78ace3> /Volumes/VOLUME/*/MetalSerializer.framework/MetalSerializer
       0x32d5b0000 -        0x32d6b7fff libEmbeddedSystemAUs.dylib (*) <2f04c0d3-4ca4-35d6-9c1a-75067574b889> /Volumes/VOLUME/*/AudioToolbox.framework/libEmbeddedSystemAUs.dylib
       0x135240000 -        0x13530ffff com.apple.audio.AudioDSPGraph (1.0) <922ca354-ebb3-3ef1-866b-a047f8fca00f> /Volumes/VOLUME/*/AudioDSPGraph.framework/AudioDSPGraph
       0x334088000 -        0x33467ffff libAudioDSP.dylib (*) <a82773c3-9d20-34a9-b2eb-b93a398c17b5> /Volumes/VOLUME/*/AudioToolbox.framework/libAudioDSP.dylib
       0x3353e0000 -        0x335d07fff AudioCodecs (*) <bb557fc3-65ea-3531-abdf-0294fa802ebb> /Volumes/VOLUME/*/AudioToolbox.framework/AudioCodecs
       0x3226d4000 -        0x32272ffff com.apple.DeviceManagement (1.0) <1553dd9d-ff4d-3169-b4e1-79a349d7c162> /Volumes/VOLUME/*/DeviceManagement.framework/DeviceManagement
       0x32d404000 -        0x32d47ffff com.apple.Catalyst (1.0) <d8b388b1-f1c6-35fd-8448-1c9d66cd9274> /Volumes/VOLUME/*/Catalyst.framework/Catalyst
       0x101130000 -        0x1011d7fff dyld (*) <a237ef81-b68b-37ba-a165-92c965529534> /usr/lib/dyld
               0x0 - 0xffffffffffffffff ??? (*) <00000000-0000-0000-0000-000000000000> ???

External Modification Summary:
  Calls made by other processes targeting this process:
    task_for_pid: 0
    thread_create: 0
    thread_set_state: 0
  Calls made by this process:
    task_for_pid: 0
    thread_create: 0
    thread_set_state: 0
  Calls made by all processes on this machine:
    task_for_pid: 0
    thread_create: 0
    thread_set_state: 0

VM Region Summary:
ReadOnly portion of Libraries: Total=1.9G resident=0K(0%) swapped_out_or_unallocated=1.9G(100%)
Writable regions: Total=536.3M written=1510K(0%) resident=1494K(0%) swapped_out=80K(0%) unallocated=534.8M(100%)

                                VIRTUAL   REGION 
REGION TYPE                        SIZE    COUNT (non-coalesced) 
===========                     =======  ======= 
Activity Tracing                   256K        1 
AttributeGraph Data               1024K        1 
CG raster data                    1568K        7 
ColorSync                           16K        1 
CoreAnimation                     1616K       54 
CoreUI image data                 1440K        8 
Foundation                          16K        1 
IOSurface                         12.5M        3 
Image IO                           160K        4 
Kernel Alloc Once                   32K        1 
MALLOC                           369.0M       98 
MALLOC guard page                 3664K        4 
SQLite page cache                  384K        3 
STACK GUARD                       56.6M       37 
Stack                             27.6M       37 
VM_ALLOCATE                       76.6M       41 
VM_ALLOCATE (reserved)            1744K        7         reserved VM address space (unallocated)
__AUTH_CONST                        32K        1 
__DATA                            71.0M     1024 
__DATA_CONST                     111.0M      834 
__DATA_DIRTY                       272K       14 
__FONT_DATA                         16K        1 
__LINKEDIT                       844.5M      848 
__LLVM_COV                          48K        1 
__TEXT                             1.0G      848 
__TPRO_CONST                       176K        3 
dyld private memory                6.0G       12 
mapped file                      245.0M      113 
page table in kernel              1494K        1 
shared memory                      896K        4 
===========                     =======  ======= 
TOTAL                              8.8G     4012 
TOTAL, minus reserved VM space     8.8G     4012 


Error Formulating Crash Report:
dyld_process_snapshot_get_shared_cache failed

-----------
Full Report
-----------

{"app_name":"Ambient","timestamp":"2026-06-03 21:58:13.00 -0600","app_version":"1.0.0","slice_uuid":"bc86817e-88bb-34b2-ad90-7adf671f2b41","build_version":"1","platform":7,"bundleID":"com.wilsontr.ambient-app","share_with_app_devs":0,"is_first_party":0,"bug_type":"309","os_version":"macOS 26.5.1 (25F80)","roots_installed":0,"name":"Ambient","incident_id":"507186E0-C23B-4F58-A5FA-6D647C75CFEA"}
{
  "uptime" : 26000,
  "procRole" : "Foreground",
  "version" : 2,
  "userID" : 501,
  "deployVersion" : 210,
  "modelCode" : "Macmini9,1",
  "coalitionID" : 46269,
  "osVersion" : {
    "train" : "macOS 26.5.1",
    "build" : "25F80",
    "releaseType" : "User"
  },
  "captureTime" : "2026-06-03 21:58:01.9998 -0600",
  "codeSigningMonitor" : 1,
  "incident" : "507186E0-C23B-4F58-A5FA-6D647C75CFEA",
  "pid" : 16221,
  "translated" : false,
  "cpuType" : "ARM-64",
  "procLaunch" : "2026-06-03 21:57:49.8006 -0600",
  "procStartAbsTime" : 623870218059,
  "procExitAbsTime" : 624162252007,
  "procName" : "Ambient",
  "procPath" : "\/Users\/USER\/Library\/Developer\/CoreSimulator\/Devices\/383F3B14-8F97-427A-84B0-6582070EDD33\/data\/Containers\/Bundle\/Application\/2FB51335-4545-47CF-89F5-BFA34178978E\/Ambient.app\/Ambient",
  "bundleInfo" : {"CFBundleShortVersionString":"1.0.0","CFBundleVersion":"1","CFBundleIdentifier":"com.wilsontr.ambient-app"},
  "storeInfo" : {"deviceIdentifierForVendor":"BAFE8D66-F267-5661-A3E1-435B1711A035","thirdParty":true},
  "parentProc" : "launchd_sim",
  "parentPid" : 90112,
  "coalitionName" : "com.apple.CoreSimulator.SimDevice.383F3B14-8F97-427A-84B0-6582070EDD33",
  "crashReporterKey" : "11FBF460-9F13-3BE3-F305-6A51B4C6819F",
  "appleIntelligenceStatus" : {"state":"unavailable","reasons":["notOptedIn","assetIsNotReady"]},
  "developerMode" : 1,
  "bootProgressRegister" : "0x2f000000",
  "responsiblePid" : 81444,
  "responsibleProc" : "SimulatorTrampoline",
  "codeSigningID" : "com.wilsontr.ambient-app",
  "codeSigningTeamID" : "",
  "codeSigningFlags" : 570425857,
  "codeSigningValidationCategory" : 10,
  "codeSigningTrustLevel" : 4294967295,
  "codeSigningAuxiliaryInfo" : 0,
  "instructionByteStream" : {"beforePC":"4wAAVP17v6n9AwCRIOP\/l78DAJH9e8GowANf1sADX9YQKYDSARAA1A==","atPC":"4wAAVP17v6n9AwCRFuP\/l78DAJH9e8GowANf1sADX9ZwCoDSARAA1A=="},
  "bootSessionUUID" : "BD0A67B8-CFB1-4A12-AE52-A39088BD046A",
  "sip" : "enabled",
  "exception" : {"codes":"0x0000000000000000, 0x0000000000000000","rawCodes":[0,0],"type":"EXC_CRASH","signal":"SIGABRT"},
  "termination" : {"flags":0,"code":6,"namespace":"SIGNAL","indicator":"Abort trap: 6","byProc":"Ambient","byPid":16221},
  "extMods" : {"caller":{"thread_create":0,"thread_set_state":0,"task_for_pid":0},"system":{"thread_create":0,"thread_set_state":0,"task_for_pid":0},"targeted":{"thread_create":0,"thread_set_state":0,"task_for_pid":0},"warnings":0},
  "faultingThread" : 0,
  "threads" : [{"triggered":true,"id":1264665,"threadState":{"x":[{"value":0},{"value":0},{"value":0},{"value":0},{"value":0},{"value":46},{"value":0},{"value":0},{"value":4313751040,"symbolLocation":0,"symbol":"_main_thread"},{"value":1033516284227615717},{"value":2},{"value":4294967293},{"value":0},{"value":0},{"value":0},{"value":0},{"value":328},{"value":30064771072},{"value":0},{"value":6},{"value":259},{"value":4313751264,"symbolLocation":224,"symbol":"_main_thread"},{"value":5213618176},{"value":4386713699},{"value":4509007872,"symbolLocation":0,"symbol":"gCRAnnotations"},{"value":6156089056},{"value":18445055223849287680},{"value":6156089464},{"value":4441460688,"symbolLocation":0,"symbol":"hermes::vm::CallResult<hermes::vm::HermesValue, (hermes::vm::detail::CallResultSpecialize)2> hermes::vm::Interpreter::interpretFunction<false, false>(hermes::vm::Runtime&, hermes::vm::InterpreterState&)::opcodeDispatch"}],"flavor":"ARM_THREAD_STATE64","lr":{"value":4518011704},"cpsr":{"value":1073745920},"fp":{"value":6156086320},"sp":{"value":6156086288},"esr":{"value":1442840704,"description":"(Syscall)"},"pc":{"value":4516333708,"matchesCrashFrame":1},"far":{"value":0}},"queue":"com.apple.main-thread","frames":[{"imageOffset":34956,"symbol":"__pthread_kill","symbolLocation":8,"imageIndex":108},{"imageOffset":25400,"symbol":"pthread_kill","symbolLocation":264,"imageIndex":111},{"imageOffset":473476,"symbol":"abort","symbolLocation":116,"imageIndex":83},{"imageOffset":470364,"symbol":"__assert_rtn","symbolLocation":268,"imageIndex":83},{"imageOffset":6894384,"symbol":"facebook::jsi::Function::getHostFunction(facebook::jsi::Runtime&) const","symbolLocation":76,"imageIndex":2},{"imageOffset":7117772,"symbol":"worklets::WorkletRuntimeDecorator::decorate(facebook::jsi::Runtime&, std::__1::basic_string<char, std::__1::char_traits<char>, std::__1::allocator<char>> const&, std::__1::shared_ptr<worklets::JSScheduler> const&, bool, facebook::jsi::Object&&, std::__1::shared_ptr<worklets::EventLoop> const&)::$_2::operator()(facebook::jsi::Runtime&, facebook::jsi::Value const&, facebook::jsi::Value const&) const","symbolLocation":108,"imageIndex":2},{"imageOffset":7117652,"symbol":"std::__1::__invoke_result_impl<void, worklets::WorkletRuntimeDecorator::decorate(facebook::jsi::Runtime&, std::__1::basic_string<char, std::__1::char_traits<char>, std::__1::allocator<char>> const&, std::__1::shared_ptr<worklets::JSScheduler> const&, bool, facebook::jsi::Object&&, std::__1::shared_ptr<worklets::EventLoop> const&)::$_2&, facebook::jsi::Runtime&, facebook::jsi::Value const&, facebook::jsi::Value const&>::type std::__1::__invoke[abi:dee210106]<worklets::WorkletRuntimeDecorator::decorate(facebook::jsi::Runtime&, std::__1::basic_string<char, std::__1::char_traits<char>, std::__1::allocator<char>> const&, std::__1::shared_ptr<worklets::JSScheduler> const&, bool, facebook::jsi::Object&&, std::__1::shared_ptr<worklets::EventLoop> const&)::$_2&, facebook::jsi::Runtime&, facebook::jsi::Value const&, facebook::jsi::Value const&>(worklets::WorkletRuntimeDecorator::decorate(facebook::jsi::Runtime&, std::__1::basic_string<char, std::__1::char_traits<char>, std::__1::allocator<char>> const&, std::__1::shared_ptr<worklets::JSScheduler> const&, bool, facebook::jsi::Object&&, std::__1::shared_ptr<worklets::EventLoop> const&)::$_2&, facebook::jsi::Runtime&, facebook::jsi::Value const&, facebook::jsi::Value const&)","symbolLocation":48,"imageIndex":2},{"imageOffset":7117592,"symbol":"void std::__1::__invoke_void_return_wrapper<void, true>::__call[abi:dee210106]<worklets::WorkletRuntimeDecorator::decorate(facebook::jsi::Runtime&, std::__1::basic_string<char, std::__1::char_traits<char>, std::__1::allocator<char>> const&, std::__1::shared_ptr<worklets::JSScheduler> const&, bool, facebook::jsi::Object&&, std::__1::shared_ptr<worklets::EventLoop> const&)::$_2&, facebook::jsi::Runtime&, facebook::jsi::Value const&, facebook::jsi::Value const&>(worklets::WorkletRuntimeDecorator::decorate(facebook::jsi::Runtime&, std::__1::basic_string<char, std::__1::char_traits<char>, std::__1::allocator<char>> const&, std::__1::shared_ptr<worklets::JSScheduler> const&, bool, facebook::jsi::Object&&, std::__1::shared_ptr<worklets::EventLoop> const&)::$_2&, facebook::jsi::Runtime&, facebook::jsi::Value const&, facebook::jsi::Value const&)","symbolLocation":48,"imageIndex":2},{"imageOffset":7117532,"symbol":"void std::__1::__invoke_r[abi:dee210106]<void, worklets::WorkletRuntimeDecorator::decorate(facebook::jsi::Runtime&, std::__1::basic_string<char, std::__1::char_traits<char>, std::__1::allocator<char>> const&, std::__1::shared_ptr<worklets::JSScheduler> const&, bool, facebook::jsi::Object&&, std::__1::shared_ptr<worklets::EventLoop> const&)::$_2&, facebook::jsi::Runtime&, facebook::jsi::Value const&, facebook::jsi::Value const&>(worklets::WorkletRuntimeDecorator::decorate(facebook::jsi::Runtime&, std::__1::basic_string<char, std::__1::char_traits<char>, std::__1::allocator<char>> const&, std::__1::shared_ptr<worklets::JSScheduler> const&, bool, facebook::jsi::Object&&, std::__1::shared_ptr<worklets::EventLoop> const&)::$_2&, facebook::jsi::Runtime&, facebook::jsi::Value const&, facebook::jsi::Value const&)","symbolLocation":48,"imageIndex":2},{"imageOffset":7117048,"symbol":"std::__1::__function::__func<worklets::WorkletRuntimeDecorator::decorate(facebook::jsi::Runtime&, std::__1::basic_string<char, std::__1::char_traits<char>, std::__1::allocator<char>> const&, std::__1::shared_ptr<worklets::JSScheduler> const&, bool, facebook::jsi::Object&&, std::__1::shared_ptr<worklets::EventLoop> const&)::$_2, void (facebook::jsi::Runtime&, facebook::jsi::Value const&, facebook::jsi::Value const&)>::operator()(facebook::jsi::Runtime&, facebook::jsi::Value const&, facebook::jsi::Value const&)","symbolLocation":52,"imageIndex":2},{"imageOffset":7108940,"symbol":"std::__1::__function::__value_func<void (facebook::jsi::Runtime&, facebook::jsi::Value const&, facebook::jsi::Value const&)>::operator()[abi:dee210106](facebook::jsi::Runtime&, facebook::jsi::Value const&, facebook::jsi::Value const&) const","symbolLocation":84,"imageIndex":2},{"imageOffset":7108844,"symbol":"std::__1::function<void (facebook::jsi::Runtime&, facebook::jsi::Value const&, facebook::jsi::Value const&)>::operator()(facebook::jsi::Runtime&, facebook::jsi::Value const&, facebook::jsi::Value const&) const","symbolLocation":48,"imageIndex":2},{"imageOffset":7108784,"symbol":"std::__1::__invoke_result_impl<void, std::__1::function<void (facebook::jsi::Runtime&, facebook::jsi::Value const&, facebook::jsi::Value const&)>&, facebook::jsi::Runtime&, facebook::jsi::Value const&, facebook::jsi::Value const&>::type std::__1::__invoke[abi:dee210106]<std::__1::function<void (facebook::jsi::Runtime&, facebook::jsi::Value const&, facebook::jsi::Value const&)>&, facebook::jsi::Runtime&, facebook::jsi::Value const&, facebook::jsi::Value const&>(std::__1::function<void (facebook::jsi::Runtime&, facebook::jsi::Value const&, facebook::jsi::Value const&)>&, facebook::jsi::Runtime&, facebook::jsi::Value const&, facebook::jsi::Value const&)","symbolLocation":48,"imageIndex":2},{"imageOffset":7108724,"symbol":"decltype(auto) std::__1::__apply_tuple_impl[abi:dee210106]<std::__1::function<void (facebook::jsi::Runtime&, facebook::jsi::Value const&, facebook::jsi::Value const&)>&, std::__1::tuple<facebook::jsi::Runtime&, facebook::jsi::Value const&, facebook::jsi::Value const&>, 0ul, 1ul, 2ul>(std::__1::function<void (facebook::jsi::Runtime&, facebook::jsi::Value const&, facebook::jsi::Value const&)>&, std::__1::tuple<facebook::jsi::Runtime&, facebook::jsi::Value const&, facebook::jsi::Value const&>&&, std::__1::__tuple_indices<0ul, 1ul, 2ul>)","symbolLocation":80,"imageIndex":2},{"imageOffset":7108632,"symbol":"decltype(auto) std::__1::apply[abi:dee210106]<std::__1::function<void (facebook::jsi::Runtime&, facebook::jsi::Value const&, facebook::jsi::Value const&)>&, std::__1::tuple<facebook::jsi::Runtime&, facebook::jsi::Value const&, facebook::jsi::Value const&>>(std::__1::function<void (facebook::jsi::Runtime&, facebook::jsi::Value const&, facebook::jsi::Value const&)>&, std::__1::tuple<facebook::jsi::Runtime&, facebook::jsi::Value const&, facebook::jsi::Value const&>&&)","symbolLocation":32,"imageIndex":2},{"imageOffset":7108580,"symbol":"facebook::jsi::Value worklets::jsi_utils::apply<facebook::jsi::Runtime&, facebook::jsi::Value const&, facebook::jsi::Value const&>(std::__1::function<void (facebook::jsi::Runtime&, facebook::jsi::Value const&, facebook::jsi::Value const&)>, std::__1::tuple<facebook::jsi::Runtime&, facebook::jsi::Value const&, facebook::jsi::Value const&>)","symbolLocation":40,"imageIndex":2},{"imageOffset":7108052,"symbol":"std::__1::function<facebook::jsi::Value (facebook::jsi::Runtime&, facebook::jsi::Value const&, facebook::jsi::Value const*, unsigned long)> worklets::jsi_utils::createHostFunction<std::__1::function<void (facebook::jsi::Runtime&, facebook::jsi::Value const&, facebook::jsi::Value const&)>>(std::__1::function<void (facebook::jsi::Runtime&, facebook::jsi::Value const&, facebook::jsi::Value const&)>)::'lambda'(facebook::jsi::Runtime&, facebook::jsi::Value const&, facebook::jsi::Value const*, unsigned long)::operator()(facebook::jsi::Runtime&, facebook::jsi::Value const&, facebook::jsi::Value const*, unsigned long) const","symbolLocation":160,"imageIndex":2},{"imageOffset":7107880,"symbol":"std::__1::__invoke_result_impl<void, std::__1::function<facebook::jsi::Value (facebook::jsi::Runtime&, facebook::jsi::Value const&, facebook::jsi::Value const*, unsigned long)> worklets::jsi_utils::createHostFunction<std::__1::function<void (facebook::jsi::Runtime&, facebook::jsi::Value const&, facebook::jsi::Value const&)>>(std::__1::function<void (facebook::jsi::Runtime&, facebook::jsi::Value const&, facebook::jsi::Value const&)>)::'lambda'(facebook::jsi::Runtime&, facebook::jsi::Value const&, facebook::jsi::Value const*, unsigned long)&, facebook::jsi::Runtime&, facebook::jsi::Value const&, facebook::jsi::Value const*, unsigned long>::type std::__1::__invoke[abi:dee210106]<std::__1::function<facebook::jsi::Value (facebook::jsi::Runtime&, facebook::jsi::Value const&, facebook::jsi::Value const*, unsigned long)> worklets::jsi_utils::createHostFunction<std::__1::function<void (facebook::jsi::Runtime&, facebook::jsi::Value const&, facebook::jsi::Value const&)>>(std::__1::function<void (facebook::jsi::Runtime&, facebook::jsi::Value const&, facebook::jsi::Value const&)>)::'lambda'(facebook::jsi::Runtime&, facebook::jsi::Value const&, facebook::jsi::Value const*, unsigned long)&, facebook::jsi::Runtime&, facebook::jsi::Value const&, facebook::jsi::Value const*, unsigned long>(std::__1::function<facebook::jsi::Value (facebook::jsi::Runtime&, facebook::jsi::Value const&, facebook::jsi::Value const*, unsigned long)> worklets::jsi_utils::createHostFunction<std::__1::function<void (facebook::jsi::Runtime&, facebook::jsi::Value const&, facebook::jsi::Value const&)>>(std::__1::function<void (facebook::jsi::Runtime&, facebook::jsi::Value const&, facebook::jsi::Value const&)>)::'lambda'(facebook::jsi::Runtime&, facebook::jsi::Value const&, facebook::jsi::Value const*, unsigned long)&, facebook::jsi::Runtime&, facebook::jsi::Value const&, facebook::jsi::Value const*&&, unsigned long&&)","symbolLocation":72,"imageIndex":2},{"imageOffset":7107796,"symbol":"facebook::jsi::Value std::__1::__invoke_void_return_wrapper<facebook::jsi::Value, false>::__call[abi:dee210106]<std::__1::function<facebook::jsi::Value (facebook::jsi::Runtime&, facebook::jsi::Value const&, facebook::jsi::Value const*, unsigned long)> worklets::jsi_utils::createHostFunction<std::__1::function<void (facebook::jsi::Runtime&, facebook::jsi::Value const&, facebook::jsi::Value const&)>>(std::__1::function<void (facebook::jsi::Runtime&, facebook::jsi::Value const&, facebook::jsi::Value const&)>)::'lambda'(facebook::jsi::Runtime&, facebook::jsi::Value const&, facebook::jsi::Value const*, unsigned long)&, facebook::jsi::Runtime&, facebook::jsi::Value const&, facebook::jsi::Value const*, unsigned long>(std::__1::function<facebook::jsi::Value (facebook::jsi::Runtime&, facebook::jsi::Value const&, facebook::jsi::Value const*, unsigned long)> worklets::jsi_utils::createHostFunction<std::__1::function<void (facebook::jsi::Runtime&, facebook::jsi::Value const&, facebook::jsi::Value const&)>>(std::__1::function<void (facebook::jsi::Runtime&, facebook::jsi::Value const&, facebook::jsi::Value const&)>)::'lambda'(facebook::jsi::Runtime&, facebook::jsi::Value const&, facebook::jsi::Value const*, unsigned long)&, facebook::jsi::Runtime&, facebook::jsi::Value const&, facebook::jsi::Value const*&&, unsigned long&&)","symbolLocation":64,"imageIndex":2},{"imageOffset":7107720,"symbol":"std::__1::function<void (facebook::jsi::Runtime&, facebook::jsi::Value const&, facebook::jsi::Value const&)> std::__1::__invoke_r[abi:dee210106]<facebook::jsi::Value, std::__1::function<facebook::jsi::Value (facebook::jsi::Runtime&, facebook::jsi::Value const&, facebook::jsi::Value const*, unsigned long)> worklets::jsi_utils::createHostFunction<std::__1::function<void (facebook::jsi::Runtime&, facebook::jsi::Value const&, facebook::jsi::Value const&)>>(std::__1::function<void (facebook::jsi::Runtime&, facebook::jsi::Value const&, facebook::jsi::Value const&)>)::'lambda'(facebook::jsi::Runtime&, facebook::jsi::Value const&, facebook::jsi::Value const*, unsigned long)&, facebook::jsi::Runtime&, facebook::jsi::Value const&, facebook::jsi::Value const*, unsigned long>(std::__1::function<facebook::jsi::Value (facebook::jsi::Runtime&, facebook::jsi::Value const&, facebook::jsi::Value const*, unsigned long)> worklets::jsi_utils::createHostFunction<std::__1::function<void (facebook::jsi::Runtime&, facebook::jsi::Value const&, facebook::jsi::Value const&)>>(std::__1::function<void (facebook::jsi::Runtime&, facebook::jsi::Value const&, facebook::jsi::Value const&)>)::'lambda'(facebook::jsi::Runtime&, facebook::jsi::Value const&, facebook::jsi::Value const*, unsigned long)&, facebook::jsi::Runtime&, facebook::jsi::Value const&, facebook::jsi::Value const*&&, unsigned long&&)","symbolLocation":64,"imageIndex":2},{"imageOffset":7106756,"symbol":"std::__1::__function::__func<std::__1::function<facebook::jsi::Value (facebook::jsi::Runtime&, facebook::jsi::Value const&, facebook::jsi::Value const*, unsigned long)> worklets::jsi_utils::createHostFunction<std::__1::function<void (facebook::jsi::Runtime&, facebook::jsi::Value const&, facebook::jsi::Value const&)>>(std::__1::function<void (facebook::jsi::Runtime&, facebook::jsi::Value const&, facebook::jsi::Value const&)>)::'lambda'(facebook::jsi::Runtime&, facebook::jsi::Value const&, facebook::jsi::Value const*, unsigned long), facebook::jsi::Value (facebook::jsi::Runtime&, facebook::jsi::Value const&, facebook::jsi::Value const*, unsigned long)>::operator()(facebook::jsi::Runtime&, facebook::jsi::Value const&, facebook::jsi::Value const*&&, unsigned long&&)","symbolLocation":68,"imageIndex":2},{"imageOffset":6978520,"symbol":"std::__1::__function::__value_func<facebook::jsi::Value (facebook::jsi::Runtime&, facebook::jsi::Value const&, facebook::jsi::Value const*, unsigned long)>::operator()[abi:dee210106](facebook::jsi::Runtime&, facebook::jsi::Value const&, facebook::jsi::Value const*&&, unsigned long&&) const","symbolLocation":104,"imageIndex":2},{"imageOffset":6978380,"symbol":"std::__1::function<facebook::jsi::Value (facebook::jsi::Runtime&, facebook::jsi::Value const&, facebook::jsi::Value const*, unsigned long)>::operator()(facebook::jsi::Runtime&, facebook::jsi::Value const&, facebook::jsi::Value const*, unsigned long) const","symbolLocation":72,"imageIndex":2},{"imageOffset":6978296,"symbol":"facebook::jsi::DecoratedHostFunction::operator()(facebook::jsi::Runtime&, facebook::jsi::Value const&, facebook::jsi::Value const*, unsigned long)","symbolLocation":84,"imageIndex":2},{"imageOffset":6978200,"symbol":"std::__1::__invoke_result_impl<void, facebook::jsi::DecoratedHostFunction&, facebook::jsi::Runtime&, facebook::jsi::Value const&, facebook::jsi::Value const*, unsigned long>::type std::__1::__invoke[abi:dee210106]<facebook::jsi::DecoratedHostFunction&, facebook::jsi::Runtime&, facebook::jsi::Value const&, facebook::jsi::Value const*, unsigned long>(facebook::jsi::DecoratedHostFunction&, facebook::jsi::Runtime&, facebook::jsi::Value const&, facebook::jsi::Value const*&&, unsigned long&&)","symbolLocation":72,"imageIndex":2},{"imageOffset":6978116,"symbol":"facebook::jsi::Value std::__1::__invoke_void_return_wrapper<facebook::jsi::Value, false>::__call[abi:dee210106]<facebook::jsi::DecoratedHostFunction&, facebook::jsi::Runtime&, facebook::jsi::Value const&, facebook::jsi::Value const*, unsigned long>(facebook::jsi::DecoratedHostFunction&, facebook::jsi::Runtime&, facebook::jsi::Value const&, facebook::jsi::Value const*&&, unsigned long&&)","symbolLocation":64,"imageIndex":2},{"imageOffset":6978040,"symbol":"facebook::jsi::Value std::__1::__invoke_r[abi:dee210106]<facebook::jsi::Value, facebook::jsi::DecoratedHostFunction&, facebook::jsi::Runtime&, facebook::jsi::Value const&, facebook::jsi::Value const*, unsigned long>(facebook::jsi::DecoratedHostFunction&, facebook::jsi::Runtime&, facebook::jsi::Value const&, facebook::jsi::Value const*&&, unsigned long&&)","symbolLocation":64,"imageIndex":2},{"imageOffset":6977408,"symbol":"std::__1::__function::__func<facebook::jsi::DecoratedHostFunction, facebook::jsi::Value (facebook::jsi::Runtime&, facebook::jsi::Value const&, facebook::jsi::Value const*, unsigned long)>::operator()(facebook::jsi::Runtime&, facebook::jsi::Value const&, facebook::jsi::Value const*&&, unsigned long&&)","symbolLocation":68,"imageIndex":2},{"imageOffset":6978520,"symbol":"std::__1::__function::__value_func<facebook::jsi::Value (facebook::jsi::Runtime&, facebook::jsi::Value const&, facebook::jsi::Value const*, unsigned long)>::operator()[abi:dee210106](facebook::jsi::Runtime&, facebook::jsi::Value const&, facebook::jsi::Value const*&&, unsigned long&&) const","symbolLocation":104,"imageIndex":2},{"imageOffset":6978380,"symbol":"std::__1::function<facebook::jsi::Value (facebook::jsi::Runtime&, facebook::jsi::Value const&, facebook::jsi::Value const*, unsigned long)>::operator()(facebook::jsi::Runtime&, facebook::jsi::Value const&, facebook::jsi::Value const*, unsigned long) const","symbolLocation":72,"imageIndex":2},{"imageOffset":6978296,"symbol":"facebook::jsi::DecoratedHostFunction::operator()(facebook::jsi::Runtime&, facebook::jsi::Value const&, facebook::jsi::Value const*, unsigned long)","symbolLocation":84,"imageIndex":2},{"imageOffset":6978200,"symbol":"std::__1::__invoke_result_impl<void, facebook::jsi::DecoratedHostFunction&, facebook::jsi::Runtime&, facebook::jsi::Value const&, facebook::jsi::Value const*, unsigned long>::type std::__1::__invoke[abi:dee210106]<facebook::jsi::DecoratedHostFunction&, facebook::jsi::Runtime&, facebook::jsi::Value const&, facebook::jsi::Value const*, unsigned long>(facebook::jsi::DecoratedHostFunction&, facebook::jsi::Runtime&, facebook::jsi::Value const&, facebook::jsi::Value const*&&, unsigned long&&)","symbolLocation":72,"imageIndex":2},{"imageOffset":6978116,"symbol":"facebook::jsi::Value std::__1::__invoke_void_return_wrapper<facebook::jsi::Value, false>::__call[abi:dee210106]<facebook::jsi::DecoratedHostFunction&, facebook::jsi::Runtime&, facebook::jsi::Value const&, facebook::jsi::Value const*, unsigned long>(facebook::jsi::DecoratedHostFunction&, facebook::jsi::Runtime&, facebook::jsi::Value const&, facebook::jsi::Value const*&&, unsigned long&&)","symbolLocation":64,"imageIndex":2},{"imageOffset":6978040,"symbol":"facebook::jsi::Value std::__1::__invoke_r[abi:dee210106]<facebook::jsi::Value, facebook::jsi::DecoratedHostFunction&, facebook::jsi::Runtime&, facebook::jsi::Value const&, facebook::jsi::Value const*, unsigned long>(facebook::jsi::DecoratedHostFunction&, facebook::jsi::Runtime&, facebook::jsi::Value const&, facebook::jsi::Value const*&&, unsigned long&&)","symbolLocation":64,"imageIndex":2},{"imageOffset":6977408,"symbol":"std::__1::__function::__func<facebook::jsi::DecoratedHostFunction, facebook::jsi::Value (facebook::jsi::Runtime&, facebook::jsi::Value const&, facebook::jsi::Value const*, unsigned long)>::operator()(facebook::jsi::Runtime&, facebook::jsi::Value const&, facebook::jsi::Value const*&&, unsigned long&&)","symbolLocation":68,"imageIndex":2},{"imageOffset":276912,"symbol":"facebook::hermes::(anonymous namespace)::HermesRuntimeImpl::HFContext::func(void*, hermes::vm::Runtime&)","symbolLocation":292,"imageIndex":24},{"imageOffset":2256904,"symbol":"hermes::vm::Interpreter::handleCallSlowPath(hermes::vm::Runtime&, hermes::vm::PinnedHermesValue*)","symbolLocation":164,"imageIndex":24},{"imageOffset":2265496,"symbol":"hermes::vm::CallResult<hermes::vm::HermesValue, (hermes::vm::detail::CallResultSpecialize)2> hermes::vm::Interpreter::interpretFunction<false, false>(hermes::vm::Runtime&, hermes::vm::InterpreterState&)","symbolLocation":8372,"imageIndex":24},{"imageOffset":3145112,"symbol":"hermes::vm::Runtime::interpretFunctionImpl(hermes::vm::CodeBlock*)","symbolLocation":132,"imageIndex":24},{"imageOffset":2162512,"symbol":"hermes::vm::JSFunction::_callImpl(hermes::vm::Handle<hermes::vm::Callable>, hermes::vm::Runtime&)","symbolLocation":32,"imageIndex":24},{"imageOffset":2159824,"symbol":"hermes::vm::BoundFunction::_boundCall(hermes::vm::BoundFunction*, hermes::vm::Runtime&)","symbolLocation":532,"imageIndex":24},{"imageOffset":3238292,"symbol":"hermes::vm::hermesBuiltinApply(void*, hermes::vm::Runtime&)","symbolLocation":628,"imageIndex":24},{"imageOffset":3149520,"symbol":"hermes::vm::Interpreter::implCallBuiltin(hermes::vm::Runtime&, hermes::vm::PinnedHermesValue*, hermes::vm::CodeBlock*, unsigned int)","symbolLocation":120,"imageIndex":24},{"imageOffset":2266464,"symbol":"hermes::vm::CallResult<hermes::vm::HermesValue, (hermes::vm::detail::CallResultSpecialize)2> hermes::vm::Interpreter::interpretFunction<false, false>(hermes::vm::Runtime&, hermes::vm::InterpreterState&)","symbolLocation":9340,"imageIndex":24},{"imageOffset":3145112,"symbol":"hermes::vm::Runtime::interpretFunctionImpl(hermes::vm::CodeBlock*)","symbolLocation":132,"imageIndex":24},{"imageOffset":2162512,"symbol":"hermes::vm::JSFunction::_callImpl(hermes::vm::Handle<hermes::vm::Callable>, hermes::vm::Runtime&)","symbolLocation":32,"imageIndex":24},{"imageOffset":2159824,"symbol":"hermes::vm::BoundFunction::_boundCall(hermes::vm::BoundFunction*, hermes::vm::Runtime&)","symbolLocation":532,"imageIndex":24},{"imageOffset":2256988,"symbol":"hermes::vm::Interpreter::handleCallSlowPath(hermes::vm::Runtime&, hermes::vm::PinnedHermesValue*)","symbolLocation":248,"imageIndex":24},{"imageOffset":2265496,"symbol":"hermes::vm::CallResult<hermes::vm::HermesValue, (hermes::vm::detail::CallResultSpecialize)2> hermes::vm::Interpreter::interpretFunction<false, false>(hermes::vm::Runtime&, hermes::vm::InterpreterState&)","symbolLocation":8372,"imageIndex":24},{"imageOffset":3145112,"symbol":"hermes::vm::Runtime::interpretFunctionImpl(hermes::vm::CodeBlock*)","symbolLocation":132,"imageIndex":24},{"imageOffset":2162512,"symbol":"hermes::vm::JSFunction::_callImpl(hermes::vm::Handle<hermes::vm::Callable>, hermes::vm::Runtime&)","symbolLocation":32,"imageIndex":24},{"imageOffset":2159824,"symbol":"hermes::vm::BoundFunction::_boundCall(hermes::vm::BoundFunction*, hermes::vm::Runtime&)","symbolLocation":532,"imageIndex":24},{"imageOffset":2256988,"symbol":"hermes::vm::Interpreter::handleCallSlowPath(hermes::vm::Runtime&, hermes::vm::PinnedHermesValue*)","symbolLocation":248,"imageIndex":24},{"imageOffset":2265496,"symbol":"hermes::vm::CallResult<hermes::vm::HermesValue, (hermes::vm::detail::CallResultSpecialize)2> hermes::vm::Interpreter::interpretFunction<false, false>(hermes::vm::Runtime&, hermes::vm::InterpreterState&)","symbolLocation":8372,"imageIndex":24},{"imageOffset":3145112,"symbol":"hermes::vm::Runtime::interpretFunctionImpl(hermes::vm::CodeBlock*)","symbolLocation":132,"imageIndex":24},{"imageOffset":2162512,"symbol":"hermes::vm::JSFunction::_callImpl(hermes::vm::Handle<hermes::vm::Callable>, hermes::vm::Runtime&)","symbolLocation":32,"imageIndex":24},{"imageOffset":2159824,"symbol":"hermes::vm::BoundFunction::_boundCall(hermes::vm::BoundFunction*, hermes::vm::Runtime&)","symbolLocation":532,"imageIndex":24},{"imageOffset":3238292,"symbol":"hermes::vm::hermesBuiltinApply(void*, hermes::vm::Runtime&)","symbolLocation":628,"imageIndex":24},{"imageOffset":3149520,"symbol":"hermes::vm::Interpreter::implCallBuiltin(hermes::vm::Runtime&, hermes::vm::PinnedHermesValue*, hermes::vm::CodeBlock*, unsigned int)","symbolLocation":120,"imageIndex":24},{"imageOffset":2266464,"symbol":"hermes::vm::CallResult<hermes::vm::HermesValue, (hermes::vm::detail::CallResultSpecialize)2> hermes::vm::Interpreter::interpretFunction<false, false>(hermes::vm::Runtime&, hermes::vm::InterpreterState&)","symbolLocation":9340,"imageIndex":24},{"imageOffset":3145112,"symbol":"hermes::vm::Runtime::interpretFunctionImpl(hermes::vm::CodeBlock*)","symbolLocation":132,"imageIndex":24},{"imageOffset":2162512,"symbol":"hermes::vm::JSFunction::_callImpl(hermes::vm::Handle<hermes::vm::Callable>, hermes::vm::Runtime&)","symbolLocation":32,"imageIndex":24},{"imageOffset":2159824,"symbol":"hermes::vm::BoundFunction::_boundCall(hermes::vm::BoundFunction*, hermes::vm::Runtime&)","symbolLocation":532,"imageIndex":24},{"imageOffset":238672,"symbol":"facebook::hermes::(anonymous namespace)::HermesRuntimeImpl::call(facebook::jsi::Function const&, facebook::jsi::Value const&, facebook::jsi::Value const*, unsigned long)","symbolLocation":760,"imageIndex":24},{"imageOffset":6971248,"symbol":"facebook::jsi::RuntimeDecorator<facebook::jsi::Runtime, facebook::jsi::Runtime>::call(facebook::jsi::Function const&, facebook::jsi::Value const&, facebook::jsi::Value const*, unsigned long)","symbolLocation":76,"imageIndex":2},{"imageOffset":6961772,"symbol":"facebook::jsi::WithRuntimeDecorator<worklets::WorkletsReentrancyCheck, facebook::jsi::Runtime, facebook::jsi::Runtime>::call(facebook::jsi::Function const&, facebook::jsi::Value const&, facebook::jsi::Value const*, unsigned long)","symbolLocation":88,"imageIndex":2},{"imageOffset":6971248,"symbol":"facebook::jsi::RuntimeDecorator<facebook::jsi::Runtime, facebook::jsi::Runtime>::call(facebook::jsi::Function const&, facebook::jsi::Value const&, facebook::jsi::Value const*, unsigned long)","symbolLocation":76,"imageIndex":2},{"imageOffset":7019784,"symbol":"facebook::jsi::WithRuntimeDecorator<worklets::AroundLock, facebook::jsi::Runtime, facebook::jsi::Runtime>::call(facebook::jsi::Function const&, facebook::jsi::Value const&, facebook::jsi::Value const*, unsigned long)","symbolLocation":88,"imageIndex":2},{"imageOffset":903524,"symbol":"facebook::jsi::Function::call(facebook::jsi::Runtime&, facebook::jsi::Value const*, unsigned long) const","symbolLocation":100,"imageIndex":2},{"imageOffset":1500776,"symbol":"facebook::jsi::Function::call(facebook::jsi::Runtime&, std::initializer_list<facebook::jsi::Value>) const","symbolLocation":112,"imageIndex":2},{"imageOffset":6637716,"symbol":"facebook::jsi::Value facebook::jsi::Function::call<facebook::jsi::Function const&>(facebook::jsi::Runtime&, facebook::jsi::Function const&) const","symbolLocation":132,"imageIndex":2},{"imageOffset":6637528,"symbol":"facebook::jsi::Value worklets::WorkletRuntime::runSync<>(facebook::jsi::Function const&) const","symbolLocation":80,"imageIndex":2},{"imageOffset":6637320,"symbol":"facebook::jsi::Value worklets::WorkletRuntime::runSync<>(std::__1::shared_ptr<worklets::SerializableWorklet> const&) const","symbolLocation":136,"imageIndex":2},{"imageOffset":6673192,"symbol":"worklets::scheduleOnUI(std::__1::shared_ptr<worklets::UIScheduler> const&, std::__1::weak_ptr<worklets::WorkletRuntime> const&, facebook::jsi::Runtime&, facebook::jsi::Value const&)::'lambda'()::operator()() const","symbolLocation":116,"imageIndex":2},{"imageOffset":6673064,"symbol":"std::__1::__invoke_result_impl<void, worklets::scheduleOnUI(std::__1::shared_ptr<worklets::UIScheduler> const&, std::__1::weak_ptr<worklets::WorkletRuntime> const&, facebook::jsi::Runtime&, facebook::jsi::Value const&)::'lambda'()&>::type std::__1::__invoke[abi:dee210106]<worklets::scheduleOnUI(std::__1::shared_ptr<worklets::UIScheduler> const&, std::__1::weak_ptr<worklets::WorkletRuntime> const&, facebook::jsi::Runtime&, facebook::jsi::Value const&)::'lambda'()&>(worklets::scheduleOnUI(std::__1::shared_ptr<worklets::UIScheduler> const&, std::__1::weak_ptr<worklets::WorkletRuntime> const&, facebook::jsi::Runtime&, facebook::jsi::Value const&)::'lambda'()&)","symbolLocation":24,"imageIndex":2},{"imageOffset":6673028,"symbol":"void std::__1::__invoke_void_return_wrapper<void, true>::__call[abi:dee210106]<worklets::scheduleOnUI(std::__1::shared_ptr<worklets::UIScheduler> const&, std::__1::weak_ptr<worklets::WorkletRuntime> const&, facebook::jsi::Runtime&, facebook::jsi::Value const&)::'lambda'()&>(worklets::scheduleOnUI(std::__1::shared_ptr<worklets::UIScheduler> const&, std::__1::weak_ptr<worklets::WorkletRuntime> const&, facebook::jsi::Runtime&, facebook::jsi::Value const&)::'lambda'()&)","symbolLocation":24,"imageIndex":2},{"imageOffset":6672992,"symbol":"void std::__1::__invoke_r[abi:dee210106]<void, worklets::scheduleOnUI(std::__1::shared_ptr<worklets::UIScheduler> const&, std::__1::weak_ptr<worklets::WorkletRuntime> const&, facebook::jsi::Runtime&, facebook::jsi::Value const&)::'lambda'()&>(worklets::scheduleOnUI(std::__1::shared_ptr<worklets::UIScheduler> const&, std::__1::weak_ptr<worklets::WorkletRuntime> const&, facebook::jsi::Runtime&, facebook::jsi::Value const&)::'lambda'()&)","symbolLocation":24,"imageIndex":2},{"imageOffset":6672440,"symbol":"std::__1::__function::__func<worklets::scheduleOnUI(std::__1::shared_ptr<worklets::UIScheduler> const&, std::__1::weak_ptr<worklets::WorkletRuntime> const&, facebook::jsi::Runtime&, facebook::jsi::Value const&)::'lambda'(), void ()>::operator()()","symbolLocation":28,"imageIndex":2},{"imageOffset":3116856,"symbol":"std::__1::__function::__value_func<void ()>::operator()[abi:dee210106]() const","symbolLocation":60,"imageIndex":2},{"imageOffset":3114864,"symbol":"std::__1::function<void ()>::operator()() const","symbolLocation":24,"imageIndex":2},{"imageOffset":6948304,"symbol":"worklets::UIScheduler::triggerUI()","symbolLocation":120,"imageIndex":2},{"imageOffset":6600572,"symbol":"worklets::IOSUIScheduler::scheduleOnUI(std::__1::function<void ()>)::$_0::operator()() const","symbolLocation":68,"imageIndex":2},{"imageOffset":6600492,"symbol":"invocation function for block in worklets::IOSUIScheduler::scheduleOnUI(std::__1::function<void ()>)","symbolLocation":28,"imageIndex":2},{"imageOffset":5792,"symbol":"_dispatch_call_block_and_release","symbolLocation":24,"imageIndex":77},{"imageOffset":114328,"symbol":"_dispatch_client_callout","symbolLocation":12,"imageIndex":77},{"imageOffset":231240,"symbol":"<deduplicated_symbol>","symbolLocation":24,"imageIndex":77},{"imageOffset":68916,"symbol":"_dispatch_main_queue_drain","symbolLocation":1172,"imageIndex":77},{"imageOffset":67728,"symbol":"_dispatch_main_queue_callback_4CF","symbolLocation":40,"imageIndex":77},{"imageOffset":604820,"symbol":"__CFRUNLOOP_IS_SERVICING_THE_MAIN_DISPATCH_QUEUE__","symbolLocation":12,"imageIndex":35},{"imageOffset":601196,"symbol":"__CFRunLoopRun","symbolLocation":1884,"imageIndex":35},{"imageOffset":579844,"symbol":"_CFRunLoopRunSpecificWithOptions","symbolLocation":496,"imageIndex":35},{"imageOffset":10688,"symbol":"GSEventRunModal","symbolLocation":116,"imageIndex":282},{"imageOffset":18990284,"symbol":"-[UIApplication _run]","symbolLocation":776,"imageIndex":518},{"imageOffset":26306832,"symbol":"UIApplicationMain","symbolLocation":120,"imageIndex":518},{"imageOffset":3938336,"imageIndex":518},{"imageOffset":576420,"symbol":"static UIApplicationDelegate.main()","symbolLocation":128,"imageIndex":2},{"imageOffset":576276,"symbol":"static AppDelegate.$main()","symbolLocation":44,"imageIndex":2},{"imageOffset":579144,"symbol":"__debug_main_executable_dylib_entry_point","symbolLocation":28,"imageIndex":2},{"imageOffset":45284,"symbol":"start_sim","symbolLocation":20,"imageIndex":1},{"imageOffset":130560,"symbol":"start","symbolLocation":6992,"imageIndex":847}]},{"id":1264897,"frames":[],"threadState":{"x":[{"value":13000388608},{"value":4867},{"value":12999852032},{"value":0},{"value":409604},{"value":18446744073709551615},{"value":0},{"value":0},{"value":0},{"value":0},{"value":0},{"value":0},{"value":0},{"value":0},{"value":0},{"value":0},{"value":0},{"value":0},{"value":0},{"value":0},{"value":0},{"value":0},{"value":0},{"value":0},{"value":0},{"value":0},{"value":0},{"value":0},{"value":0}],"flavor":"ARM_THREAD_STATE64","lr":{"value":0},"cpsr":{"value":4096},"fp":{"value":0},"sp":{"value":13000388608},"esr":{"value":1442840704,"description":"(Syscall)"},"pc":{"value":4517992992},"far":{"value":0}}},{"id":1264905,"frames":[],"threadState":{"x":[{"value":13000962048},{"value":4611},{"value":13000425472},{"value":0},{"value":409604},{"value":18446744073709551615},{"value":0},{"value":0},{"value":0},{"value":0},{"value":0},{"value":0},{"value":0},{"value":0},{"value":0},{"value":0},{"value":0},{"value":0},{"value":0},{"value":0},{"value":0},{"value":0},{"value":0},{"value":0},{"value":0},{"value":0},{"value":0},{"value":0},{"value":0}],"flavor":"ARM_THREAD_STATE64","lr":{"value":0},"cpsr":{"value":4096},"fp":{"value":0},"sp":{"value":13000962048},"esr":{"value":1442840704,"description":"(Syscall)"},"pc":{"value":4517992992},"far":{"value":0}}},{"id":1264906,"frames":[],"threadState":{"x":[{"value":13020409856},{"value":3843},{"value":13019873280},{"value":0},{"value":409604},{"value":18446744073709551615},{"value":0},{"value":0},{"value":0},{"value":0},{"value":0},{"value":0},{"value":0},{"value":0},{"value":0},{"value":0},{"value":0},{"value":0},{"value":0},{"value":0},{"value":0},{"value":0},{"value":0},{"value":0},{"value":0},{"value":0},{"value":0},{"value":0},{"value":0}],"flavor":"ARM_THREAD_STATE64","lr":{"value":0},"cpsr":{"value":4096},"fp":{"value":0},"sp":{"value":13020409856},"esr":{"value":1442840704,"description":"(Syscall)"},"pc":{"value":4517992992},"far":{"value":0}}},{"id":1264907,"frames":[],"threadState":{"x":[{"value":13020983296},{"value":9219},{"value":13020446720},{"value":0},{"value":409604},{"value":18446744073709551615},{"value":0},{"value":0},{"value":0},{"value":0},{"value":0},{"value":0},{"value":0},{"value":0},{"value":0},{"value":0},{"value":0},{"value":0},{"value":0},{"value":0},{"value":0},{"value":0},{"value":0},{"value":0},{"value":0},{"value":0},{"value":0},{"value":0},{"value":0}],"flavor":"ARM_THREAD_STATE64","lr":{"value":0},"cpsr":{"value":4096},"fp":{"value":0},"sp":{"value":13020983296},"esr":{"value":1442840704,"description":"(Syscall)"},"pc":{"value":4517992992},"far":{"value":0}}},{"id":1264908,"frames":[],"threadState":{"x":[{"value":13038940160},{"value":11011},{"value":13038403584},{"value":0},{"value":409604},{"value":18446744073709551615},{"value":0},{"value":0},{"value":0},{"value":0},{"value":0},{"value":0},{"value":0},{"value":0},{"value":0},{"value":0},{"value":0},{"value":0},{"value":0},{"value":0},{"value":0},{"value":0},{"value":0},{"value":0},{"value":0},{"value":0},{"value":0},{"value":0},{"value":0}],"flavor":"ARM_THREAD_STATE64","lr":{"value":0},"cpsr":{"value":4096},"fp":{"value":0},"sp":{"value":13038940160},"esr":{"value":1442840704,"description":"(Syscall)"},"pc":{"value":4517992992},"far":{"value":0}}},{"id":1264909,"name":"com.apple.uikit.eventfetch-thread","threadState":{"x":[{"value":268451845},{"value":21592279046},{"value":8589934592},{"value":62685047685120},{"value":2162692},{"value":62685047685120},{"value":2},{"value":4294967295},{"value":0},{"value":17179869184},{"value":0},{"value":2},{"value":0},{"value":0},{"value":14595},{"value":3072},{"value":18446744073709551569},{"value":18446744072367376383},{"value":0},{"value":4294967295},{"value":2},{"value":62685047685120},{"value":2162692},{"value":62685047685120},{"value":21592279046},{"value":13039508872},{"value":8589934592},{"value":18446744073709550527},{"value":4516577280,"symbolLocation":0,"symbol":"_libkernel_string_functions"}],"flavor":"ARM_THREAD_STATE64","lr":{"value":4516372060},"cpsr":{"value":4096},"fp":{"value":13039508720},"sp":{"value":13039508640},"esr":{"value":1442840704,"description":"(Syscall)"},"pc":{"value":4516301680},"far":{"value":0}},"frames":[{"imageOffset":2928,"symbol":"mach_msg2_trap","symbolLocation":8,"imageIndex":108},{"imageOffset":73308,"symbol":"mach_msg2_internal","symbolLocation":72,"imageIndex":108},{"imageOffset":35908,"symbol":"mach_msg_overwrite","symbolLocation":484,"imageIndex":108},{"imageOffset":3824,"symbol":"mach_msg","symbolLocation":20,"imageIndex":108},{"imageOffset":604096,"symbol":"__CFRunLoopServiceMachPort","symbolLocation":156,"imageIndex":35},{"imageOffset":600440,"symbol":"__CFRunLoopRun","symbolLocation":1128,"imageIndex":35},{"imageOffset":579844,"symbol":"_CFRunLoopRunSpecificWithOptions","symbolLocation":496,"imageIndex":35},{"imageOffset":9370188,"symbol":"-[NSRunLoop(NSRunLoop) runMode:beforeDate:]","symbolLocation":208,"imageIndex":30},{"imageOffset":9370728,"symbol":"-[NSRunLoop(NSRunLoop) runUntilDate:]","symbolLocation":60,"imageIndex":30},{"imageOffset":16050900,"symbol":"-[UIEventFetcher threadMain]","symbolLocation":404,"imageIndex":518},{"imageOffset":9522908,"symbol":"__NSThread__start__","symbolLocation":716,"imageIndex":30},{"imageOffset":26172,"symbol":"_pthread_start","symbolLocation":104,"imageIndex":111},{"imageOffset":6708,"symbol":"thread_start","symbolLocation":8,"imageIndex":111}]},{"id":1264921,"frames":[],"threadState":{"x":[{"value":13041135616},{"value":23299},{"value":13040599040},{"value":0},{"value":409604},{"value":18446744073709551615},{"value":0},{"value":0},{"value":0},{"value":0},{"value":0},{"value":0},{"value":0},{"value":0},{"value":0},{"value":0},{"value":0},{"value":0},{"value":0},{"value":0},{"value":0},{"value":0},{"value":0},{"value":0},{"value":0},{"value":0},{"value":0},{"value":0},{"value":0}],"flavor":"ARM_THREAD_STATE64","lr":{"value":0},"cpsr":{"value":4096},"fp":{"value":0},"sp":{"value":13041135616},"esr":{"value":1442840704,"description":"(Syscall)"},"pc":{"value":4517992992},"far":{"value":0}}},{"id":1265044,"name":"com.facebook.SocketRocket.NetworkThread","threadState":{"x":[{"value":268451845},{"value":21592279046},{"value":8589934592},{"value":177034256973824},{"value":0},{"value":177034256973824},{"value":2},{"value":4294967295},{"value":0},{"value":17179869184},{"value":0},{"value":2},{"value":0},{"value":0},{"value":41219},{"value":3072},{"value":18446744073709551569},{"value":4491979668,"symbolLocation":0,"symbol":"-[NSConstantDate timeIntervalSinceReferenceDate]"},{"value":0},{"value":4294967295},{"value":2},{"value":177034256973824},{"value":0},{"value":177034256973824},{"value":21592279046},{"value":13057842520},{"value":8589934592},{"value":18446744073709550527},{"value":4516577280,"symbolLocation":0,"symbol":"_libkernel_string_functions"}],"flavor":"ARM_THREAD_STATE64","lr":{"value":4516372060},"cpsr":{"value":4096},"fp":{"value":13057842368},"sp":{"value":13057842288},"esr":{"value":1442840704,"description":"(Syscall)"},"pc":{"value":4516301680},"far":{"value":0}},"frames":[{"imageOffset":2928,"symbol":"mach_msg2_trap","symbolLocation":8,"imageIndex":108},{"imageOffset":73308,"symbol":"mach_msg2_internal","symbolLocation":72,"imageIndex":108},{"imageOffset":35908,"symbol":"mach_msg_overwrite","symbolLocation":484,"imageIndex":108},{"imageOffset":3824,"symbol":"mach_msg","symbolLocation":20,"imageIndex":108},{"imageOffset":604096,"symbol":"__CFRunLoopServiceMachPort","symbolLocation":156,"imageIndex":35},{"imageOffset":600440,"symbol":"__CFRunLoopRun","symbolLocation":1128,"imageIndex":35},{"imageOffset":579844,"symbol":"_CFRunLoopRunSpecificWithOptions","symbolLocation":496,"imageIndex":35},{"imageOffset":9370188,"symbol":"-[NSRunLoop(NSRunLoop) runMode:beforeDate:]","symbolLocation":208,"imageIndex":30},{"imageOffset":330840,"symbol":"-[SRRunLoopThread main]","symbolLocation":268,"imageIndex":22},{"imageOffset":9522908,"symbol":"__NSThread__start__","symbolLocation":716,"imageIndex":30},{"imageOffset":26172,"symbol":"_pthread_start","symbolLocation":104,"imageIndex":111},{"imageOffset":6708,"symbol":"thread_start","symbolLocation":8,"imageIndex":111}]},{"id":1265045,"name":"com.apple.NSURLConnectionLoader","threadState":{"x":[{"value":268451845},{"value":21592279046},{"value":8589934592},{"value":151745489534976},{"value":0},{"value":151745489534976},{"value":2},{"value":4294967295},{"value":0},{"value":17179869184},{"value":0},{"value":2},{"value":0},{"value":0},{"value":35331},{"value":3072},{"value":18446744073709551569},{"value":18446744072367376383},{"value":0},{"value":4294967295},{"value":2},{"value":151745489534976},{"value":0},{"value":151745489534976},{"value":21592279046},{"value":13058415944},{"value":8589934592},{"value":18446744073709550527},{"value":4516577280,"symbolLocation":0,"symbol":"_libkernel_string_functions"}],"flavor":"ARM_THREAD_STATE64","lr":{"value":4516372060},"cpsr":{"value":4096},"fp":{"value":13058415792},"sp":{"value":13058415712},"esr":{"value":1442840704,"description":"(Syscall)"},"pc":{"value":4516301680},"far":{"value":0}},"frames":[{"imageOffset":2928,"symbol":"mach_msg2_trap","symbolLocation":8,"imageIndex":108},{"imageOffset":73308,"symbol":"mach_msg2_internal","symbolLocation":72,"imageIndex":108},{"imageOffset":35908,"symbol":"mach_msg_overwrite","symbolLocation":484,"imageIndex":108},{"imageOffset":3824,"symbol":"mach_msg","symbolLocation":20,"imageIndex":108},{"imageOffset":604096,"symbol":"__CFRunLoopServiceMachPort","symbolLocation":156,"imageIndex":35},{"imageOffset":600440,"symbol":"__CFRunLoopRun","symbolLocation":1128,"imageIndex":35},{"imageOffset":579844,"symbol":"_CFRunLoopRunSpecificWithOptions","symbolLocation":496,"imageIndex":35},{"imageOffset":2101280,"symbol":"+[__CFN_CoreSchedulingSetRunnable _run:]","symbolLocation":368,"imageIndex":114},{"imageOffset":9522908,"symbol":"__NSThread__start__","symbolLocation":716,"imageIndex":30},{"imageOffset":26172,"symbol":"_pthread_start","symbolLocation":104,"imageIndex":111},{"imageOffset":6708,"symbol":"thread_start","symbolLocation":8,"imageIndex":111}]},{"id":1265050,"name":"com.apple.CFSocket.private","threadState":{"x":[{"value":4},{"value":0},{"value":13061431344},{"value":0},{"value":0},{"value":0},{"value":5},{"value":0},{"value":13058994400},{"value":0},{"value":13388254464},{"value":15},{"value":1},{"value":13388254464},{"value":72057598536505033,"symbolLocation":72057594037927937,"symbol":"OBJC_CLASS_$___NSCFArray"},{"value":4498577096,"symbolLocation":0,"symbol":"OBJC_CLASS_$___NSCFArray"},{"value":93},{"value":4490795328,"symbolLocation":0,"symbol":"-[__NSCFArray objectAtIndex:]"},{"value":0},{"value":13293505968},{"value":4498599936,"symbolLocation":0,"symbol":"__CFReadSockets"},{"value":32},{"value":4498599904,"symbolLocation":0,"symbol":"__CFActiveSocketsLock"},{"value":0},{"value":13061431344},{"value":13081749968},{"value":13061431376},{"value":0},{"value":13081755008}],"flavor":"ARM_THREAD_STATE64","lr":{"value":4490943372},"cpsr":{"value":1610616832},"fp":{"value":13058994112},"sp":{"value":13058960336},"esr":{"value":1442840704,"description":"(Syscall)"},"pc":{"value":4516343732},"far":{"value":0}},"frames":[{"imageOffset":44980,"symbol":"__select","symbolLocation":8,"imageIndex":108},{"imageOffset":662412,"symbol":"__CFSocketManager","symbolLocation":680,"imageIndex":35},{"imageOffset":26172,"symbol":"_pthread_start","symbolLocation":104,"imageIndex":111},{"imageOffset":6708,"symbol":"thread_start","symbolLocation":8,"imageIndex":111}]},{"id":1265073,"name":"com.facebook.react.runtime.JavaScript","threadState":{"x":[{"value":268451845},{"value":21592279046},{"value":8589934592},{"value":156143536046080},{"value":0},{"value":156143536046080},{"value":2},{"value":4294967295},{"value":0},{"value":17179869184},{"value":0},{"value":2},{"value":0},{"value":0},{"value":36355},{"value":3072},{"value":18446744073709551569},{"value":4},{"value":0},{"value":4294967295},{"value":2},{"value":156143536046080},{"value":0},{"value":156143536046080},{"value":21592279046},{"value":13060087112},{"value":8589934592},{"value":18446744073709550527},{"value":4516577280,"symbolLocation":0,"symbol":"_libkernel_string_functions"}],"flavor":"ARM_THREAD_STATE64","lr":{"value":4516372060},"cpsr":{"value":4096},"fp":{"value":13060086960},"sp":{"value":13060086880},"esr":{"value":1442840704,"description":"(Syscall)"},"pc":{"value":4516301680},"far":{"value":0}},"frames":[{"imageOffset":2928,"symbol":"mach_msg2_trap","symbolLocation":8,"imageIndex":108},{"imageOffset":73308,"symbol":"mach_msg2_internal","symbolLocation":72,"imageIndex":108},{"imageOffset":35908,"symbol":"mach_msg_overwrite","symbolLocation":484,"imageIndex":108},{"imageOffset":3824,"symbol":"mach_msg","symbolLocation":20,"imageIndex":108},{"imageOffset":604096,"symbol":"__CFRunLoopServiceMachPort","symbolLocation":156,"imageIndex":35},{"imageOffset":600440,"symbol":"__CFRunLoopRun","symbolLocation":1128,"imageIndex":35},{"imageOffset":579844,"symbol":"_CFRunLoopRunSpecificWithOptions","symbolLocation":496,"imageIndex":35},{"imageOffset":12555880,"symbol":"+[RCTJSThreadManager runRunLoop]","symbolLocation":312,"imageIndex":21},{"imageOffset":9522908,"symbol":"__NSThread__start__","symbolLocation":716,"imageIndex":30},{"imageOffset":26172,"symbol":"_pthread_start","symbolLocation":104,"imageIndex":111},{"imageOffset":6708,"symbol":"thread_start","symbolLocation":8,"imageIndex":111}]},{"id":1265074,"name":"hades","threadState":{"x":[{"value":260},{"value":0},{"value":0},{"value":0},{"value":0},{"value":160},{"value":0},{"value":0},{"value":13060665000},{"value":0},{"value":0},{"value":2},{"value":2},{"value":0},{"value":0},{"value":0},{"value":305},{"value":0},{"value":0},{"value":13292924928},{"value":13292924992},{"value":13060665568},{"value":0},{"value":0},{"value":0},{"value":1},{"value":256},{"value":0},{"value":0}],"flavor":"ARM_THREAD_STATE64","lr":{"value":4518013696},"cpsr":{"value":1610616832},"fp":{"value":13060665120},"sp":{"value":13060664976},"esr":{"value":1442840704,"description":"(Syscall)"},"pc":{"value":4516315180},"far":{"value":0}},"frames":[{"imageOffset":16428,"symbol":"__psynch_cvwait","symbolLocation":8,"imageIndex":108},{"imageOffset":27392,"symbol":"_pthread_cond_wait","symbolLocation":972,"imageIndex":111},{"imageOffset":132612,"symbol":"std::__1::condition_variable::wait(std::__1::unique_lock<std::__1::mutex>&)","symbolLocation":28,"imageIndex":4},{"imageOffset":2895064,"symbol":"hermes::vm::HadesGC::Executor::worker()","symbolLocation":108,"imageIndex":24},{"imageOffset":2894912,"symbol":"void* std::__1::__thread_proxy[abi:nn190102]<std::__1::tuple<std::__1::unique_ptr<std::__1::__thread_struct, std::__1::default_delete<std::__1::__thread_struct>>, hermes::vm::HadesGC::Executor::Executor()::'lambda'()>>(void*)","symbolLocation":44,"imageIndex":24},{"imageOffset":26172,"symbol":"_pthread_start","symbolLocation":104,"imageIndex":111},{"imageOffset":6708,"symbol":"thread_start","symbolLocation":8,"imageIndex":111}]},{"id":1265124,"name":"com.apple.CFNetwork.CustomProtocols","threadState":{"x":[{"value":268451845},{"value":21592279046},{"value":8589934592},{"value":279288838356992},{"value":0},{"value":279288838356992},{"value":2},{"value":4294967295},{"value":0},{"value":17179869184},{"value":0},{"value":2},{"value":0},{"value":0},{"value":65027},{"value":3072},{"value":18446744073709551569},{"value":4428162172,"symbolLocation":0,"symbol":"-[OS_dispatch_object dealloc]"},{"value":0},{"value":4294967295},{"value":2},{"value":279288838356992},{"value":0},{"value":279288838356992},{"value":21592279046},{"value":13068967240},{"value":8589934592},{"value":18446744073709550527},{"value":4516577280,"symbolLocation":0,"symbol":"_libkernel_string_functions"}],"flavor":"ARM_THREAD_STATE64","lr":{"value":4516372060},"cpsr":{"value":4096},"fp":{"value":13068967088},"sp":{"value":13068967008},"esr":{"value":1442840704,"description":"(Syscall)"},"pc":{"value":4516301680},"far":{"value":0}},"frames":[{"imageOffset":2928,"symbol":"mach_msg2_trap","symbolLocation":8,"imageIndex":108},{"imageOffset":73308,"symbol":"mach_msg2_internal","symbolLocation":72,"imageIndex":108},{"imageOffset":35908,"symbol":"mach_msg_overwrite","symbolLocation":484,"imageIndex":108},{"imageOffset":3824,"symbol":"mach_msg","symbolLocation":20,"imageIndex":108},{"imageOffset":604096,"symbol":"__CFRunLoopServiceMachPort","symbolLocation":156,"imageIndex":35},{"imageOffset":600440,"symbol":"__CFRunLoopRun","symbolLocation":1128,"imageIndex":35},{"imageOffset":579844,"symbol":"_CFRunLoopRunSpecificWithOptions","symbolLocation":496,"imageIndex":35},{"imageOffset":2101280,"symbol":"+[__CFN_CoreSchedulingSetRunnable _run:]","symbolLocation":368,"imageIndex":114},{"imageOffset":9522908,"symbol":"__NSThread__start__","symbolLocation":716,"imageIndex":30},{"imageOffset":26172,"symbol":"_pthread_start","symbolLocation":104,"imageIndex":111},{"imageOffset":6708,"symbol":"thread_start","symbolLocation":8,"imageIndex":111}]},{"id":1265125,"frames":[],"threadState":{"x":[{"value":13289172992},{"value":0},{"value":13288636416},{"value":0},{"value":278532},{"value":18446744073709551615},{"value":0},{"value":0},{"value":0},{"value":0},{"value":0},{"value":0},{"value":0},{"value":0},{"value":0},{"value":0},{"value":0},{"value":0},{"value":0},{"value":0},{"value":0},{"value":0},{"value":0},{"value":0},{"value":0},{"value":0},{"value":0},{"value":0},{"value":0}],"flavor":"ARM_THREAD_STATE64","lr":{"value":0},"cpsr":{"value":4096},"fp":{"value":0},"sp":{"value":13289172992},"esr":{"value":0},"pc":{"value":4517992992},"far":{"value":0}}},{"id":1265128,"name":"com.apple.CFStream.LegacyThread","threadState":{"x":[{"value":268451845},{"value":21592279046},{"value":8589934592},{"value":273791280218112},{"value":0},{"value":273791280218112},{"value":2},{"value":4294967295},{"value":0},{"value":17179869184},{"value":0},{"value":2},{"value":0},{"value":0},{"value":63747},{"value":3072},{"value":18446744073709551569},{"value":18446744072367376383},{"value":0},{"value":4294967295},{"value":2},{"value":273791280218112},{"value":0},{"value":273791280218112},{"value":21592279046},{"value":13289742344},{"value":8589934592},{"value":18446744073709550527},{"value":4516577280,"symbolLocation":0,"symbol":"_libkernel_string_functions"}],"flavor":"ARM_THREAD_STATE64","lr":{"value":4516372060},"cpsr":{"value":4096},"fp":{"value":13289742192},"sp":{"value":13289742112},"esr":{"value":1442840704,"description":"(Syscall)"},"pc":{"value":4516301680},"far":{"value":0}},"frames":[{"imageOffset":2928,"symbol":"mach_msg2_trap","symbolLocation":8,"imageIndex":108},{"imageOffset":73308,"symbol":"mach_msg2_internal","symbolLocation":72,"imageIndex":108},{"imageOffset":35908,"symbol":"mach_msg_overwrite","symbolLocation":484,"imageIndex":108},{"imageOffset":3824,"symbol":"mach_msg","symbolLocation":20,"imageIndex":108},{"imageOffset":604096,"symbol":"__CFRunLoopServiceMachPort","symbolLocation":156,"imageIndex":35},{"imageOffset":600440,"symbol":"__CFRunLoopRun","symbolLocation":1128,"imageIndex":35},{"imageOffset":579844,"symbol":"_CFRunLoopRunSpecificWithOptions","symbolLocation":496,"imageIndex":35},{"imageOffset":725924,"symbol":"_legacyStreamRunLoop_workThread","symbolLocation":260,"imageIndex":35},{"imageOffset":26172,"symbol":"_pthread_start","symbolLocation":104,"imageIndex":111},{"imageOffset":6708,"symbol":"thread_start","symbolLocation":8,"imageIndex":111}]},{"id":1265147,"name":"hades","threadState":{"x":[{"value":260},{"value":0},{"value":0},{"value":0},{"value":0},{"value":160},{"value":0},{"value":0},{"value":13290319528},{"value":0},{"value":0},{"value":2},{"value":2},{"value":0},{"value":0},{"value":0},{"value":305},{"value":0},{"value":0},{"value":13441033792},{"value":13441033856},{"value":13290320096},{"value":0},{"value":0},{"value":0},{"value":1},{"value":256},{"value":0},{"value":0}],"flavor":"ARM_THREAD_STATE64","lr":{"value":4518013696},"cpsr":{"value":1610616832},"fp":{"value":13290319648},"sp":{"value":13290319504},"esr":{"value":1442840704,"description":"(Syscall)"},"pc":{"value":4516315180},"far":{"value":0}},"frames":[{"imageOffset":16428,"symbol":"__psynch_cvwait","symbolLocation":8,"imageIndex":108},{"imageOffset":27392,"symbol":"_pthread_cond_wait","symbolLocation":972,"imageIndex":111},{"imageOffset":132612,"symbol":"std::__1::condition_variable::wait(std::__1::unique_lock<std::__1::mutex>&)","symbolLocation":28,"imageIndex":4},{"imageOffset":2895064,"symbol":"hermes::vm::HadesGC::Executor::worker()","symbolLocation":108,"imageIndex":24},{"imageOffset":2894912,"symbol":"void* std::__1::__thread_proxy[abi:nn190102]<std::__1::tuple<std::__1::unique_ptr<std::__1::__thread_struct, std::__1::default_delete<std::__1::__thread_struct>>, hermes::vm::HadesGC::Executor::Executor()::'lambda'()>>(void*)","symbolLocation":44,"imageIndex":24},{"imageOffset":26172,"symbol":"_pthread_start","symbolLocation":104,"imageIndex":111},{"imageOffset":6708,"symbol":"thread_start","symbolLocation":8,"imageIndex":111}]},{"id":1265180,"frames":[{"imageOffset":10120,"symbol":"__ulock_wait","symbolLocation":8,"imageIndex":108},{"imageOffset":131512,"symbol":"std::__1::__libcpp_atomic_wait(void const volatile*, long long)","symbolLocation":84,"imageIndex":4},{"imageOffset":1380036,"symbol":"std::__1::__atomic_wait_backoff_impl<std::__1::__atomic_base<unsigned long, false>, void std::__1::__atomic_wait[abi:dee210106]<std::__1::__atomic_base<unsigned long, false> const, unsigned long>(std::__1::__atomic_base<unsigned long, false> const&, unsigned long, std::__1::memory_order)::'lambda'(unsigned long const&)>::operator()[abi:dee210106](std::__1::chrono::duration<long long, std::__1::ratio<1l, 1000000000l>>) const","symbolLocation":180,"imageIndex":2},{"imageOffset":1379392,"symbol":"bool std::__1::__libcpp_thread_poll_with_backoff[abi:dee210106]<void std::__1::__atomic_wait_unless[abi:dee210106]<std::__1::__atomic_base<unsigned long, false>, void std::__1::__atomic_wait[abi:dee210106]<std::__1::__atomic_base<unsigned long, false> const, unsigned long>(std::__1::__atomic_base<unsigned long, false> const&, unsigned long, std::__1::memory_order)::'lambda'(unsigned long const&)>(std::__1::__atomic_base<unsigned long, false> const const&, std::__1::memory_order, unsigned long&&)::'lambda'(), std::__1::__atomic_wait_backoff_impl<std::__1::__atomic_base<unsigned long, false>, void std::__1::__atomic_wait[abi:dee210106]<std::__1::__atomic_base<unsigned long, false> const, unsigned long>(std::__1::__atomic_base<unsigned long, false> const&, unsigned long, std::__1::memory_order)::'lambda'(unsigned long const&)>&>(std::__1::__atomic_base<unsigned long, false> const&&, unsigned long&&, std::__1::chrono::duration<long long, std::__1::ratio<1l, 1000000000l>>)","symbolLocation":268,"imageIndex":2},{"imageOffset":1379112,"symbol":"void std::__1::__atomic_wait_unless[abi:dee210106]<std::__1::__atomic_base<unsigned long, false>, void std::__1::__atomic_wait[abi:dee210106]<std::__1::__atomic_base<unsigned long, false> const, unsigned long>(std::__1::__atomic_base<unsigned long, false> const&, unsigned long, std::__1::memory_order)::'lambda'(unsigned long const&)>(std::__1::__atomic_base<unsigned long, false> const const&, std::__1::memory_order, unsigned long&&)","symbolLocation":120,"imageIndex":2},{"imageOffset":1378980,"symbol":"void std::__1::__atomic_wait[abi:dee210106]<std::__1::__atomic_base<unsigned long, false> const, unsigned long>(std::__1::__atomic_base<unsigned long, false> const&, unsigned long, std::__1::memory_order)","symbolLocation":48,"imageIndex":2},{"imageOffset":1375020,"symbol":"std::__1::__atomic_base<unsigned long, false>::wait[abi:dee210106](unsigned long, std::__1::memory_order) const","symbolLocation":40,"imageIndex":2},{"imageOffset":1461744,"symbol":"audioapi::channels::spsc::Receiver<audioapi::AudioEventHandlerRegistry::DispatchEvent, (audioapi::channels::spsc::OverflowStrategy)0, (audioapi::channels::spsc::WaitStrategy)2>::receive()","symbolLocation":140,"imageIndex":2},{"imageOffset":1461304,"symbol":"audioapi::AudioEventHandlerRegistry::AudioEventHandlerRegistry(facebook::jsi::Runtime*, std::__1::shared_ptr<facebook::react::CallInvoker> const&)::$_0::operator()() const","symbolLocation":96,"imageIndex":2},{"imageOffset":1461156,"symbol":"std::__1::__invoke_result_impl<void, audioapi::AudioEventHandlerRegistry::AudioEventHandlerRegistry(facebook::jsi::Runtime*, std::__1::shared_ptr<facebook::react::CallInvoker> const&)::$_0>::type std::__1::__invoke[abi:dee210106]<audioapi::AudioEventHandlerRegistry::AudioEventHandlerRegistry(facebook::jsi::Runtime*, std::__1::shared_ptr<facebook::react::CallInvoker> const&)::$_0>(audioapi::AudioEventHandlerRegistry::AudioEventHandlerRegistry(facebook::jsi::Runtime*, std::__1::shared_ptr<facebook::react::CallInvoker> const&)::$_0&&)","symbolLocation":24,"imageIndex":2},{"imageOffset":1461120,"symbol":"void std::__1::__thread_execute[abi:dee210106]<std::__1::unique_ptr<std::__1::__thread_struct, std::__1::default_delete<std::__1::__thread_struct>>, audioapi::AudioEventHandlerRegistry::AudioEventHandlerRegistry(facebook::jsi::Runtime*, std::__1::shared_ptr<facebook::react::CallInvoker> const&)::$_0>(std::__1::tuple<std::__1::unique_ptr<std::__1::__thread_struct, std::__1::default_delete<std::__1::__thread_struct>>, audioapi::AudioEventHandlerRegistry::AudioEventHandlerRegistry(facebook::jsi::Runtime*, std::__1::shared_ptr<facebook::react::CallInvoker> const&)::$_0>&, std::__1::__tuple_indices<>)","symbolLocation":28,"imageIndex":2},{"imageOffset":1460632,"symbol":"void* std::__1::__thread_proxy[abi:dee210106]<std::__1::tuple<std::__1::unique_ptr<std::__1::__thread_struct, std::__1::default_delete<std::__1::__thread_struct>>, audioapi::AudioEventHandlerRegistry::AudioEventHandlerRegistry(facebook::jsi::Runtime*, std::__1::shared_ptr<facebook::react::CallInvoker> const&)::$_0>>(void*)","symbolLocation":84,"imageIndex":2},{"imageOffset":26172,"symbol":"_pthread_start","symbolLocation":104,"imageIndex":111},{"imageOffset":6708,"symbol":"thread_start","symbolLocation":8,"imageIndex":111}],"threadState":{"x":[{"value":4},{"value":0},{"value":0},{"value":0},{"value":0},{"value":0},{"value":0},{"value":0},{"value":0},{"value":4315997568,"symbolLocation":0,"symbol":"std::__1::__libcpp_contention_table"},{"value":11376068507788127593},{"value":0},{"value":0},{"value":0},{"value":0},{"value":0},{"value":515},{"value":0},{"value":0},{"value":0},{"value":4316003968,"symbolLocation":6400,"symbol":"std::__1::__libcpp_contention_table"},{"value":0},{"value":0},{"value":0},{"value":0},{"value":0},{"value":0},{"value":0},{"value":0}],"flavor":"ARM_THREAD_STATE64","lr":{"value":4315513272},"cpsr":{"value":536875008},"fp":{"value":13303819280},"sp":{"value":13303819248},"esr":{"value":1442840704,"description":"(Syscall)"},"pc":{"value":4516308872},"far":{"value":0}}},{"id":1265227,"name":"video-metadata-runtime_queue","threadState":{"x":[{"value":260},{"value":0},{"value":0},{"value":0},{"value":0},{"value":160},{"value":0},{"value":0},{"value":13309603256},{"value":0},{"value":0},{"value":2},{"value":2},{"value":0},{"value":0},{"value":0},{"value":305},{"value":0},{"value":0},{"value":13628077984},{"value":13628078048},{"value":13309604064},{"value":0},{"value":0},{"value":0},{"value":1},{"value":256},{"value":0},{"value":0}],"flavor":"ARM_THREAD_STATE64","lr":{"value":4518013696},"cpsr":{"value":1610616832},"fp":{"value":13309603376},"sp":{"value":13309603232},"esr":{"value":1442840704,"description":"(Syscall)"},"pc":{"value":4516315180},"far":{"value":0}},"frames":[{"imageOffset":16428,"symbol":"__psynch_cvwait","symbolLocation":8,"imageIndex":108},{"imageOffset":27392,"symbol":"_pthread_cond_wait","symbolLocation":972,"imageIndex":111},{"imageOffset":132612,"symbol":"std::__1::condition_variable::wait(std::__1::unique_lock<std::__1::mutex>&)","symbolLocation":28,"imageIndex":4},{"imageOffset":6536332,"symbol":"void std::__1::condition_variable::wait[abi:dee210106]<worklets::AsyncQueueImpl::runLoop(std::__1::shared_ptr<worklets::AsyncQueueState> const&)::$_0>(std::__1::unique_lock<std::__1::mutex>&, worklets::AsyncQueueImpl::runLoop(std::__1::shared_ptr<worklets::AsyncQueueState> const&)::$_0)","symbolLocation":68,"imageIndex":2},{"imageOffset":6535856,"symbol":"worklets::AsyncQueueImpl::runLoop(std::__1::shared_ptr<worklets::AsyncQueueState> const&)","symbolLocation":128,"imageIndex":2},{"imageOffset":6556368,"symbol":"worklets::AsyncQueueImpl::AsyncQueueImpl(std::__1::basic_string<char, std::__1::char_traits<char>, std::__1::allocator<char>> const&)::$_0::operator()() const","symbolLocation":44,"imageIndex":2},{"imageOffset":6556272,"symbol":"std::__1::__invoke_result_impl<void, worklets::AsyncQueueImpl::AsyncQueueImpl(std::__1::basic_string<char, std::__1::char_traits<char>, std::__1::allocator<char>> const&)::$_0>::type std::__1::__invoke[abi:dee210106]<worklets::AsyncQueueImpl::AsyncQueueImpl(std::__1::basic_string<char, std::__1::char_traits<char>, std::__1::allocator<char>> const&)::$_0>(worklets::AsyncQueueImpl::AsyncQueueImpl(std::__1::basic_string<char, std::__1::char_traits<char>, std::__1::allocator<char>> const&)::$_0&&)","symbolLocation":24,"imageIndex":2},{"imageOffset":6556236,"symbol":"void std::__1::__thread_execute[abi:dee210106]<std::__1::unique_ptr<std::__1::__thread_struct, std::__1::default_delete<std::__1::__thread_struct>>, worklets::AsyncQueueImpl::AsyncQueueImpl(std::__1::basic_string<char, std::__1::char_traits<char>, std::__1::allocator<char>> const&)::$_0>(std::__1::tuple<std::__1::unique_ptr<std::__1::__thread_struct, std::__1::default_delete<std::__1::__thread_struct>>, worklets::AsyncQueueImpl::AsyncQueueImpl(std::__1::basic_string<char, std::__1::char_traits<char>, std::__1::allocator<char>> const&)::$_0>&, std::__1::__tuple_indices<>)","symbolLocation":28,"imageIndex":2},{"imageOffset":6555452,"symbol":"void* std::__1::__thread_proxy[abi:dee210106]<std::__1::tuple<std::__1::unique_ptr<std::__1::__thread_struct, std::__1::default_delete<std::__1::__thread_struct>>, worklets::AsyncQueueImpl::AsyncQueueImpl(std::__1::basic_string<char, std::__1::char_traits<char>, std::__1::allocator<char>> const&)::$_0>>(void*)","symbolLocation":84,"imageIndex":2},{"imageOffset":26172,"symbol":"_pthread_start","symbolLocation":104,"imageIndex":111},{"imageOffset":6708,"symbol":"thread_start","symbolLocation":8,"imageIndex":111}]},{"id":1265228,"name":"hades","threadState":{"x":[{"value":260},{"value":0},{"value":0},{"value":0},{"value":0},{"value":160},{"value":0},{"value":0},{"value":13310176936},{"value":0},{"value":0},{"value":2},{"value":2},{"value":0},{"value":0},{"value":0},{"value":305},{"value":0},{"value":0},{"value":13383142784},{"value":13383142848},{"value":13310177504},{"value":0},{"value":0},{"value":0},{"value":1},{"value":256},{"value":0},{"value":0}],"flavor":"ARM_THREAD_STATE64","lr":{"value":4518013696},"cpsr":{"value":1610616832},"fp":{"value":13310177056},"sp":{"value":13310176912},"esr":{"value":1442840704,"description":"(Syscall)"},"pc":{"value":4516315180},"far":{"value":0}},"frames":[{"imageOffset":16428,"symbol":"__psynch_cvwait","symbolLocation":8,"imageIndex":108},{"imageOffset":27392,"symbol":"_pthread_cond_wait","symbolLocation":972,"imageIndex":111},{"imageOffset":132612,"symbol":"std::__1::condition_variable::wait(std::__1::unique_lock<std::__1::mutex>&)","symbolLocation":28,"imageIndex":4},{"imageOffset":2895064,"symbol":"hermes::vm::HadesGC::Executor::worker()","symbolLocation":108,"imageIndex":24},{"imageOffset":2894912,"symbol":"void* std::__1::__thread_proxy[abi:nn190102]<std::__1::tuple<std::__1::unique_ptr<std::__1::__thread_struct, std::__1::default_delete<std::__1::__thread_struct>>, hermes::vm::HadesGC::Executor::Executor()::'lambda'()>>(void*)","symbolLocation":44,"imageIndex":24},{"imageOffset":26172,"symbol":"_pthread_start","symbolLocation":104,"imageIndex":111},{"imageOffset":6708,"symbol":"thread_start","symbolLocation":8,"imageIndex":111}]},{"id":1265229,"name":"video-metadata-runtime(timeout)","threadState":{"x":[{"value":260},{"value":0},{"value":0},{"value":0},{"value":0},{"value":160},{"value":0},{"value":0},{"value":13310750040},{"value":0},{"value":0},{"value":2},{"value":2},{"value":0},{"value":0},{"value":0},{"value":305},{"value":0},{"value":0},{"value":13383140704},{"value":13383140768},{"value":13310750944},{"value":0},{"value":0},{"value":0},{"value":1},{"value":256},{"value":0},{"value":0}],"flavor":"ARM_THREAD_STATE64","lr":{"value":4518013696},"cpsr":{"value":1610616832},"fp":{"value":13310750160},"sp":{"value":13310750016},"esr":{"value":1442840704,"description":"(Syscall)"},"pc":{"value":4516315180},"far":{"value":0}},"frames":[{"imageOffset":16428,"symbol":"__psynch_cvwait","symbolLocation":8,"imageIndex":108},{"imageOffset":27392,"symbol":"_pthread_cond_wait","symbolLocation":972,"imageIndex":111},{"imageOffset":132612,"symbol":"std::__1::condition_variable::wait(std::__1::unique_lock<std::__1::mutex>&)","symbolLocation":28,"imageIndex":4},{"imageOffset":6584060,"symbol":"worklets::EventLoop::run()::$_0::operator()() const","symbolLocation":140,"imageIndex":2},{"imageOffset":6583868,"symbol":"std::__1::__invoke_result_impl<void, worklets::EventLoop::run()::$_0>::type std::__1::__invoke[abi:dee210106]<worklets::EventLoop::run()::$_0>(worklets::EventLoop::run()::$_0&&)","symbolLocation":24,"imageIndex":2},{"imageOffset":6583832,"symbol":"void std::__1::__thread_execute[abi:dee210106]<std::__1::unique_ptr<std::__1::__thread_struct, std::__1::default_delete<std::__1::__thread_struct>>, worklets::EventLoop::run()::$_0>(std::__1::tuple<std::__1::unique_ptr<std::__1::__thread_struct, std::__1::default_delete<std::__1::__thread_struct>>, worklets::EventLoop::run()::$_0>&, std::__1::__tuple_indices<>)","symbolLocation":28,"imageIndex":2},{"imageOffset":6582912,"symbol":"void* std::__1::__thread_proxy[abi:dee210106]<std::__1::tuple<std::__1::unique_ptr<std::__1::__thread_struct, std::__1::default_delete<std::__1::__thread_struct>>, worklets::EventLoop::run()::$_0>>(void*)","symbolLocation":84,"imageIndex":2},{"imageOffset":26172,"symbol":"_pthread_start","symbolLocation":104,"imageIndex":111},{"imageOffset":6708,"symbol":"thread_start","symbolLocation":8,"imageIndex":111}]},{"id":1265234,"name":"AudioWorkletRuntime_queue","threadState":{"x":[{"value":260},{"value":0},{"value":0},{"value":0},{"value":0},{"value":160},{"value":0},{"value":0},{"value":13320433080},{"value":0},{"value":0},{"value":2},{"value":2},{"value":0},{"value":0},{"value":0},{"value":305},{"value":0},{"value":0},{"value":13431468448},{"value":13431468512},{"value":13320433888},{"value":0},{"value":0},{"value":0},{"value":1},{"value":256},{"value":0},{"value":0}],"flavor":"ARM_THREAD_STATE64","lr":{"value":4518013696},"cpsr":{"value":1610616832},"fp":{"value":13320433200},"sp":{"value":13320433056},"esr":{"value":1442840704,"description":"(Syscall)"},"pc":{"value":4516315180},"far":{"value":0}},"frames":[{"imageOffset":16428,"symbol":"__psynch_cvwait","symbolLocation":8,"imageIndex":108},{"imageOffset":27392,"symbol":"_pthread_cond_wait","symbolLocation":972,"imageIndex":111},{"imageOffset":132612,"symbol":"std::__1::condition_variable::wait(std::__1::unique_lock<std::__1::mutex>&)","symbolLocation":28,"imageIndex":4},{"imageOffset":6536332,"symbol":"void std::__1::condition_variable::wait[abi:dee210106]<worklets::AsyncQueueImpl::runLoop(std::__1::shared_ptr<worklets::AsyncQueueState> const&)::$_0>(std::__1::unique_lock<std::__1::mutex>&, worklets::AsyncQueueImpl::runLoop(std::__1::shared_ptr<worklets::AsyncQueueState> const&)::$_0)","symbolLocation":68,"imageIndex":2},{"imageOffset":6535856,"symbol":"worklets::AsyncQueueImpl::runLoop(std::__1::shared_ptr<worklets::AsyncQueueState> const&)","symbolLocation":128,"imageIndex":2},{"imageOffset":6556368,"symbol":"worklets::AsyncQueueImpl::AsyncQueueImpl(std::__1::basic_string<char, std::__1::char_traits<char>, std::__1::allocator<char>> const&)::$_0::operator()() const","symbolLocation":44,"imageIndex":2},{"imageOffset":6556272,"symbol":"std::__1::__invoke_result_impl<void, worklets::AsyncQueueImpl::AsyncQueueImpl(std::__1::basic_string<char, std::__1::char_traits<char>, std::__1::allocator<char>> const&)::$_0>::type std::__1::__invoke[abi:dee210106]<worklets::AsyncQueueImpl::AsyncQueueImpl(std::__1::basic_string<char, std::__1::char_traits<char>, std::__1::allocator<char>> const&)::$_0>(worklets::AsyncQueueImpl::AsyncQueueImpl(std::__1::basic_string<char, std::__1::char_traits<char>, std::__1::allocator<char>> const&)::$_0&&)","symbolLocation":24,"imageIndex":2},{"imageOffset":6556236,"symbol":"void std::__1::__thread_execute[abi:dee210106]<std::__1::unique_ptr<std::__1::__thread_struct, std::__1::default_delete<std::__1::__thread_struct>>, worklets::AsyncQueueImpl::AsyncQueueImpl(std::__1::basic_string<char, std::__1::char_traits<char>, std::__1::allocator<char>> const&)::$_0>(std::__1::tuple<std::__1::unique_ptr<std::__1::__thread_struct, std::__1::default_delete<std::__1::__thread_struct>>, worklets::AsyncQueueImpl::AsyncQueueImpl(std::__1::basic_string<char, std::__1::char_traits<char>, std::__1::allocator<char>> const&)::$_0>&, std::__1::__tuple_indices<>)","symbolLocation":28,"imageIndex":2},{"imageOffset":6555452,"symbol":"void* std::__1::__thread_proxy[abi:dee210106]<std::__1::tuple<std::__1::unique_ptr<std::__1::__thread_struct, std::__1::default_delete<std::__1::__thread_struct>>, worklets::AsyncQueueImpl::AsyncQueueImpl(std::__1::basic_string<char, std::__1::char_traits<char>, std::__1::allocator<char>> const&)::$_0>>(void*)","symbolLocation":84,"imageIndex":2},{"imageOffset":26172,"symbol":"_pthread_start","symbolLocation":104,"imageIndex":111},{"imageOffset":6708,"symbol":"thread_start","symbolLocation":8,"imageIndex":111}]},{"id":1265235,"name":"hades","threadState":{"x":[{"value":260},{"value":0},{"value":0},{"value":0},{"value":0},{"value":160},{"value":0},{"value":0},{"value":13321006760},{"value":0},{"value":0},{"value":2},{"value":2},{"value":0},{"value":0},{"value":0},{"value":305},{"value":0},{"value":0},{"value":13676160000},{"value":13676160064},{"value":13321007328},{"value":0},{"value":0},{"value":0},{"value":1},{"value":256},{"value":0},{"value":0}],"flavor":"ARM_THREAD_STATE64","lr":{"value":4518013696},"cpsr":{"value":1610616832},"fp":{"value":13321006880},"sp":{"value":13321006736},"esr":{"value":1442840704,"description":"(Syscall)"},"pc":{"value":4516315180},"far":{"value":0}},"frames":[{"imageOffset":16428,"symbol":"__psynch_cvwait","symbolLocation":8,"imageIndex":108},{"imageOffset":27392,"symbol":"_pthread_cond_wait","symbolLocation":972,"imageIndex":111},{"imageOffset":132612,"symbol":"std::__1::condition_variable::wait(std::__1::unique_lock<std::__1::mutex>&)","symbolLocation":28,"imageIndex":4},{"imageOffset":2895064,"symbol":"hermes::vm::HadesGC::Executor::worker()","symbolLocation":108,"imageIndex":24},{"imageOffset":2894912,"symbol":"void* std::__1::__thread_proxy[abi:nn190102]<std::__1::tuple<std::__1::unique_ptr<std::__1::__thread_struct, std::__1::default_delete<std::__1::__thread_struct>>, hermes::vm::HadesGC::Executor::Executor()::'lambda'()>>(void*)","symbolLocation":44,"imageIndex":24},{"imageOffset":26172,"symbol":"_pthread_start","symbolLocation":104,"imageIndex":111},{"imageOffset":6708,"symbol":"thread_start","symbolLocation":8,"imageIndex":111}]},{"id":1265236,"name":"AudioWorkletRuntime(timeout)","threadState":{"x":[{"value":260},{"value":0},{"value":0},{"value":0},{"value":0},{"value":160},{"value":0},{"value":0},{"value":13335309656},{"value":0},{"value":0},{"value":2},{"value":2},{"value":0},{"value":0},{"value":0},{"value":305},{"value":0},{"value":0},{"value":13676161376},{"value":13676161440},{"value":13335310560},{"value":0},{"value":0},{"value":0},{"value":1},{"value":256},{"value":0},{"value":0}],"flavor":"ARM_THREAD_STATE64","lr":{"value":4518013696},"cpsr":{"value":1610616832},"fp":{"value":13335309776},"sp":{"value":13335309632},"esr":{"value":1442840704,"description":"(Syscall)"},"pc":{"value":4516315180},"far":{"value":0}},"frames":[{"imageOffset":16428,"symbol":"__psynch_cvwait","symbolLocation":8,"imageIndex":108},{"imageOffset":27392,"symbol":"_pthread_cond_wait","symbolLocation":972,"imageIndex":111},{"imageOffset":132612,"symbol":"std::__1::condition_variable::wait(std::__1::unique_lock<std::__1::mutex>&)","symbolLocation":28,"imageIndex":4},{"imageOffset":6584060,"symbol":"worklets::EventLoop::run()::$_0::operator()() const","symbolLocation":140,"imageIndex":2},{"imageOffset":6583868,"symbol":"std::__1::__invoke_result_impl<void, worklets::EventLoop::run()::$_0>::type std::__1::__invoke[abi:dee210106]<worklets::EventLoop::run()::$_0>(worklets::EventLoop::run()::$_0&&)","symbolLocation":24,"imageIndex":2},{"imageOffset":6583832,"symbol":"void std::__1::__thread_execute[abi:dee210106]<std::__1::unique_ptr<std::__1::__thread_struct, std::__1::default_delete<std::__1::__thread_struct>>, worklets::EventLoop::run()::$_0>(std::__1::tuple<std::__1::unique_ptr<std::__1::__thread_struct, std::__1::default_delete<std::__1::__thread_struct>>, worklets::EventLoop::run()::$_0>&, std::__1::__tuple_indices<>)","symbolLocation":28,"imageIndex":2},{"imageOffset":6582912,"symbol":"void* std::__1::__thread_proxy[abi:dee210106]<std::__1::tuple<std::__1::unique_ptr<std::__1::__thread_struct, std::__1::default_delete<std::__1::__thread_struct>>, worklets::EventLoop::run()::$_0>>(void*)","symbolLocation":84,"imageIndex":2},{"imageOffset":26172,"symbol":"_pthread_start","symbolLocation":104,"imageIndex":111},{"imageOffset":6708,"symbol":"thread_start","symbolLocation":8,"imageIndex":111}]},{"id":1265237,"frames":[{"imageOffset":10120,"symbol":"__ulock_wait","symbolLocation":8,"imageIndex":108},{"imageOffset":131512,"symbol":"std::__1::__libcpp_atomic_wait(void const volatile*, long long)","symbolLocation":84,"imageIndex":4},{"imageOffset":1380036,"symbol":"std::__1::__atomic_wait_backoff_impl<std::__1::__atomic_base<unsigned long, false>, void std::__1::__atomic_wait[abi:dee210106]<std::__1::__atomic_base<unsigned long, false> const, unsigned long>(std::__1::__atomic_base<unsigned long, false> const&, unsigned long, std::__1::memory_order)::'lambda'(unsigned long const&)>::operator()[abi:dee210106](std::__1::chrono::duration<long long, std::__1::ratio<1l, 1000000000l>>) const","symbolLocation":180,"imageIndex":2},{"imageOffset":1379392,"symbol":"bool std::__1::__libcpp_thread_poll_with_backoff[abi:dee210106]<void std::__1::__atomic_wait_unless[abi:dee210106]<std::__1::__atomic_base<unsigned long, false>, void std::__1::__atomic_wait[abi:dee210106]<std::__1::__atomic_base<unsigned long, false> const, unsigned long>(std::__1::__atomic_base<unsigned long, false> const&, unsigned long, std::__1::memory_order)::'lambda'(unsigned long const&)>(std::__1::__atomic_base<unsigned long, false> const const&, std::__1::memory_order, unsigned long&&)::'lambda'(), std::__1::__atomic_wait_backoff_impl<std::__1::__atomic_base<unsigned long, false>, void std::__1::__atomic_wait[abi:dee210106]<std::__1::__atomic_base<unsigned long, false> const, unsigned long>(std::__1::__atomic_base<unsigned long, false> const&, unsigned long, std::__1::memory_order)::'lambda'(unsigned long const&)>&>(std::__1::__atomic_base<unsigned long, false> const&&, unsigned long&&, std::__1::chrono::duration<long long, std::__1::ratio<1l, 1000000000l>>)","symbolLocation":268,"imageIndex":2},{"imageOffset":1379112,"symbol":"void std::__1::__atomic_wait_unless[abi:dee210106]<std::__1::__atomic_base<unsigned long, false>, void std::__1::__atomic_wait[abi:dee210106]<std::__1::__atomic_base<unsigned long, false> const, unsigned long>(std::__1::__atomic_base<unsigned long, false> const&, unsigned long, std::__1::memory_order)::'lambda'(unsigned long const&)>(std::__1::__atomic_base<unsigned long, false> const const&, std::__1::memory_order, unsigned long&&)","symbolLocation":120,"imageIndex":2},{"imageOffset":1378980,"symbol":"void std::__1::__atomic_wait[abi:dee210106]<std::__1::__atomic_base<unsigned long, false> const, unsigned long>(std::__1::__atomic_base<unsigned long, false> const&, unsigned long, std::__1::memory_order)","symbolLocation":48,"imageIndex":2},{"imageOffset":1375020,"symbol":"std::__1::__atomic_base<unsigned long, false>::wait[abi:dee210106](unsigned long, std::__1::memory_order) const","symbolLocation":40,"imageIndex":2},{"imageOffset":1654204,"symbol":"audioapi::channels::spsc::Receiver<std::__1::shared_ptr<audioapi::AudioNode>, (audioapi::channels::spsc::OverflowStrategy)0, (audioapi::channels::spsc::WaitStrategy)2>::receive()","symbolLocation":140,"imageIndex":2},{"imageOffset":1649192,"symbol":"audioapi::AudioDestructor<audioapi::AudioNode>::process(audioapi::channels::spsc::Receiver<std::__1::shared_ptr<audioapi::AudioNode>, (audioapi::channels::spsc::OverflowStrategy)0, (audioapi::channels::spsc::WaitStrategy)2>&&)","symbolLocation":84,"imageIndex":2},{"imageOffset":1655940,"symbol":"std::__1::__invoke_result_impl<void, void (audioapi::AudioDestructor<audioapi::AudioNode>::*)(audioapi::channels::spsc::Receiver<std::__1::shared_ptr<audioapi::AudioNode>, (audioapi::channels::spsc::OverflowStrategy)0, (audioapi::channels::spsc::WaitStrategy)2>&&), audioapi::AudioDestructor<audioapi::AudioNode>*, audioapi::channels::spsc::Receiver<std::__1::shared_ptr<audioapi::AudioNode>, (audioapi::channels::spsc::OverflowStrategy)0, (audioapi::channels::spsc::WaitStrategy)2>>::type std::__1::__invoke[abi:dee210106]<void (audioapi::AudioDestructor<audioapi::AudioNode>::*)(audioapi::channels::spsc::Receiver<std::__1::shared_ptr<audioapi::AudioNode>, (audioapi::channels::spsc::OverflowStrategy)0, (audioapi::channels::spsc::WaitStrategy)2>&&), audioapi::AudioDestructor<audioapi::AudioNode>*, audioapi::channels::spsc::Receiver<std::__1::shared_ptr<audioapi::AudioNode>, (audioapi::channels::spsc::OverflowStrategy)0, (audioapi::channels::spsc::WaitStrategy)2>>(void (audioapi::AudioDestructor<audioapi::AudioNode>::*&&)(audioapi::channels::spsc::Receiver<std::__1::shared_ptr<audioapi::AudioNode>, (audioapi::channels::spsc::OverflowStrategy)0, (audioapi::channels::spsc::WaitStrategy)2>&&), audioapi::AudioDestructor<audioapi::AudioNode>*&&, audioapi::channels::spsc::Receiver<std::__1::shared_ptr<audioapi::AudioNode>, (audioapi::channels::spsc::OverflowStrategy)0, (audioapi::channels::spsc::WaitStrategy)2>&&)","symbolLocation":132,"imageIndex":2},{"imageOffset":1655796,"symbol":"void std::__1::__thread_execute[abi:dee210106]<std::__1::unique_ptr<std::__1::__thread_struct, std::__1::default_delete<std::__1::__thread_struct>>, void (audioapi::AudioDestructor<audioapi::AudioNode>::*)(audioapi::channels::spsc::Receiver<std::__1::shared_ptr<audioapi::AudioNode>, (audioapi::channels::spsc::OverflowStrategy)0, (audioapi::channels::spsc::WaitStrategy)2>&&), audioapi::AudioDestructor<audioapi::AudioNode>*, audioapi::channels::spsc::Receiver<std::__1::shared_ptr<audioapi::AudioNode>, (audioapi::channels::spsc::OverflowStrategy)0, (audioapi::channels::spsc::WaitStrategy)2>, 2ul, 3ul>(std::__1::tuple<std::__1::unique_ptr<std::__1::__thread_struct, std::__1::default_delete<std::__1::__thread_struct>>, void (audioapi::AudioDestructor<audioapi::AudioNode>::*)(audioapi::channels::spsc::Receiver<std::__1::shared_ptr<audioapi::AudioNode>, (audioapi::channels::spsc::OverflowStrategy)0, (audioapi::channels::spsc::WaitStrategy)2>&&), audioapi::AudioDestructor<audioapi::AudioNode>*, audioapi::channels::spsc::Receiver<std::__1::shared_ptr<audioapi::AudioNode>, (audioapi::channels::spsc::OverflowStrategy)0, (audioapi::channels::spsc::WaitStrategy)2>>&, std::__1::__tuple_indices<2ul, 3ul>)","symbolLocation":64,"imageIndex":2},{"imageOffset":1655104,"symbol":"void* std::__1::__thread_proxy[abi:dee210106]<std::__1::tuple<std::__1::unique_ptr<std::__1::__thread_struct, std::__1::default_delete<std::__1::__thread_struct>>, void (audioapi::AudioDestructor<audioapi::AudioNode>::*)(audioapi::channels::spsc::Receiver<std::__1::shared_ptr<audioapi::AudioNode>, (audioapi::channels::spsc::OverflowStrategy)0, (audioapi::channels::spsc::WaitStrategy)2>&&), audioapi::AudioDestructor<audioapi::AudioNode>*, audioapi::channels::spsc::Receiver<std::__1::shared_ptr<audioapi::AudioNode>, (audioapi::channels::spsc::OverflowStrategy)0, (audioapi::channels::spsc::WaitStrategy)2>>>(void*)","symbolLocation":84,"imageIndex":2},{"imageOffset":26172,"symbol":"_pthread_start","symbolLocation":104,"imageIndex":111},{"imageOffset":6708,"symbol":"thread_start","symbolLocation":8,"imageIndex":111}],"threadState":{"x":[{"value":4},{"value":0},{"value":0},{"value":0},{"value":0},{"value":0},{"value":0},{"value":0},{"value":0},{"value":4315997568,"symbolLocation":0,"symbol":"std::__1::__libcpp_contention_table"},{"value":11376068507788127593},{"value":0},{"value":0},{"value":0},{"value":0},{"value":0},{"value":515},{"value":0},{"value":0},{"value":0},{"value":4315999488,"symbolLocation":1920,"symbol":"std::__1::__libcpp_contention_table"},{"value":0},{"value":0},{"value":0},{"value":0},{"value":0},{"value":0},{"value":0},{"value":0}],"flavor":"ARM_THREAD_STATE64","lr":{"value":4315513272},"cpsr":{"value":536875008},"fp":{"value":13337062592},"sp":{"value":13337062560},"esr":{"value":1442840704,"description":"(Syscall)"},"pc":{"value":4516308872},"far":{"value":0}}},{"id":1265238,"frames":[{"imageOffset":10120,"symbol":"__ulock_wait","symbolLocation":8,"imageIndex":108},{"imageOffset":131512,"symbol":"std::__1::__libcpp_atomic_wait(void const volatile*, long long)","symbolLocation":84,"imageIndex":4},{"imageOffset":1380036,"symbol":"std::__1::__atomic_wait_backoff_impl<std::__1::__atomic_base<unsigned long, false>, void std::__1::__atomic_wait[abi:dee210106]<std::__1::__atomic_base<unsigned long, false> const, unsigned long>(std::__1::__atomic_base<unsigned long, false> const&, unsigned long, std::__1::memory_order)::'lambda'(unsigned long const&)>::operator()[abi:dee210106](std::__1::chrono::duration<long long, std::__1::ratio<1l, 1000000000l>>) const","symbolLocation":180,"imageIndex":2},{"imageOffset":1379392,"symbol":"bool std::__1::__libcpp_thread_poll_with_backoff[abi:dee210106]<void std::__1::__atomic_wait_unless[abi:dee210106]<std::__1::__atomic_base<unsigned long, false>, void std::__1::__atomic_wait[abi:dee210106]<std::__1::__atomic_base<unsigned long, false> const, unsigned long>(std::__1::__atomic_base<unsigned long, false> const&, unsigned long, std::__1::memory_order)::'lambda'(unsigned long const&)>(std::__1::__atomic_base<unsigned long, false> const const&, std::__1::memory_order, unsigned long&&)::'lambda'(), std::__1::__atomic_wait_backoff_impl<std::__1::__atomic_base<unsigned long, false>, void std::__1::__atomic_wait[abi:dee210106]<std::__1::__atomic_base<unsigned long, false> const, unsigned long>(std::__1::__atomic_base<unsigned long, false> const&, unsigned long, std::__1::memory_order)::'lambda'(unsigned long const&)>&>(std::__1::__atomic_base<unsigned long, false> const&&, unsigned long&&, std::__1::chrono::duration<long long, std::__1::ratio<1l, 1000000000l>>)","symbolLocation":268,"imageIndex":2},{"imageOffset":1379112,"symbol":"void std::__1::__atomic_wait_unless[abi:dee210106]<std::__1::__atomic_base<unsigned long, false>, void std::__1::__atomic_wait[abi:dee210106]<std::__1::__atomic_base<unsigned long, false> const, unsigned long>(std::__1::__atomic_base<unsigned long, false> const&, unsigned long, std::__1::memory_order)::'lambda'(unsigned long const&)>(std::__1::__atomic_base<unsigned long, false> const const&, std::__1::memory_order, unsigned long&&)","symbolLocation":120,"imageIndex":2},{"imageOffset":1378980,"symbol":"void std::__1::__atomic_wait[abi:dee210106]<std::__1::__atomic_base<unsigned long, false> const, unsigned long>(std::__1::__atomic_base<unsigned long, false> const&, unsigned long, std::__1::memory_order)","symbolLocation":48,"imageIndex":2},{"imageOffset":1375020,"symbol":"std::__1::__atomic_base<unsigned long, false>::wait[abi:dee210106](unsigned long, std::__1::memory_order) const","symbolLocation":40,"imageIndex":2},{"imageOffset":1662492,"symbol":"audioapi::channels::spsc::Receiver<std::__1::shared_ptr<audioapi::AlignedAudioBuffer<8ul>>, (audioapi::channels::spsc::OverflowStrategy)0, (audioapi::channels::spsc::WaitStrategy)2>::receive()","symbolLocation":140,"imageIndex":2},{"imageOffset":1657480,"symbol":"audioapi::AudioDestructor<audioapi::AlignedAudioBuffer<8ul>>::process(audioapi::channels::spsc::Receiver<std::__1::shared_ptr<audioapi::AlignedAudioBuffer<8ul>>, (audioapi::channels::spsc::OverflowStrategy)0, (audioapi::channels::spsc::WaitStrategy)2>&&)","symbolLocation":84,"imageIndex":2},{"imageOffset":1664228,"symbol":"std::__1::__invoke_result_impl<void, void (audioapi::AudioDestructor<audioapi::AlignedAudioBuffer<8ul>>::*)(audioapi::channels::spsc::Receiver<std::__1::shared_ptr<audioapi::AlignedAudioBuffer<8ul>>, (audioapi::channels::spsc::OverflowStrategy)0, (audioapi::channels::spsc::WaitStrategy)2>&&), audioapi::AudioDestructor<audioapi::AlignedAudioBuffer<8ul>>*, audioapi::channels::spsc::Receiver<std::__1::shared_ptr<audioapi::AlignedAudioBuffer<8ul>>, (audioapi::channels::spsc::OverflowStrategy)0, (audioapi::channels::spsc::WaitStrategy)2>>::type std::__1::__invoke[abi:dee210106]<void (audioapi::AudioDestructor<audioapi::AlignedAudioBuffer<8ul>>::*)(audioapi::channels::spsc::Receiver<std::__1::shared_ptr<audioapi::AlignedAudioBuffer<8ul>>, (audioapi::channels::spsc::OverflowStrategy)0, (audioapi::channels::spsc::WaitStrategy)2>&&), audioapi::AudioDestructor<audioapi::AlignedAudioBuffer<8ul>>*, audioapi::channels::spsc::Receiver<std::__1::shared_ptr<audioapi::AlignedAudioBuffer<8ul>>, (audioapi::channels::spsc::OverflowStrategy)0, (audioapi::channels::spsc::WaitStrategy)2>>(void (audioapi::AudioDestructor<audioapi::AlignedAudioBuffer<8ul>>::*&&)(audioapi::channels::spsc::Receiver<std::__1::shared_ptr<audioapi::AlignedAudioBuffer<8ul>>, (audioapi::channels::spsc::OverflowStrategy)0, (audioapi::channels::spsc::WaitStrategy)2>&&), audioapi::AudioDestructor<audioapi::AlignedAudioBuffer<8ul>>*&&, audioapi::channels::spsc::Receiver<std::__1::shared_ptr<audioapi::AlignedAudioBuffer<8ul>>, (audioapi::channels::spsc::OverflowStrategy)0, (audioapi::channels::spsc::WaitStrategy)2>&&)","symbolLocation":132,"imageIndex":2},{"imageOffset":1664084,"symbol":"void std::__1::__thread_execute[abi:dee210106]<std::__1::unique_ptr<std::__1::__thread_struct, std::__1::default_delete<std::__1::__thread_struct>>, void (audioapi::AudioDestructor<audioapi::AlignedAudioBuffer<8ul>>::*)(audioapi::channels::spsc::Receiver<std::__1::shared_ptr<audioapi::AlignedAudioBuffer<8ul>>, (audioapi::channels::spsc::OverflowStrategy)0, (audioapi::channels::spsc::WaitStrategy)2>&&), audioapi::AudioDestructor<audioapi::AlignedAudioBuffer<8ul>>*, audioapi::channels::spsc::Receiver<std::__1::shared_ptr<audioapi::AlignedAudioBuffer<8ul>>, (audioapi::channels::spsc::OverflowStrategy)0, (audioapi::channels::spsc::WaitStrategy)2>, 2ul, 3ul>(std::__1::tuple<std::__1::unique_ptr<std::__1::__thread_struct, std::__1::default_delete<std::__1::__thread_struct>>, void (audioapi::AudioDestructor<audioapi::AlignedAudioBuffer<8ul>>::*)(audioapi::channels::spsc::Receiver<std::__1::shared_ptr<audioapi::AlignedAudioBuffer<8ul>>, (audioapi::channels::spsc::OverflowStrategy)0, (audioapi::channels::spsc::WaitStrategy)2>&&), audioapi::AudioDestructor<audioapi::AlignedAudioBuffer<8ul>>*, audioapi::channels::spsc::Receiver<std::__1::shared_ptr<audioapi::AlignedAudioBuffer<8ul>>, (audioapi::channels::spsc::OverflowStrategy)0, (audioapi::channels::spsc::WaitStrategy)2>>&, std::__1::__tuple_indices<2ul, 3ul>)","symbolLocation":64,"imageIndex":2},{"imageOffset":1663392,"symbol":"void* std::__1::__thread_proxy[abi:dee210106]<std::__1::tuple<std::__1::unique_ptr<std::__1::__thread_struct, std::__1::default_delete<std::__1::__thread_struct>>, void (audioapi::AudioDestructor<audioapi::AlignedAudioBuffer<8ul>>::*)(audioapi::channels::spsc::Receiver<std::__1::shared_ptr<audioapi::AlignedAudioBuffer<8ul>>, (audioapi::channels::spsc::OverflowStrategy)0, (audioapi::channels::spsc::WaitStrategy)2>&&), audioapi::AudioDestructor<audioapi::AlignedAudioBuffer<8ul>>*, audioapi::channels::spsc::Receiver<std::__1::shared_ptr<audioapi::AlignedAudioBuffer<8ul>>, (audioapi::channels::spsc::OverflowStrategy)0, (audioapi::channels::spsc::WaitStrategy)2>>>(void*)","symbolLocation":84,"imageIndex":2},{"imageOffset":26172,"symbol":"_pthread_start","symbolLocation":104,"imageIndex":111},{"imageOffset":6708,"symbol":"thread_start","symbolLocation":8,"imageIndex":111}],"threadState":{"x":[{"value":4},{"value":0},{"value":0},{"value":0},{"value":0},{"value":0},{"value":0},{"value":0},{"value":0},{"value":4315997568,"symbolLocation":0,"symbol":"std::__1::__libcpp_contention_table"},{"value":11376068507788127593},{"value":0},{"value":0},{"value":0},{"value":0},{"value":0},{"value":515},{"value":0},{"value":0},{"value":0},{"value":4316003072,"symbolLocation":5504,"symbol":"std::__1::__libcpp_contention_table"},{"value":0},{"value":0},{"value":0},{"value":0},{"value":0},{"value":0},{"value":0},{"value":0}],"flavor":"ARM_THREAD_STATE64","lr":{"value":4315513272},"cpsr":{"value":536875008},"fp":{"value":13337636032},"sp":{"value":13337636000},"esr":{"value":1442840704,"description":"(Syscall)"},"pc":{"value":4516308872},"far":{"value":0}}},{"id":1265239,"frames":[{"imageOffset":10120,"symbol":"__ulock_wait","symbolLocation":8,"imageIndex":108},{"imageOffset":131512,"symbol":"std::__1::__libcpp_atomic_wait(void const volatile*, long long)","symbolLocation":84,"imageIndex":4},{"imageOffset":1380036,"symbol":"std::__1::__atomic_wait_backoff_impl<std::__1::__atomic_base<unsigned long, false>, void std::__1::__atomic_wait[abi:dee210106]<std::__1::__atomic_base<unsigned long, false> const, unsigned long>(std::__1::__atomic_base<unsigned long, false> const&, unsigned long, std::__1::memory_order)::'lambda'(unsigned long const&)>::operator()[abi:dee210106](std::__1::chrono::duration<long long, std::__1::ratio<1l, 1000000000l>>) const","symbolLocation":180,"imageIndex":2},{"imageOffset":1379392,"symbol":"bool std::__1::__libcpp_thread_poll_with_backoff[abi:dee210106]<void std::__1::__atomic_wait_unless[abi:dee210106]<std::__1::__atomic_base<unsigned long, false>, void std::__1::__atomic_wait[abi:dee210106]<std::__1::__atomic_base<unsigned long, false> const, unsigned long>(std::__1::__atomic_base<unsigned long, false> const&, unsigned long, std::__1::memory_order)::'lambda'(unsigned long const&)>(std::__1::__atomic_base<unsigned long, false> const const&, std::__1::memory_order, unsigned long&&)::'lambda'(), std::__1::__atomic_wait_backoff_impl<std::__1::__atomic_base<unsigned long, false>, void std::__1::__atomic_wait[abi:dee210106]<std::__1::__atomic_base<unsigned long, false> const, unsigned long>(std::__1::__atomic_base<unsigned long, false> const&, unsigned long, std::__1::memory_order)::'lambda'(unsigned long const&)>&>(std::__1::__atomic_base<unsigned long, false> const&&, unsigned long&&, std::__1::chrono::duration<long long, std::__1::ratio<1l, 1000000000l>>)","symbolLocation":268,"imageIndex":2},{"imageOffset":1379112,"symbol":"void std::__1::__atomic_wait_unless[abi:dee210106]<std::__1::__atomic_base<unsigned long, false>, void std::__1::__atomic_wait[abi:dee210106]<std::__1::__atomic_base<unsigned long, false> const, unsigned long>(std::__1::__atomic_base<unsigned long, false> const&, unsigned long, std::__1::memory_order)::'lambda'(unsigned long const&)>(std::__1::__atomic_base<unsigned long, false> const const&, std::__1::memory_order, unsigned long&&)","symbolLocation":120,"imageIndex":2},{"imageOffset":1378980,"symbol":"void std::__1::__atomic_wait[abi:dee210106]<std::__1::__atomic_base<unsigned long, false> const, unsigned long>(std::__1::__atomic_base<unsigned long, false> const&, unsigned long, std::__1::memory_order)","symbolLocation":48,"imageIndex":2},{"imageOffset":1375020,"symbol":"std::__1::__atomic_base<unsigned long, false>::wait[abi:dee210106](unsigned long, std::__1::memory_order) const","symbolLocation":40,"imageIndex":2},{"imageOffset":1374360,"symbol":"audioapi::channels::spsc::Receiver<std::__1::variant<audioapi::ThreadPool::TaskEvent, audioapi::ThreadPool::StopEvent>, (audioapi::channels::spsc::OverflowStrategy)0, (audioapi::channels::spsc::WaitStrategy)2>::receive()","symbolLocation":140,"imageIndex":2},{"imageOffset":1353804,"symbol":"audioapi::ThreadPool::workerThreadFunc(audioapi::channels::spsc::Receiver<std::__1::variant<audioapi::ThreadPool::TaskEvent, audioapi::ThreadPool::StopEvent>, (audioapi::channels::spsc::OverflowStrategy)0, (audioapi::channels::spsc::WaitStrategy)2>&&)","symbolLocation":56,"imageIndex":2},{"imageOffset":1369488,"symbol":"std::__1::__invoke_result_impl<void, void (audioapi::ThreadPool::*)(audioapi::channels::spsc::Receiver<std::__1::variant<audioapi::ThreadPool::TaskEvent, audioapi::ThreadPool::StopEvent>, (audioapi::channels::spsc::OverflowStrategy)0, (audioapi::channels::spsc::WaitStrategy)2>&&), audioapi::ThreadPool*, audioapi::channels::spsc::Receiver<std::__1::variant<audioapi::ThreadPool::TaskEvent, audioapi::ThreadPool::StopEvent>, (audioapi::channels::spsc::OverflowStrategy)0, (audioapi::channels::spsc::WaitStrategy)2>>::type std::__1::__invoke[abi:dee210106]<void (audioapi::ThreadPool::*)(audioapi::channels::spsc::Receiver<std::__1::variant<audioapi::ThreadPool::TaskEvent, audioapi::ThreadPool::StopEvent>, (audioapi::channels::spsc::OverflowStrategy)0, (audioapi::channels::spsc::WaitStrategy)2>&&), audioapi::ThreadPool*, audioapi::channels::spsc::Receiver<std::__1::variant<audioapi::ThreadPool::TaskEvent, audioapi::ThreadPool::StopEvent>, (audioapi::channels::spsc::OverflowStrategy)0, (audioapi::channels::spsc::WaitStrategy)2>>(void (audioapi::ThreadPool::*&&)(audioapi::channels::spsc::Receiver<std::__1::variant<audioapi::ThreadPool::TaskEvent, audioapi::ThreadPool::StopEvent>, (audioapi::channels::spsc::OverflowStrategy)0, (audioapi::channels::spsc::WaitStrategy)2>&&), audioapi::ThreadPool*&&, audioapi::channels::spsc::Receiver<std::__1::variant<audioapi::ThreadPool::TaskEvent, audioapi::ThreadPool::StopEvent>, (audioapi::channels::spsc::OverflowStrategy)0, (audioapi::channels::spsc::WaitStrategy)2>&&)","symbolLocation":132,"imageIndex":2},{"imageOffset":1369204,"symbol":"void std::__1::__thread_execute[abi:dee210106]<std::__1::unique_ptr<std::__1::__thread_struct, std::__1::default_delete<std::__1::__thread_struct>>, void (audioapi::ThreadPool::*)(audioapi::channels::spsc::Receiver<std::__1::variant<audioapi::ThreadPool::TaskEvent, audioapi::ThreadPool::StopEvent>, (audioapi::channels::spsc::OverflowStrategy)0, (audioapi::channels::spsc::WaitStrategy)2>&&), audioapi::ThreadPool*, audioapi::channels::spsc::Receiver<std::__1::variant<audioapi::ThreadPool::TaskEvent, audioapi::ThreadPool::StopEvent>, (audioapi::channels::spsc::OverflowStrategy)0, (audioapi::channels::spsc::WaitStrategy)2>, 2ul, 3ul>(std::__1::tuple<std::__1::unique_ptr<std::__1::__thread_struct, std::__1::default_delete<std::__1::__thread_struct>>, void (audioapi::ThreadPool::*)(audioapi::channels::spsc::Receiver<std::__1::variant<audioapi::ThreadPool::TaskEvent, audioapi::ThreadPool::StopEvent>, (audioapi::channels::spsc::OverflowStrategy)0, (audioapi::channels::spsc::WaitStrategy)2>&&), audioapi::ThreadPool*, audioapi::channels::spsc::Receiver<std::__1::variant<audioapi::ThreadPool::TaskEvent, audioapi::ThreadPool::StopEvent>, (audioapi::channels::spsc::OverflowStrategy)0, (audioapi::channels::spsc::WaitStrategy)2>>&, std::__1::__tuple_indices<2ul, 3ul>)","symbolLocation":64,"imageIndex":2},{"imageOffset":1368132,"symbol":"void* std::__1::__thread_proxy[abi:dee210106]<std::__1::tuple<std::__1::unique_ptr<std::__1::__thread_struct, std::__1::default_delete<std::__1::__thread_struct>>, void (audioapi::ThreadPool::*)(audioapi::channels::spsc::Receiver<std::__1::variant<audioapi::ThreadPool::TaskEvent, audioapi::ThreadPool::StopEvent>, (audioapi::channels::spsc::OverflowStrategy)0, (audioapi::channels::spsc::WaitStrategy)2>&&), audioapi::ThreadPool*, audioapi::channels::spsc::Receiver<std::__1::variant<audioapi::ThreadPool::TaskEvent, audioapi::ThreadPool::StopEvent>, (audioapi::channels::spsc::OverflowStrategy)0, (audioapi::channels::spsc::WaitStrategy)2>>>(void*)","symbolLocation":84,"imageIndex":2},{"imageOffset":26172,"symbol":"_pthread_start","symbolLocation":104,"imageIndex":111},{"imageOffset":6708,"symbol":"thread_start","symbolLocation":8,"imageIndex":111}],"threadState":{"x":[{"value":4},{"value":0},{"value":0},{"value":0},{"value":0},{"value":0},{"value":0},{"value":0},{"value":0},{"value":4315997568,"symbolLocation":0,"symbol":"std::__1::__libcpp_contention_table"},{"value":11376068507788127593},{"value":0},{"value":0},{"value":0},{"value":0},{"value":0},{"value":515},{"value":0},{"value":0},{"value":0},{"value":4316002944,"symbolLocation":5376,"symbol":"std::__1::__libcpp_contention_table"},{"value":0},{"value":0},{"value":0},{"value":0},{"value":0},{"value":0},{"value":0},{"value":0}],"flavor":"ARM_THREAD_STATE64","lr":{"value":4315513272},"cpsr":{"value":536875008},"fp":{"value":13363915936},"sp":{"value":13363915904},"esr":{"value":1442840704,"description":"(Syscall)"},"pc":{"value":4516308872},"far":{"value":0}}},{"id":1265240,"frames":[{"imageOffset":10120,"symbol":"__ulock_wait","symbolLocation":8,"imageIndex":108},{"imageOffset":131512,"symbol":"std::__1::__libcpp_atomic_wait(void const volatile*, long long)","symbolLocation":84,"imageIndex":4},{"imageOffset":1380036,"symbol":"std::__1::__atomic_wait_backoff_impl<std::__1::__atomic_base<unsigned long, false>, void std::__1::__atomic_wait[abi:dee210106]<std::__1::__atomic_base<unsigned long, false> const, unsigned long>(std::__1::__atomic_base<unsigned long, false> const&, unsigned long, std::__1::memory_order)::'lambda'(unsigned long const&)>::operator()[abi:dee210106](std::__1::chrono::duration<long long, std::__1::ratio<1l, 1000000000l>>) const","symbolLocation":180,"imageIndex":2},{"imageOffset":1379392,"symbol":"bool std::__1::__libcpp_thread_poll_with_backoff[abi:dee210106]<void std::__1::__atomic_wait_unless[abi:dee210106]<std::__1::__atomic_base<unsigned long, false>, void std::__1::__atomic_wait[abi:dee210106]<std::__1::__atomic_base<unsigned long, false> const, unsigned long>(std::__1::__atomic_base<unsigned long, false> const&, unsigned long, std::__1::memory_order)::'lambda'(unsigned long const&)>(std::__1::__atomic_base<unsigned long, false> const const&, std::__1::memory_order, unsigned long&&)::'lambda'(), std::__1::__atomic_wait_backoff_impl<std::__1::__atomic_base<unsigned long, false>, void std::__1::__atomic_wait[abi:dee210106]<std::__1::__atomic_base<unsigned long, false> const, unsigned long>(std::__1::__atomic_base<unsigned long, false> const&, unsigned long, std::__1::memory_order)::'lambda'(unsigned long const&)>&>(std::__1::__atomic_base<unsigned long, false> const&&, unsigned long&&, std::__1::chrono::duration<long long, std::__1::ratio<1l, 1000000000l>>)","symbolLocation":268,"imageIndex":2},{"imageOffset":1379112,"symbol":"void std::__1::__atomic_wait_unless[abi:dee210106]<std::__1::__atomic_base<unsigned long, false>, void std::__1::__atomic_wait[abi:dee210106]<std::__1::__atomic_base<unsigned long, false> const, unsigned long>(std::__1::__atomic_base<unsigned long, false> const&, unsigned long, std::__1::memory_order)::'lambda'(unsigned long const&)>(std::__1::__atomic_base<unsigned long, false> const const&, std::__1::memory_order, unsigned long&&)","symbolLocation":120,"imageIndex":2},{"imageOffset":1378980,"symbol":"void std::__1::__atomic_wait[abi:dee210106]<std::__1::__atomic_base<unsigned long, false> const, unsigned long>(std::__1::__atomic_base<unsigned long, false> const&, unsigned long, std::__1::memory_order)","symbolLocation":48,"imageIndex":2},{"imageOffset":1375020,"symbol":"std::__1::__atomic_base<unsigned long, false>::wait[abi:dee210106](unsigned long, std::__1::memory_order) const","symbolLocation":40,"imageIndex":2},{"imageOffset":1374360,"symbol":"audioapi::channels::spsc::Receiver<std::__1::variant<audioapi::ThreadPool::TaskEvent, audioapi::ThreadPool::StopEvent>, (audioapi::channels::spsc::OverflowStrategy)0, (audioapi::channels::spsc::WaitStrategy)2>::receive()","symbolLocation":140,"imageIndex":2},{"imageOffset":1353804,"symbol":"audioapi::ThreadPool::workerThreadFunc(audioapi::channels::spsc::Receiver<std::__1::variant<audioapi::ThreadPool::TaskEvent, audioapi::ThreadPool::StopEvent>, (audioapi::channels::spsc::OverflowStrategy)0, (audioapi::channels::spsc::WaitStrategy)2>&&)","symbolLocation":56,"imageIndex":2},{"imageOffset":1369488,"symbol":"std::__1::__invoke_result_impl<void, void (audioapi::ThreadPool::*)(audioapi::channels::spsc::Receiver<std::__1::variant<audioapi::ThreadPool::TaskEvent, audioapi::ThreadPool::StopEvent>, (audioapi::channels::spsc::OverflowStrategy)0, (audioapi::channels::spsc::WaitStrategy)2>&&), audioapi::ThreadPool*, audioapi::channels::spsc::Receiver<std::__1::variant<audioapi::ThreadPool::TaskEvent, audioapi::ThreadPool::StopEvent>, (audioapi::channels::spsc::OverflowStrategy)0, (audioapi::channels::spsc::WaitStrategy)2>>::type std::__1::__invoke[abi:dee210106]<void (audioapi::ThreadPool::*)(audioapi::channels::spsc::Receiver<std::__1::variant<audioapi::ThreadPool::TaskEvent, audioapi::ThreadPool::StopEvent>, (audioapi::channels::spsc::OverflowStrategy)0, (audioapi::channels::spsc::WaitStrategy)2>&&), audioapi::ThreadPool*, audioapi::channels::spsc::Receiver<std::__1::variant<audioapi::ThreadPool::TaskEvent, audioapi::ThreadPool::StopEvent>, (audioapi::channels::spsc::OverflowStrategy)0, (audioapi::channels::spsc::WaitStrategy)2>>(void (audioapi::ThreadPool::*&&)(audioapi::channels::spsc::Receiver<std::__1::variant<audioapi::ThreadPool::TaskEvent, audioapi::ThreadPool::StopEvent>, (audioapi::channels::spsc::OverflowStrategy)0, (audioapi::channels::spsc::WaitStrategy)2>&&), audioapi::ThreadPool*&&, audioapi::channels::spsc::Receiver<std::__1::variant<audioapi::ThreadPool::TaskEvent, audioapi::ThreadPool::StopEvent>, (audioapi::channels::spsc::OverflowStrategy)0, (audioapi::channels::spsc::WaitStrategy)2>&&)","symbolLocation":132,"imageIndex":2},{"imageOffset":1369204,"symbol":"void std::__1::__thread_execute[abi:dee210106]<std::__1::unique_ptr<std::__1::__thread_struct, std::__1::default_delete<std::__1::__thread_struct>>, void (audioapi::ThreadPool::*)(audioapi::channels::spsc::Receiver<std::__1::variant<audioapi::ThreadPool::TaskEvent, audioapi::ThreadPool::StopEvent>, (audioapi::channels::spsc::OverflowStrategy)0, (audioapi::channels::spsc::WaitStrategy)2>&&), audioapi::ThreadPool*, audioapi::channels::spsc::Receiver<std::__1::variant<audioapi::ThreadPool::TaskEvent, audioapi::ThreadPool::StopEvent>, (audioapi::channels::spsc::OverflowStrategy)0, (audioapi::channels::spsc::WaitStrategy)2>, 2ul, 3ul>(std::__1::tuple<std::__1::unique_ptr<std::__1::__thread_struct, std::__1::default_delete<std::__1::__thread_struct>>, void (audioapi::ThreadPool::*)(audioapi::channels::spsc::Receiver<std::__1::variant<audioapi::ThreadPool::TaskEvent, audioapi::ThreadPool::StopEvent>, (audioapi::channels::spsc::OverflowStrategy)0, (audioapi::channels::spsc::WaitStrategy)2>&&), audioapi::ThreadPool*, audioapi::channels::spsc::Receiver<std::__1::variant<audioapi::ThreadPool::TaskEvent, audioapi::ThreadPool::StopEvent>, (audioapi::channels::spsc::OverflowStrategy)0, (audioapi::channels::spsc::WaitStrategy)2>>&, std::__1::__tuple_indices<2ul, 3ul>)","symbolLocation":64,"imageIndex":2},{"imageOffset":1368132,"symbol":"void* std::__1::__thread_proxy[abi:dee210106]<std::__1::tuple<std::__1::unique_ptr<std::__1::__thread_struct, std::__1::default_delete<std::__1::__thread_struct>>, void (audioapi::ThreadPool::*)(audioapi::channels::spsc::Receiver<std::__1::variant<audioapi::ThreadPool::TaskEvent, audioapi::ThreadPool::StopEvent>, (audioapi::channels::spsc::OverflowStrategy)0, (audioapi::channels::spsc::WaitStrategy)2>&&), audioapi::ThreadPool*, audioapi::channels::spsc::Receiver<std::__1::variant<audioapi::ThreadPool::TaskEvent, audioapi::ThreadPool::StopEvent>, (audioapi::channels::spsc::OverflowStrategy)0, (audioapi::channels::spsc::WaitStrategy)2>>>(void*)","symbolLocation":84,"imageIndex":2},{"imageOffset":26172,"symbol":"_pthread_start","symbolLocation":104,"imageIndex":111},{"imageOffset":6708,"symbol":"thread_start","symbolLocation":8,"imageIndex":111}],"threadState":{"x":[{"value":4},{"value":0},{"value":0},{"value":0},{"value":0},{"value":0},{"value":0},{"value":0},{"value":0},{"value":4315997568,"symbolLocation":0,"symbol":"std::__1::__libcpp_contention_table"},{"value":11376068507788127593},{"value":0},{"value":0},{"value":0},{"value":0},{"value":0},{"value":515},{"value":0},{"value":0},{"value":0},{"value":4316012608,"symbolLocation":15040,"symbol":"std::__1::__libcpp_contention_table"},{"value":0},{"value":0},{"value":0},{"value":0},{"value":0},{"value":0},{"value":0},{"value":0}],"flavor":"ARM_THREAD_STATE64","lr":{"value":4315513272},"cpsr":{"value":536875008},"fp":{"value":13364489376},"sp":{"value":13364489344},"esr":{"value":1442840704,"description":"(Syscall)"},"pc":{"value":4516308872},"far":{"value":0}}},{"id":1265241,"frames":[{"imageOffset":10120,"symbol":"__ulock_wait","symbolLocation":8,"imageIndex":108},{"imageOffset":131512,"symbol":"std::__1::__libcpp_atomic_wait(void const volatile*, long long)","symbolLocation":84,"imageIndex":4},{"imageOffset":1380036,"symbol":"std::__1::__atomic_wait_backoff_impl<std::__1::__atomic_base<unsigned long, false>, void std::__1::__atomic_wait[abi:dee210106]<std::__1::__atomic_base<unsigned long, false> const, unsigned long>(std::__1::__atomic_base<unsigned long, false> const&, unsigned long, std::__1::memory_order)::'lambda'(unsigned long const&)>::operator()[abi:dee210106](std::__1::chrono::duration<long long, std::__1::ratio<1l, 1000000000l>>) const","symbolLocation":180,"imageIndex":2},{"imageOffset":1379392,"symbol":"bool std::__1::__libcpp_thread_poll_with_backoff[abi:dee210106]<void std::__1::__atomic_wait_unless[abi:dee210106]<std::__1::__atomic_base<unsigned long, false>, void std::__1::__atomic_wait[abi:dee210106]<std::__1::__atomic_base<unsigned long, false> const, unsigned long>(std::__1::__atomic_base<unsigned long, false> const&, unsigned long, std::__1::memory_order)::'lambda'(unsigned long const&)>(std::__1::__atomic_base<unsigned long, false> const const&, std::__1::memory_order, unsigned long&&)::'lambda'(), std::__1::__atomic_wait_backoff_impl<std::__1::__atomic_base<unsigned long, false>, void std::__1::__atomic_wait[abi:dee210106]<std::__1::__atomic_base<unsigned long, false> const, unsigned long>(std::__1::__atomic_base<unsigned long, false> const&, unsigned long, std::__1::memory_order)::'lambda'(unsigned long const&)>&>(std::__1::__atomic_base<unsigned long, false> const&&, unsigned long&&, std::__1::chrono::duration<long long, std::__1::ratio<1l, 1000000000l>>)","symbolLocation":268,"imageIndex":2},{"imageOffset":1379112,"symbol":"void std::__1::__atomic_wait_unless[abi:dee210106]<std::__1::__atomic_base<unsigned long, false>, void std::__1::__atomic_wait[abi:dee210106]<std::__1::__atomic_base<unsigned long, false> const, unsigned long>(std::__1::__atomic_base<unsigned long, false> const&, unsigned long, std::__1::memory_order)::'lambda'(unsigned long const&)>(std::__1::__atomic_base<unsigned long, false> const const&, std::__1::memory_order, unsigned long&&)","symbolLocation":120,"imageIndex":2},{"imageOffset":1378980,"symbol":"void std::__1::__atomic_wait[abi:dee210106]<std::__1::__atomic_base<unsigned long, false> const, unsigned long>(std::__1::__atomic_base<unsigned long, false> const&, unsigned long, std::__1::memory_order)","symbolLocation":48,"imageIndex":2},{"imageOffset":1375020,"symbol":"std::__1::__atomic_base<unsigned long, false>::wait[abi:dee210106](unsigned long, std::__1::memory_order) const","symbolLocation":40,"imageIndex":2},{"imageOffset":1374360,"symbol":"audioapi::channels::spsc::Receiver<std::__1::variant<audioapi::ThreadPool::TaskEvent, audioapi::ThreadPool::StopEvent>, (audioapi::channels::spsc::OverflowStrategy)0, (audioapi::channels::spsc::WaitStrategy)2>::receive()","symbolLocation":140,"imageIndex":2},{"imageOffset":1353804,"symbol":"audioapi::ThreadPool::workerThreadFunc(audioapi::channels::spsc::Receiver<std::__1::variant<audioapi::ThreadPool::TaskEvent, audioapi::ThreadPool::StopEvent>, (audioapi::channels::spsc::OverflowStrategy)0, (audioapi::channels::spsc::WaitStrategy)2>&&)","symbolLocation":56,"imageIndex":2},{"imageOffset":1369488,"symbol":"std::__1::__invoke_result_impl<void, void (audioapi::ThreadPool::*)(audioapi::channels::spsc::Receiver<std::__1::variant<audioapi::ThreadPool::TaskEvent, audioapi::ThreadPool::StopEvent>, (audioapi::channels::spsc::OverflowStrategy)0, (audioapi::channels::spsc::WaitStrategy)2>&&), audioapi::ThreadPool*, audioapi::channels::spsc::Receiver<std::__1::variant<audioapi::ThreadPool::TaskEvent, audioapi::ThreadPool::StopEvent>, (audioapi::channels::spsc::OverflowStrategy)0, (audioapi::channels::spsc::WaitStrategy)2>>::type std::__1::__invoke[abi:dee210106]<void (audioapi::ThreadPool::*)(audioapi::channels::spsc::Receiver<std::__1::variant<audioapi::ThreadPool::TaskEvent, audioapi::ThreadPool::StopEvent>, (audioapi::channels::spsc::OverflowStrategy)0, (audioapi::channels::spsc::WaitStrategy)2>&&), audioapi::ThreadPool*, audioapi::channels::spsc::Receiver<std::__1::variant<audioapi::ThreadPool::TaskEvent, audioapi::ThreadPool::StopEvent>, (audioapi::channels::spsc::OverflowStrategy)0, (audioapi::channels::spsc::WaitStrategy)2>>(void (audioapi::ThreadPool::*&&)(audioapi::channels::spsc::Receiver<std::__1::variant<audioapi::ThreadPool::TaskEvent, audioapi::ThreadPool::StopEvent>, (audioapi::channels::spsc::OverflowStrategy)0, (audioapi::channels::spsc::WaitStrategy)2>&&), audioapi::ThreadPool*&&, audioapi::channels::spsc::Receiver<std::__1::variant<audioapi::ThreadPool::TaskEvent, audioapi::ThreadPool::StopEvent>, (audioapi::channels::spsc::OverflowStrategy)0, (audioapi::channels::spsc::WaitStrategy)2>&&)","symbolLocation":132,"imageIndex":2},{"imageOffset":1369204,"symbol":"void std::__1::__thread_execute[abi:dee210106]<std::__1::unique_ptr<std::__1::__thread_struct, std::__1::default_delete<std::__1::__thread_struct>>, void (audioapi::ThreadPool::*)(audioapi::channels::spsc::Receiver<std::__1::variant<audioapi::ThreadPool::TaskEvent, audioapi::ThreadPool::StopEvent>, (audioapi::channels::spsc::OverflowStrategy)0, (audioapi::channels::spsc::WaitStrategy)2>&&), audioapi::ThreadPool*, audioapi::channels::spsc::Receiver<std::__1::variant<audioapi::ThreadPool::TaskEvent, audioapi::ThreadPool::StopEvent>, (audioapi::channels::spsc::OverflowStrategy)0, (audioapi::channels::spsc::WaitStrategy)2>, 2ul, 3ul>(std::__1::tuple<std::__1::unique_ptr<std::__1::__thread_struct, std::__1::default_delete<std::__1::__thread_struct>>, void (audioapi::ThreadPool::*)(audioapi::channels::spsc::Receiver<std::__1::variant<audioapi::ThreadPool::TaskEvent, audioapi::ThreadPool::StopEvent>, (audioapi::channels::spsc::OverflowStrategy)0, (audioapi::channels::spsc::WaitStrategy)2>&&), audioapi::ThreadPool*, audioapi::channels::spsc::Receiver<std::__1::variant<audioapi::ThreadPool::TaskEvent, audioapi::ThreadPool::StopEvent>, (audioapi::channels::spsc::OverflowStrategy)0, (audioapi::channels::spsc::WaitStrategy)2>>&, std::__1::__tuple_indices<2ul, 3ul>)","symbolLocation":64,"imageIndex":2},{"imageOffset":1368132,"symbol":"void* std::__1::__thread_proxy[abi:dee210106]<std::__1::tuple<std::__1::unique_ptr<std::__1::__thread_struct, std::__1::default_delete<std::__1::__thread_struct>>, void (audioapi::ThreadPool::*)(audioapi::channels::spsc::Receiver<std::__1::variant<audioapi::ThreadPool::TaskEvent, audioapi::ThreadPool::StopEvent>, (audioapi::channels::spsc::OverflowStrategy)0, (audioapi::channels::spsc::WaitStrategy)2>&&), audioapi::ThreadPool*, audioapi::channels::spsc::Receiver<std::__1::variant<audioapi::ThreadPool::TaskEvent, audioapi::ThreadPool::StopEvent>, (audioapi::channels::spsc::OverflowStrategy)0, (audioapi::channels::spsc::WaitStrategy)2>>>(void*)","symbolLocation":84,"imageIndex":2},{"imageOffset":26172,"symbol":"_pthread_start","symbolLocation":104,"imageIndex":111},{"imageOffset":6708,"symbol":"thread_start","symbolLocation":8,"imageIndex":111}],"threadState":{"x":[{"value":4},{"value":0},{"value":0},{"value":0},{"value":0},{"value":0},{"value":0},{"value":0},{"value":0},{"value":4315997568,"symbolLocation":0,"symbol":"std::__1::__libcpp_contention_table"},{"value":11376068507788127593},{"value":0},{"value":0},{"value":0},{"value":0},{"value":0},{"value":515},{"value":0},{"value":0},{"value":0},{"value":4316006144,"symbolLocation":8576,"symbol":"std::__1::__libcpp_contention_table"},{"value":0},{"value":0},{"value":0},{"value":0},{"value":0},{"value":0},{"value":0},{"value":0}],"flavor":"ARM_THREAD_STATE64","lr":{"value":4315513272},"cpsr":{"value":536875008},"fp":{"value":13365062816},"sp":{"value":13365062784},"esr":{"value":1442840704,"description":"(Syscall)"},"pc":{"value":4516308872},"far":{"value":0}}},{"id":1265242,"frames":[{"imageOffset":10120,"symbol":"__ulock_wait","symbolLocation":8,"imageIndex":108},{"imageOffset":131512,"symbol":"std::__1::__libcpp_atomic_wait(void const volatile*, long long)","symbolLocation":84,"imageIndex":4},{"imageOffset":1380036,"symbol":"std::__1::__atomic_wait_backoff_impl<std::__1::__atomic_base<unsigned long, false>, void std::__1::__atomic_wait[abi:dee210106]<std::__1::__atomic_base<unsigned long, false> const, unsigned long>(std::__1::__atomic_base<unsigned long, false> const&, unsigned long, std::__1::memory_order)::'lambda'(unsigned long const&)>::operator()[abi:dee210106](std::__1::chrono::duration<long long, std::__1::ratio<1l, 1000000000l>>) const","symbolLocation":180,"imageIndex":2},{"imageOffset":1379392,"symbol":"bool std::__1::__libcpp_thread_poll_with_backoff[abi:dee210106]<void std::__1::__atomic_wait_unless[abi:dee210106]<std::__1::__atomic_base<unsigned long, false>, void std::__1::__atomic_wait[abi:dee210106]<std::__1::__atomic_base<unsigned long, false> const, unsigned long>(std::__1::__atomic_base<unsigned long, false> const&, unsigned long, std::__1::memory_order)::'lambda'(unsigned long const&)>(std::__1::__atomic_base<unsigned long, false> const const&, std::__1::memory_order, unsigned long&&)::'lambda'(), std::__1::__atomic_wait_backoff_impl<std::__1::__atomic_base<unsigned long, false>, void std::__1::__atomic_wait[abi:dee210106]<std::__1::__atomic_base<unsigned long, false> const, unsigned long>(std::__1::__atomic_base<unsigned long, false> const&, unsigned long, std::__1::memory_order)::'lambda'(unsigned long const&)>&>(std::__1::__atomic_base<unsigned long, false> const&&, unsigned long&&, std::__1::chrono::duration<long long, std::__1::ratio<1l, 1000000000l>>)","symbolLocation":268,"imageIndex":2},{"imageOffset":1379112,"symbol":"void std::__1::__atomic_wait_unless[abi:dee210106]<std::__1::__atomic_base<unsigned long, false>, void std::__1::__atomic_wait[abi:dee210106]<std::__1::__atomic_base<unsigned long, false> const, unsigned long>(std::__1::__atomic_base<unsigned long, false> const&, unsigned long, std::__1::memory_order)::'lambda'(unsigned long const&)>(std::__1::__atomic_base<unsigned long, false> const const&, std::__1::memory_order, unsigned long&&)","symbolLocation":120,"imageIndex":2},{"imageOffset":1378980,"symbol":"void std::__1::__atomic_wait[abi:dee210106]<std::__1::__atomic_base<unsigned long, false> const, unsigned long>(std::__1::__atomic_base<unsigned long, false> const&, unsigned long, std::__1::memory_order)","symbolLocation":48,"imageIndex":2},{"imageOffset":1375020,"symbol":"std::__1::__atomic_base<unsigned long, false>::wait[abi:dee210106](unsigned long, std::__1::memory_order) const","symbolLocation":40,"imageIndex":2},{"imageOffset":1374360,"symbol":"audioapi::channels::spsc::Receiver<std::__1::variant<audioapi::ThreadPool::TaskEvent, audioapi::ThreadPool::StopEvent>, (audioapi::channels::spsc::OverflowStrategy)0, (audioapi::channels::spsc::WaitStrategy)2>::receive()","symbolLocation":140,"imageIndex":2},{"imageOffset":1353804,"symbol":"audioapi::ThreadPool::workerThreadFunc(audioapi::channels::spsc::Receiver<std::__1::variant<audioapi::ThreadPool::TaskEvent, audioapi::ThreadPool::StopEvent>, (audioapi::channels::spsc::OverflowStrategy)0, (audioapi::channels::spsc::WaitStrategy)2>&&)","symbolLocation":56,"imageIndex":2},{"imageOffset":1369488,"symbol":"std::__1::__invoke_result_impl<void, void (audioapi::ThreadPool::*)(audioapi::channels::spsc::Receiver<std::__1::variant<audioapi::ThreadPool::TaskEvent, audioapi::ThreadPool::StopEvent>, (audioapi::channels::spsc::OverflowStrategy)0, (audioapi::channels::spsc::WaitStrategy)2>&&), audioapi::ThreadPool*, audioapi::channels::spsc::Receiver<std::__1::variant<audioapi::ThreadPool::TaskEvent, audioapi::ThreadPool::StopEvent>, (audioapi::channels::spsc::OverflowStrategy)0, (audioapi::channels::spsc::WaitStrategy)2>>::type std::__1::__invoke[abi:dee210106]<void (audioapi::ThreadPool::*)(audioapi::channels::spsc::Receiver<std::__1::variant<audioapi::ThreadPool::TaskEvent, audioapi::ThreadPool::StopEvent>, (audioapi::channels::spsc::OverflowStrategy)0, (audioapi::channels::spsc::WaitStrategy)2>&&), audioapi::ThreadPool*, audioapi::channels::spsc::Receiver<std::__1::variant<audioapi::ThreadPool::TaskEvent, audioapi::ThreadPool::StopEvent>, (audioapi::channels::spsc::OverflowStrategy)0, (audioapi::channels::spsc::WaitStrategy)2>>(void (audioapi::ThreadPool::*&&)(audioapi::channels::spsc::Receiver<std::__1::variant<audioapi::ThreadPool::TaskEvent, audioapi::ThreadPool::StopEvent>, (audioapi::channels::spsc::OverflowStrategy)0, (audioapi::channels::spsc::WaitStrategy)2>&&), audioapi::ThreadPool*&&, audioapi::channels::spsc::Receiver<std::__1::variant<audioapi::ThreadPool::TaskEvent, audioapi::ThreadPool::StopEvent>, (audioapi::channels::spsc::OverflowStrategy)0, (audioapi::channels::spsc::WaitStrategy)2>&&)","symbolLocation":132,"imageIndex":2},{"imageOffset":1369204,"symbol":"void std::__1::__thread_execute[abi:dee210106]<std::__1::unique_ptr<std::__1::__thread_struct, std::__1::default_delete<std::__1::__thread_struct>>, void (audioapi::ThreadPool::*)(audioapi::channels::spsc::Receiver<std::__1::variant<audioapi::ThreadPool::TaskEvent, audioapi::ThreadPool::StopEvent>, (audioapi::channels::spsc::OverflowStrategy)0, (audioapi::channels::spsc::WaitStrategy)2>&&), audioapi::ThreadPool*, audioapi::channels::spsc::Receiver<std::__1::variant<audioapi::ThreadPool::TaskEvent, audioapi::ThreadPool::StopEvent>, (audioapi::channels::spsc::OverflowStrategy)0, (audioapi::channels::spsc::WaitStrategy)2>, 2ul, 3ul>(std::__1::tuple<std::__1::unique_ptr<std::__1::__thread_struct, std::__1::default_delete<std::__1::__thread_struct>>, void (audioapi::ThreadPool::*)(audioapi::channels::spsc::Receiver<std::__1::variant<audioapi::ThreadPool::TaskEvent, audioapi::ThreadPool::StopEvent>, (audioapi::channels::spsc::OverflowStrategy)0, (audioapi::channels::spsc::WaitStrategy)2>&&), audioapi::ThreadPool*, audioapi::channels::spsc::Receiver<std::__1::variant<audioapi::ThreadPool::TaskEvent, audioapi::ThreadPool::StopEvent>, (audioapi::channels::spsc::OverflowStrategy)0, (audioapi::channels::spsc::WaitStrategy)2>>&, std::__1::__tuple_indices<2ul, 3ul>)","symbolLocation":64,"imageIndex":2},{"imageOffset":1368132,"symbol":"void* std::__1::__thread_proxy[abi:dee210106]<std::__1::tuple<std::__1::unique_ptr<std::__1::__thread_struct, std::__1::default_delete<std::__1::__thread_struct>>, void (audioapi::ThreadPool::*)(audioapi::channels::spsc::Receiver<std::__1::variant<audioapi::ThreadPool::TaskEvent, audioapi::ThreadPool::StopEvent>, (audioapi::channels::spsc::OverflowStrategy)0, (audioapi::channels::spsc::WaitStrategy)2>&&), audioapi::ThreadPool*, audioapi::channels::spsc::Receiver<std::__1::variant<audioapi::ThreadPool::TaskEvent, audioapi::ThreadPool::StopEvent>, (audioapi::channels::spsc::OverflowStrategy)0, (audioapi::channels::spsc::WaitStrategy)2>>>(void*)","symbolLocation":84,"imageIndex":2},{"imageOffset":26172,"symbol":"_pthread_start","symbolLocation":104,"imageIndex":111},{"imageOffset":6708,"symbol":"thread_start","symbolLocation":8,"imageIndex":111}],"threadState":{"x":[{"value":4},{"value":0},{"value":0},{"value":0},{"value":0},{"value":0},{"value":0},{"value":0},{"value":0},{"value":4315997568,"symbolLocation":0,"symbol":"std::__1::__libcpp_contention_table"},{"value":11376068507788127593},{"value":0},{"value":0},{"value":0},{"value":0},{"value":0},{"value":515},{"value":0},{"value":0},{"value":0},{"value":4315998528,"symbolLocation":960,"symbol":"std::__1::__libcpp_contention_table"},{"value":0},{"value":0},{"value":0},{"value":0},{"value":0},{"value":0},{"value":0},{"value":0}],"flavor":"ARM_THREAD_STATE64","lr":{"value":4315513272},"cpsr":{"value":536875008},"fp":{"value":13365636256},"sp":{"value":13365636224},"esr":{"value":1442840704,"description":"(Syscall)"},"pc":{"value":4516308872},"far":{"value":0}}},{"id":1265243,"frames":[{"imageOffset":10120,"symbol":"__ulock_wait","symbolLocation":8,"imageIndex":108},{"imageOffset":131512,"symbol":"std::__1::__libcpp_atomic_wait(void const volatile*, long long)","symbolLocation":84,"imageIndex":4},{"imageOffset":1380036,"symbol":"std::__1::__atomic_wait_backoff_impl<std::__1::__atomic_base<unsigned long, false>, void std::__1::__atomic_wait[abi:dee210106]<std::__1::__atomic_base<unsigned long, false> const, unsigned long>(std::__1::__atomic_base<unsigned long, false> const&, unsigned long, std::__1::memory_order)::'lambda'(unsigned long const&)>::operator()[abi:dee210106](std::__1::chrono::duration<long long, std::__1::ratio<1l, 1000000000l>>) const","symbolLocation":180,"imageIndex":2},{"imageOffset":1379392,"symbol":"bool std::__1::__libcpp_thread_poll_with_backoff[abi:dee210106]<void std::__1::__atomic_wait_unless[abi:dee210106]<std::__1::__atomic_base<unsigned long, false>, void std::__1::__atomic_wait[abi:dee210106]<std::__1::__atomic_base<unsigned long, false> const, unsigned long>(std::__1::__atomic_base<unsigned long, false> const&, unsigned long, std::__1::memory_order)::'lambda'(unsigned long const&)>(std::__1::__atomic_base<unsigned long, false> const const&, std::__1::memory_order, unsigned long&&)::'lambda'(), std::__1::__atomic_wait_backoff_impl<std::__1::__atomic_base<unsigned long, false>, void std::__1::__atomic_wait[abi:dee210106]<std::__1::__atomic_base<unsigned long, false> const, unsigned long>(std::__1::__atomic_base<unsigned long, false> const&, unsigned long, std::__1::memory_order)::'lambda'(unsigned long const&)>&>(std::__1::__atomic_base<unsigned long, false> const&&, unsigned long&&, std::__1::chrono::duration<long long, std::__1::ratio<1l, 1000000000l>>)","symbolLocation":268,"imageIndex":2},{"imageOffset":1379112,"symbol":"void std::__1::__atomic_wait_unless[abi:dee210106]<std::__1::__atomic_base<unsigned long, false>, void std::__1::__atomic_wait[abi:dee210106]<std::__1::__atomic_base<unsigned long, false> const, unsigned long>(std::__1::__atomic_base<unsigned long, false> const&, unsigned long, std::__1::memory_order)::'lambda'(unsigned long const&)>(std::__1::__atomic_base<unsigned long, false> const const&, std::__1::memory_order, unsigned long&&)","symbolLocation":120,"imageIndex":2},{"imageOffset":1378980,"symbol":"void std::__1::__atomic_wait[abi:dee210106]<std::__1::__atomic_base<unsigned long, false> const, unsigned long>(std::__1::__atomic_base<unsigned long, false> const&, unsigned long, std::__1::memory_order)","symbolLocation":48,"imageIndex":2},{"imageOffset":1375020,"symbol":"std::__1::__atomic_base<unsigned long, false>::wait[abi:dee210106](unsigned long, std::__1::memory_order) const","symbolLocation":40,"imageIndex":2},{"imageOffset":1374360,"symbol":"audioapi::channels::spsc::Receiver<std::__1::variant<audioapi::ThreadPool::TaskEvent, audioapi::ThreadPool::StopEvent>, (audioapi::channels::spsc::OverflowStrategy)0, (audioapi::channels::spsc::WaitStrategy)2>::receive()","symbolLocation":140,"imageIndex":2},{"imageOffset":1354240,"symbol":"audioapi::ThreadPool::loadBalancerThreadFunc(audioapi::channels::spsc::Receiver<std::__1::variant<audioapi::ThreadPool::TaskEvent, audioapi::ThreadPool::StopEvent>, (audioapi::channels::spsc::OverflowStrategy)0, (audioapi::channels::spsc::WaitStrategy)2>&&, std::__1::vector<audioapi::channels::spsc::Sender<std::__1::variant<audioapi::ThreadPool::TaskEvent, audioapi::ThreadPool::StopEvent>, (audioapi::channels::spsc::OverflowStrategy)0, (audioapi::channels::spsc::WaitStrategy)2>, std::__1::allocator<audioapi::channels::spsc::Sender<std::__1::variant<audioapi::ThreadPool::TaskEvent, audioapi::ThreadPool::StopEvent>, (audioapi::channels::spsc::OverflowStrategy)0, (audioapi::channels::spsc::WaitStrategy)2>>>&&)","symbolLocation":80,"imageIndex":2},{"imageOffset":1387600,"symbol":"std::__1::__invoke_result_impl<void, void (audioapi::ThreadPool::*)(audioapi::channels::spsc::Receiver<std::__1::variant<audioapi::ThreadPool::TaskEvent, audioapi::ThreadPool::StopEvent>, (audioapi::channels::spsc::OverflowStrategy)0, (audioapi::channels::spsc::WaitStrategy)2>&&, std::__1::vector<audioapi::channels::spsc::Sender<std::__1::variant<audioapi::ThreadPool::TaskEvent, audioapi::ThreadPool::StopEvent>, (audioapi::channels::spsc::OverflowStrategy)0, (audioapi::channels::spsc::WaitStrategy)2>, std::__1::allocator<audioapi::channels::spsc::Sender<std::__1::variant<audioapi::ThreadPool::TaskEvent, audioapi::ThreadPool::StopEvent>, (audioapi::channels::spsc::OverflowStrategy)0, (audioapi::channels::spsc::WaitStrategy)2>>>&&), audioapi::ThreadPool*, audioapi::channels::spsc::Receiver<std::__1::variant<audioapi::ThreadPool::TaskEvent, audioapi::ThreadPool::StopEvent>, (audioapi::channels::spsc::OverflowStrategy)0, (audioapi::channels::spsc::WaitStrategy)2>, std::__1::vector<audioapi::channels::spsc::Sender<std::__1::variant<audioapi::ThreadPool::TaskEvent, audioapi::ThreadPool::StopEvent>, (audioapi::channels::spsc::OverflowStrategy)0, (audioapi::channels::spsc::WaitStrategy)2>, std::__1::allocator<audioapi::channels::spsc::Sender<std::__1::variant<audioapi::ThreadPool::TaskEvent, audioapi::ThreadPool::StopEvent>, (audioapi::channels::spsc::OverflowStrategy)0, (audioapi::channels::spsc::WaitStrategy)2>>>>::type std::__1::__invoke[abi:dee210106]<void (audioapi::ThreadPool::*)(audioapi::channels::spsc::Receiver<std::__1::variant<audioapi::ThreadPool::TaskEvent, audioapi::ThreadPool::StopEvent>, (audioapi::channels::spsc::OverflowStrategy)0, (audioapi::channels::spsc::WaitStrategy)2>&&, std::__1::vector<audioapi::channels::spsc::Sender<std::__1::variant<audioapi::ThreadPool::TaskEvent, audioapi::ThreadPool::StopEvent>, (audioapi::channels::spsc::OverflowStrategy)0, (audioapi::channels::spsc::WaitStrategy)2>, std::__1::allocator<audioapi::channels::spsc::Sender<std::__1::variant<audioapi::ThreadPool::TaskEvent, audioapi::ThreadPool::StopEvent>, (audioapi::channels::spsc::OverflowStrategy)0, (audioapi::channels::spsc::WaitStrategy)2>>>&&), audioapi::ThreadPool*, audioapi::channels::spsc::Receiver<std::__1::variant<audioapi::ThreadPool::TaskEvent, audioapi::ThreadPool::StopEvent>, (audioapi::channels::spsc::OverflowStrategy)0, (audioapi::channels::spsc::WaitStrategy)2>, std::__1::vector<audioapi::channels::spsc::Sender<std::__1::variant<audioapi::ThreadPool::TaskEvent, audioapi::ThreadPool::StopEvent>, (audioapi::channels::spsc::OverflowStrategy)0, (audioapi::channels::spsc::WaitStrategy)2>, std::__1::allocator<audioapi::channels::spsc::Sender<std::__1::variant<audioapi::ThreadPool::TaskEvent, audioapi::ThreadPool::StopEvent>, (audioapi::channels::spsc::OverflowStrategy)0, (audioapi::channels::spsc::WaitStrategy)2>>>>(void (audioapi::ThreadPool::*&&)(audioapi::channels::spsc::Receiver<std::__1::variant<audioapi::ThreadPool::TaskEvent, audioapi::ThreadPool::StopEvent>, (audioapi::channels::spsc::OverflowStrategy)0, (audioapi::channels::spsc::WaitStrategy)2>&&, std::__1::vector<audioapi::channels::spsc::Sender<std::__1::variant<audioapi::ThreadPool::TaskEvent, audioapi::ThreadPool::StopEvent>, (audioapi::channels::spsc::OverflowStrategy)0, (audioapi::channels::spsc::WaitStrategy)2>, std::__1::allocator<audioapi::channels::spsc::Sender<std::__1::variant<audioapi::ThreadPool::TaskEvent, audioapi::ThreadPool::StopEvent>, (audioapi::channels::spsc::OverflowStrategy)0, (audioapi::channels::spsc::WaitStrategy)2>>>&&), audioapi::ThreadPool*&&, audioapi::channels::spsc::Receiver<std::__1::variant<audioapi::ThreadPool::TaskEvent, audioapi::ThreadPool::StopEvent>, (audioapi::channels::spsc::OverflowStrategy)0, (audioapi::channels::spsc::WaitStrategy)2>&&, std::__1::vector<audioapi::channels::spsc::Sender<std::__1::variant<audioapi::ThreadPool::TaskEvent, audioapi::ThreadPool::StopEvent>, (audioapi::channels::spsc::OverflowStrategy)0, (audioapi::channels::spsc::WaitStrategy)2>, std::__1::allocator<audioapi::channels::spsc::Sender<std::__1::variant<audioapi::ThreadPool::TaskEvent, audioapi::ThreadPool::StopEvent>, (audioapi::channels::spsc::OverflowStrategy)0, (audioapi::channels::spsc::WaitStrategy)2>>>&&)","symbolLocation":140,"imageIndex":2},{"imageOffset":1387448,"symbol":"void std::__1::__thread_execute[abi:dee210106]<std::__1::unique_ptr<std::__1::__thread_struct, std::__1::default_delete<std::__1::__thread_struct>>, void (audioapi::ThreadPool::*)(audioapi::channels::spsc::Receiver<std::__1::variant<audioapi::ThreadPool::TaskEvent, audioapi::ThreadPool::StopEvent>, (audioapi::channels::spsc::OverflowStrategy)0, (audioapi::channels::spsc::WaitStrategy)2>&&, std::__1::vector<audioapi::channels::spsc::Sender<std::__1::variant<audioapi::ThreadPool::TaskEvent, audioapi::ThreadPool::StopEvent>, (audioapi::channels::spsc::OverflowStrategy)0, (audioapi::channels::spsc::WaitStrategy)2>, std::__1::allocator<audioapi::channels::spsc::Sender<std::__1::variant<audioapi::ThreadPool::TaskEvent, audioapi::ThreadPool::StopEvent>, (audioapi::channels::spsc::OverflowStrategy)0, (audioapi::channels::spsc::WaitStrategy)2>>>&&), audioapi::ThreadPool*, audioapi::channels::spsc::Receiver<std::__1::variant<audioapi::ThreadPool::TaskEvent, audioapi::ThreadPool::StopEvent>, (audioapi::channels::spsc::OverflowStrategy)0, (audioapi::channels::spsc::WaitStrategy)2>, std::__1::vector<audioapi::channels::spsc::Sender<std::__1::variant<audioapi::ThreadPool::TaskEvent, audioapi::ThreadPool::StopEvent>, (audioapi::channels::spsc::OverflowStrategy)0, (audioapi::channels::spsc::WaitStrategy)2>, std::__1::allocator<audioapi::channels::spsc::Sender<std::__1::variant<audioapi::ThreadPool::TaskEvent, audioapi::ThreadPool::StopEvent>, (audioapi::channels::spsc::OverflowStrategy)0, (audioapi::channels::spsc::WaitStrategy)2>>>, 2ul, 3ul, 4ul>(std::__1::tuple<std::__1::unique_ptr<std::__1::__thread_struct, std::__1::default_delete<std::__1::__thread_struct>>, void (audioapi::ThreadPool::*)(audioapi::channels::spsc::Receiver<std::__1::variant<audioapi::ThreadPool::TaskEvent, audioapi::ThreadPool::StopEvent>, (audioapi::channels::spsc::OverflowStrategy)0, (audioapi::channels::spsc::WaitStrategy)2>&&, std::__1::vector<audioapi::channels::spsc::Sender<std::__1::variant<audioapi::ThreadPool::TaskEvent, audioapi::ThreadPool::StopEvent>, (audioapi::channels::spsc::OverflowStrategy)0, (audioapi::channels::spsc::WaitStrategy)2>, std::__1::allocator<audioapi::channels::spsc::Sender<std::__1::variant<audioapi::ThreadPool::TaskEvent, audioapi::ThreadPool::StopEvent>, (audioapi::channels::spsc::OverflowStrategy)0, (audioapi::channels::spsc::WaitStrategy)2>>>&&), audioapi::ThreadPool*, audioapi::channels::spsc::Receiver<std::__1::variant<audioapi::ThreadPool::TaskEvent, audioapi::ThreadPool::StopEvent>, (audioapi::channels::spsc::OverflowStrategy)0, (audioapi::channels::spsc::WaitStrategy)2>, std::__1::vector<audioapi::channels::spsc::Sender<std::__1::variant<audioapi::ThreadPool::TaskEvent, audioapi::ThreadPool::StopEvent>, (audioapi::channels::spsc::OverflowStrategy)0, (audioapi::channels::spsc::WaitStrategy)2>, std::__1::allocator<audioapi::channels::spsc::Sender<std::__1::variant<audioapi::ThreadPool::TaskEvent, audioapi::ThreadPool::StopEvent>, (audioapi::channels::spsc::OverflowStrategy)0, (audioapi::channels::spsc::WaitStrategy)2>>>>&, std::__1::__tuple_indices<2ul, 3ul, 4ul>)","symbolLocation":80,"imageIndex":2},{"imageOffset":1386740,"symbol":"void* std::__1::__thread_proxy[abi:dee210106]<std::__1::tuple<std::__1::unique_ptr<std::__1::__thread_struct, std::__1::default_delete<std::__1::__thread_struct>>, void (audioapi::ThreadPool::*)(audioapi::channels::spsc::Receiver<std::__1::variant<audioapi::ThreadPool::TaskEvent, audioapi::ThreadPool::StopEvent>, (audioapi::channels::spsc::OverflowStrategy)0, (audioapi::channels::spsc::WaitStrategy)2>&&, std::__1::vector<audioapi::channels::spsc::Sender<std::__1::variant<audioapi::ThreadPool::TaskEvent, audioapi::ThreadPool::StopEvent>, (audioapi::channels::spsc::OverflowStrategy)0, (audioapi::channels::spsc::WaitStrategy)2>, std::__1::allocator<audioapi::channels::spsc::Sender<std::__1::variant<audioapi::ThreadPool::TaskEvent, audioapi::ThreadPool::StopEvent>, (audioapi::channels::spsc::OverflowStrategy)0, (audioapi::channels::spsc::WaitStrategy)2>>>&&), audioapi::ThreadPool*, audioapi::channels::spsc::Receiver<std::__1::variant<audioapi::ThreadPool::TaskEvent, audioapi::ThreadPool::StopEvent>, (audioapi::channels::spsc::OverflowStrategy)0, (audioapi::channels::spsc::WaitStrategy)2>, std::__1::vector<audioapi::channels::spsc::Sender<std::__1::variant<audioapi::ThreadPool::TaskEvent, audioapi::ThreadPool::StopEvent>, (audioapi::channels::spsc::OverflowStrategy)0, (audioapi::channels::spsc::WaitStrategy)2>, std::__1::allocator<audioapi::channels::spsc::Sender<std::__1::variant<audioapi::ThreadPool::TaskEvent, audioapi::ThreadPool::StopEvent>, (audioapi::channels::spsc::OverflowStrategy)0, (audioapi::channels::spsc::WaitStrategy)2>>>>>(void*)","symbolLocation":84,"imageIndex":2},{"imageOffset":26172,"symbol":"_pthread_start","symbolLocation":104,"imageIndex":111},{"imageOffset":6708,"symbol":"thread_start","symbolLocation":8,"imageIndex":111}],"threadState":{"x":[{"value":4},{"value":0},{"value":0},{"value":0},{"value":0},{"value":0},{"value":0},{"value":0},{"value":0},{"value":4315997568,"symbolLocation":0,"symbol":"std::__1::__libcpp_contention_table"},{"value":11376068507788127593},{"value":0},{"value":0},{"value":0},{"value":0},{"value":0},{"value":515},{"value":0},{"value":0},{"value":0},{"value":4316003392,"symbolLocation":5824,"symbol":"std::__1::__libcpp_contention_table"},{"value":0},{"value":0},{"value":0},{"value":0},{"value":0},{"value":0},{"value":0},{"value":0}],"flavor":"ARM_THREAD_STATE64","lr":{"value":4315513272},"cpsr":{"value":536875008},"fp":{"value":13366209520},"sp":{"value":13366209488},"esr":{"value":1442840704,"description":"(Syscall)"},"pc":{"value":4516308872},"far":{"value":0}}},{"id":1265248,"name":"caulk.messenger.shared:17","threadState":{"x":[{"value":14},{"value":13064258042},{"value":0},{"value":13335883882},{"value":13064258016},{"value":25},{"value":0},{"value":0},{"value":0},{"value":4294967295},{"value":0},{"value":0},{"value":0},{"value":0},{"value":0},{"value":0},{"value":18446744073709551580},{"value":0},{"value":0},{"value":13680097760},{"value":0},{"value":0},{"value":0},{"value":0},{"value":0},{"value":0},{"value":0},{"value":0},{"value":0}],"flavor":"ARM_THREAD_STATE64","lr":{"value":5073584376},"cpsr":{"value":2147487744},"fp":{"value":13335883648},"sp":{"value":13335883616},"esr":{"value":1442840704,"description":"(Syscall)"},"pc":{"value":4516301548},"far":{"value":0}},"frames":[{"imageOffset":2796,"symbol":"semaphore_wait_trap","symbolLocation":8,"imageIndex":108},{"imageOffset":65784,"symbol":"caulk::semaphore::timed_wait(double)","symbolLocation":220,"imageIndex":312},{"imageOffset":97788,"symbol":"caulk::concurrent::details::worker_thread::run()","symbolLocation":28,"imageIndex":312},{"imageOffset":97908,"symbol":"void* caulk::thread_proxy<std::__1::tuple<caulk::thread::attributes, void (caulk::concurrent::details::worker_thread::*)(), std::__1::tuple<caulk::concurrent::details::worker_thread*>>>(void*)","symbolLocation":48,"imageIndex":312},{"imageOffset":26172,"symbol":"_pthread_start","symbolLocation":104,"imageIndex":111},{"imageOffset":6708,"symbol":"thread_start","symbolLocation":8,"imageIndex":111}]},{"id":1265249,"name":"caulk.messenger.shared:high","threadState":{"x":[{"value":14},{"value":54275},{"value":54275},{"value":21},{"value":4294967295},{"value":0},{"value":0},{"value":0},{"value":0},{"value":4294967295},{"value":1},{"value":13678683384},{"value":0},{"value":0},{"value":0},{"value":0},{"value":18446744073709551580},{"value":0},{"value":0},{"value":13680098208},{"value":0},{"value":0},{"value":0},{"value":0},{"value":0},{"value":0},{"value":0},{"value":0},{"value":0}],"flavor":"ARM_THREAD_STATE64","lr":{"value":5073584376},"cpsr":{"value":2147487744},"fp":{"value":13379071872},"sp":{"value":13379071840},"esr":{"value":1442840704,"description":"(Syscall)"},"pc":{"value":4516301548},"far":{"value":0}},"frames":[{"imageOffset":2796,"symbol":"semaphore_wait_trap","symbolLocation":8,"imageIndex":108},{"imageOffset":65784,"symbol":"caulk::semaphore::timed_wait(double)","symbolLocation":220,"imageIndex":312},{"imageOffset":97788,"symbol":"caulk::concurrent::details::worker_thread::run()","symbolLocation":28,"imageIndex":312},{"imageOffset":97908,"symbol":"void* caulk::thread_proxy<std::__1::tuple<caulk::thread::attributes, void (caulk::concurrent::details::worker_thread::*)(), std::__1::tuple<caulk::concurrent::details::worker_thread*>>>(void*)","symbolLocation":48,"imageIndex":312},{"imageOffset":26172,"symbol":"_pthread_start","symbolLocation":104,"imageIndex":111},{"imageOffset":6708,"symbol":"thread_start","symbolLocation":8,"imageIndex":111}]},{"id":1265324,"name":"caulk::deferred_logger","threadState":{"x":[{"value":14},{"value":70364449226751},{"value":0},{"value":1},{"value":0},{"value":1},{"value":0},{"value":0},{"value":0},{"value":4294967295},{"value":0},{"value":0},{"value":4910972960},{"value":18446744073709551615},{"value":16383},{"value":13460090600},{"value":18446744073709551580},{"value":32},{"value":0},{"value":13746139000},{"value":0},{"value":0},{"value":0},{"value":0},{"value":0},{"value":0},{"value":0},{"value":0},{"value":0}],"flavor":"ARM_THREAD_STATE64","lr":{"value":5073584376},"cpsr":{"value":2147487744},"fp":{"value":13460090752},"sp":{"value":13460090720},"esr":{"value":1442840704,"description":"(Syscall)"},"pc":{"value":4516301548},"far":{"value":0}},"frames":[{"imageOffset":2796,"symbol":"semaphore_wait_trap","symbolLocation":8,"imageIndex":108},{"imageOffset":65784,"symbol":"caulk::semaphore::timed_wait(double)","symbolLocation":220,"imageIndex":312},{"imageOffset":97788,"symbol":"caulk::concurrent::details::worker_thread::run()","symbolLocation":28,"imageIndex":312},{"imageOffset":97908,"symbol":"void* caulk::thread_proxy<std::__1::tuple<caulk::thread::attributes, void (caulk::concurrent::details::worker_thread::*)(), std::__1::tuple<caulk::concurrent::details::worker_thread*>>>(void*)","symbolLocation":48,"imageIndex":312},{"imageOffset":26172,"symbol":"_pthread_start","symbolLocation":104,"imageIndex":111},{"imageOffset":6708,"symbol":"thread_start","symbolLocation":8,"imageIndex":111}]},{"id":1265325,"name":"com.apple.audio.toolbox.AUScheduledParameterRefresher","threadState":{"x":[{"value":14},{"value":13061123958},{"value":0},{"value":13460664454},{"value":13061123904},{"value":53},{"value":0},{"value":0},{"value":0},{"value":4294967295},{"value":0},{"value":0},{"value":0},{"value":0},{"value":0},{"value":0},{"value":18446744073709551580},{"value":0},{"value":0},{"value":13746140344},{"value":0},{"value":0},{"value":0},{"value":0},{"value":0},{"value":0},{"value":0},{"value":0},{"value":0}],"flavor":"ARM_THREAD_STATE64","lr":{"value":5073584376},"cpsr":{"value":2147487744},"fp":{"value":13460664192},"sp":{"value":13460664160},"esr":{"value":1442840704,"description":"(Syscall)"},"pc":{"value":4516301548},"far":{"value":0}},"frames":[{"imageOffset":2796,"symbol":"semaphore_wait_trap","symbolLocation":8,"imageIndex":108},{"imageOffset":65784,"symbol":"caulk::semaphore::timed_wait(double)","symbolLocation":220,"imageIndex":312},{"imageOffset":97788,"symbol":"caulk::concurrent::details::worker_thread::run()","symbolLocation":28,"imageIndex":312},{"imageOffset":97908,"symbol":"void* caulk::thread_proxy<std::__1::tuple<caulk::thread::attributes, void (caulk::concurrent::details::worker_thread::*)(), std::__1::tuple<caulk::concurrent::details::worker_thread*>>>(void*)","symbolLocation":48,"imageIndex":312},{"imageOffset":26172,"symbol":"_pthread_start","symbolLocation":104,"imageIndex":111},{"imageOffset":6708,"symbol":"thread_start","symbolLocation":8,"imageIndex":111}]},{"id":1265326,"name":"com.apple.audio.IOThread.client","threadState":{"x":[{"value":268451845},{"value":17179869187},{"value":103079215123},{"value":95511},{"value":77309411328},{"value":520081884839936},{"value":32},{"value":0},{"value":0},{"value":17179869184},{"value":32},{"value":0},{"value":18},{"value":0},{"value":121091},{"value":32},{"value":18446744073709551569},{"value":13681702976},{"value":0},{"value":0},{"value":32},{"value":520081884839936},{"value":77309411328},{"value":95511},{"value":17179869187},{"value":13648146048},{"value":103079215123},{"value":18446744073709550527},{"value":4516577280,"symbolLocation":0,"symbol":"_libkernel_string_functions"}],"flavor":"ARM_THREAD_STATE64","lr":{"value":4516372060},"cpsr":{"value":4096},"fp":{"value":13648145344},"sp":{"value":13648145264},"esr":{"value":1442840704,"description":"(Syscall)"},"pc":{"value":4516301680},"far":{"value":0}},"frames":[{"imageOffset":2928,"symbol":"mach_msg2_trap","symbolLocation":8,"imageIndex":108},{"imageOffset":73308,"symbol":"mach_msg2_internal","symbolLocation":72,"imageIndex":108},{"imageOffset":35908,"symbol":"mach_msg_overwrite","symbolLocation":484,"imageIndex":108},{"imageOffset":3824,"symbol":"mach_msg","symbolLocation":20,"imageIndex":108},{"imageOffset":1025616,"symbol":"HALC_ProxyIOContext::IOWorkLoop()","symbolLocation":6644,"imageIndex":313},{"imageOffset":1017328,"symbol":"invocation function for block in HALC_ProxyIOContext::HALC_ProxyIOContext(unsigned int, unsigned int)","symbolLocation":180,"imageIndex":313},{"imageOffset":1925260,"symbol":"HALC_IOThread::Entry(void*)","symbolLocation":80,"imageIndex":313},{"imageOffset":26172,"symbol":"_pthread_start","symbolLocation":104,"imageIndex":111},{"imageOffset":6708,"symbol":"thread_start","symbolLocation":8,"imageIndex":111}]},{"id":1265342,"name":"AURemoteIO::IOThread","threadState":{"x":[{"value":268451845},{"value":17179869186},{"value":0},{"value":414666207526912},{"value":0},{"value":414666207526912},{"value":116},{"value":0},{"value":0},{"value":17179869184},{"value":116},{"value":0},{"value":0},{"value":0},{"value":96547},{"value":116},{"value":18446744073709551569},{"value":13747093568},{"value":0},{"value":0},{"value":116},{"value":414666207526912},{"value":0},{"value":414666207526912},{"value":17179869186},{"value":13704982272},{"value":0},{"value":18446744073709550527},{"value":4516577280,"symbolLocation":0,"symbol":"_libkernel_string_functions"}],"flavor":"ARM_THREAD_STATE64","lr":{"value":4516372060},"cpsr":{"value":4096},"fp":{"value":13704981808},"sp":{"value":13704981728},"esr":{"value":1442840704,"description":"(Syscall)"},"pc":{"value":4516301680},"far":{"value":0}},"frames":[{"imageOffset":2928,"symbol":"mach_msg2_trap","symbolLocation":8,"imageIndex":108},{"imageOffset":73308,"symbol":"mach_msg2_internal","symbolLocation":72,"imageIndex":108},{"imageOffset":35908,"symbol":"mach_msg_overwrite","symbolLocation":484,"imageIndex":108},{"imageOffset":3824,"symbol":"mach_msg","symbolLocation":20,"imageIndex":108},{"imageOffset":588136,"symbol":"void* caulk::thread_proxy<std::__1::tuple<caulk::thread::attributes, AURemoteIO::IOThread::IOThread(AURemoteIO&, caulk::thread::attributes const&, caulk::mach::os_workgroup_managed const&)::'lambda'(), std::__1::tuple<>>>(void*)","symbolLocation":536,"imageIndex":841},{"imageOffset":26172,"symbol":"_pthread_start","symbolLocation":104,"imageIndex":111},{"imageOffset":6708,"symbol":"thread_start","symbolLocation":8,"imageIndex":111}]}],
  "usedImages" : [
  {
    "source" : "P",
    "arch" : "arm64",
    "base" : 4310777856,
    "CFBundleShortVersionString" : "1.0.0",
    "CFBundleIdentifier" : "com.wilsontr.ambient-app",
    "size" : 16384,
    "uuid" : "bc86817e-88bb-34b2-ad90-7adf671f2b41",
    "path" : "\/Users\/USER\/Library\/Developer\/CoreSimulator\/Devices\/383F3B14-8F97-427A-84B0-6582070EDD33\/data\/Containers\/Bundle\/Application\/2FB51335-4545-47CF-89F5-BFA34178978E\/Ambient.app\/Ambient",
    "name" : "Ambient",
    "CFBundleVersion" : "1"
  },
  {
    "source" : "P",
    "arch" : "arm64",
    "base" : 4311498752,
    "size" : 327680,
    "uuid" : "ba544d9a-46ab-3c59-a00f-aba1479d2079",
    "path" : "\/Volumes\/VOLUME\/*\/dyld_sim",
    "name" : "dyld_sim"
  },
  {
    "source" : "P",
    "arch" : "arm64",
    "base" : 4367204352,
    "size" : 20840448,
    "uuid" : "a96b6c6f-583f-3288-a92f-6dc8823e1ae7",
    "path" : "\/Users\/USER\/Library\/Developer\/CoreSimulator\/Devices\/383F3B14-8F97-427A-84B0-6582070EDD33\/data\/Containers\/Bundle\/Application\/2FB51335-4545-47CF-89F5-BFA34178978E\/Ambient.app\/Ambient.debug.dylib",
    "name" : "Ambient.debug.dylib"
  },
  {
    "source" : "P",
    "arch" : "arm64",
    "base" : 4310941696,
    "size" : 16384,
    "uuid" : "35bca977-0843-3658-ab06-30cde1ba559e",
    "path" : "\/Volumes\/VOLUME\/*\/libSystem.B.dylib",
    "name" : "libSystem.B.dylib"
  },
  {
    "source" : "P",
    "arch" : "arm64",
    "base" : 4315381760,
    "size" : 573440,
    "uuid" : "fd646c4c-99c5-3828-8199-3a66a48ff1a1",
    "path" : "\/Volumes\/VOLUME\/*\/libc++.1.dylib",
    "name" : "libc++.1.dylib"
  },
  {
    "source" : "P",
    "arch" : "arm64",
    "base" : 4311023616,
    "CFBundleShortVersionString" : "2.0",
    "CFBundleIdentifier" : "com.apple.avfoundation",
    "size" : 16384,
    "uuid" : "0ff6234d-03bc-33b2-9b31-ba9d1a7fbbc9",
    "path" : "\/Volumes\/VOLUME\/*\/AVFoundation.framework\/AVFoundation",
    "name" : "AVFoundation",
    "CFBundleVersion" : "2420.7.1"
  },
  {
    "source" : "P",
    "arch" : "arm64",
    "base" : 4323049472,
    "CFBundleShortVersionString" : "1.0",
    "CFBundleIdentifier" : "com.apple.AVKit",
    "size" : 3162112,
    "uuid" : "7c33496a-7cb0-3fce-aa91-d4332760e705",
    "path" : "\/Volumes\/VOLUME\/*\/AVKit.framework\/AVKit",
    "name" : "AVKit",
    "CFBundleVersion" : "1330.6.1.1"
  },
  {
    "source" : "P",
    "arch" : "arm64",
    "base" : 4311089152,
    "CFBundleShortVersionString" : "1.11",
    "CFBundleIdentifier" : "com.apple.Accelerate",
    "size" : 16384,
    "uuid" : "676b8a16-2fca-3aeb-877b-974bf500d52a",
    "path" : "\/Volumes\/VOLUME\/*\/Accelerate.framework\/Accelerate",
    "name" : "Accelerate",
    "CFBundleVersion" : "Accelerate 1.11"
  },
  {
    "source" : "P",
    "arch" : "arm64",
    "base" : 4319100928,
    "CFBundleShortVersionString" : "1.8",
    "CFBundleIdentifier" : "com.apple.audio.toolbox.AudioToolbox",
    "size" : 1572864,
    "uuid" : "85369dbc-8b45-3083-b507-0586c22077e0",
    "path" : "\/Volumes\/VOLUME\/*\/AudioToolbox.framework\/AudioToolbox",
    "name" : "AudioToolbox",
    "CFBundleVersion" : "1.8"
  },
  {
    "source" : "P",
    "arch" : "arm64",
    "base" : 4339449856,
    "CFBundleShortVersionString" : "2.0",
    "CFBundleIdentifier" : "com.apple.CoreGraphics",
    "size" : 7372800,
    "uuid" : "faa5a64f-fc68-3944-9052-d412e88b8c43",
    "path" : "\/Volumes\/VOLUME\/*\/CoreGraphics.framework\/CoreGraphics",
    "name" : "CoreGraphics",
    "CFBundleVersion" : "1965.5.1"
  },
  {
    "source" : "P",
    "arch" : "arm64",
    "base" : 4329635840,
    "CFBundleShortVersionString" : "1.0",
    "CFBundleIdentifier" : "com.apple.CoreMedia",
    "size" : 1327104,
    "uuid" : "349285b5-cf08-3c24-95db-22141ac8dfef",
    "path" : "\/Volumes\/VOLUME\/*\/CoreMedia.framework\/CoreMedia",
    "name" : "CoreMedia",
    "CFBundleVersion" : "3320.8.1.1"
  },
  {
    "source" : "P",
    "arch" : "arm64",
    "base" : 4332175360,
    "CFBundleShortVersionString" : "1.0",
    "CFBundleIdentifier" : "expofilesystem.ExpoFileSystem",
    "size" : 671744,
    "uuid" : "2f415762-228a-3a92-9ffc-c8735ca238af",
    "path" : "\/Users\/USER\/Library\/Developer\/CoreSimulator\/Devices\/383F3B14-8F97-427A-84B0-6582070EDD33\/data\/Containers\/Bundle\/Application\/2FB51335-4545-47CF-89F5-BFA34178978E\/Ambient.app\/Frameworks\/ExpoFileSystem.framework\/ExpoFileSystem",
    "name" : "ExpoFileSystem",
    "CFBundleVersion" : "1"
  },
  {
    "source" : "P",
    "arch" : "arm64",
    "base" : 4312268800,
    "CFBundleShortVersionString" : "1.0",
    "CFBundleIdentifier" : "expofont.ExpoFont",
    "size" : 65536,
    "uuid" : "e377c678-1e39-36db-8d83-1deb25ebddbe",
    "path" : "\/Users\/USER\/Library\/Developer\/CoreSimulator\/Devices\/383F3B14-8F97-427A-84B0-6582070EDD33\/data\/Containers\/Bundle\/Application\/2FB51335-4545-47CF-89F5-BFA34178978E\/Ambient.app\/Frameworks\/ExpoFont.framework\/ExpoFont",
    "name" : "ExpoFont",
    "CFBundleVersion" : "1"
  },
  {
    "source" : "P",
    "arch" : "arm64",
    "base" : 4355375104,
    "CFBundleShortVersionString" : "1.0",
    "CFBundleIdentifier" : "expomodulescore.ExpoModulesCore",
    "size" : 2146304,
    "uuid" : "bb45a0f7-61a8-3270-a30c-017fa3252709",
    "path" : "\/Users\/USER\/Library\/Developer\/CoreSimulator\/Devices\/383F3B14-8F97-427A-84B0-6582070EDD33\/data\/Containers\/Bundle\/Application\/2FB51335-4545-47CF-89F5-BFA34178978E\/Ambient.app\/Frameworks\/ExpoModulesCore.framework\/ExpoModulesCore",
    "name" : "ExpoModulesCore",
    "CFBundleVersion" : "1"
  },
  {
    "source" : "P",
    "arch" : "arm64",
    "base" : 4317626368,
    "CFBundleShortVersionString" : "1.0",
    "CFBundleIdentifier" : "apple.ExpoModulesJSI",
    "size" : 311296,
    "uuid" : "8051cbe6-5f28-3ef3-81d8-cf9adfe07a64",
    "path" : "\/Users\/USER\/Library\/Developer\/CoreSimulator\/Devices\/383F3B14-8F97-427A-84B0-6582070EDD33\/data\/Containers\/Bundle\/Application\/2FB51335-4545-47CF-89F5-BFA34178978E\/Ambient.app\/Frameworks\/ExpoModulesJSI.framework\/ExpoModulesJSI",
    "name" : "ExpoModulesJSI",
    "CFBundleVersion" : "1"
  },
  {
    "source" : "P",
    "arch" : "arm64",
    "base" : 4312514560,
    "CFBundleShortVersionString" : "1.0",
    "CFBundleIdentifier" : "expomodulesworklets.ExpoModulesWorklets",
    "size" : 49152,
    "uuid" : "76a5e698-4f16-3656-80ed-53e42ec3af77",
    "path" : "\/Users\/USER\/Library\/Developer\/CoreSimulator\/Devices\/383F3B14-8F97-427A-84B0-6582070EDD33\/data\/Containers\/Bundle\/Application\/2FB51335-4545-47CF-89F5-BFA34178978E\/Ambient.app\/Frameworks\/ExpoModulesWorklets.framework\/ExpoModulesWorklets",
    "name" : "ExpoModulesWorklets",
    "CFBundleVersion" : "1"
  },
  {
    "source" : "P",
    "arch" : "arm64",
    "base" : 4428922880,
    "CFBundleShortVersionString" : "3.3.0",
    "CFBundleIdentifier" : "com.apple.ImageIO",
    "size" : 5111808,
    "uuid" : "3f851f82-f2ef-3eb4-8ab8-5556ea0e05e9",
    "path" : "\/Volumes\/VOLUME\/*\/ImageIO.framework\/ImageIO",
    "name" : "ImageIO",
    "CFBundleVersion" : "2784.5.4"
  },
  {
    "source" : "P",
    "arch" : "arm64",
    "base" : 4447305728,
    "CFBundleShortVersionString" : "1.0",
    "CFBundleIdentifier" : "com.apple.MediaPlayer",
    "size" : 4472832,
    "uuid" : "de3d702e-e6fc-3e24-a939-f20bafe5a81a",
    "path" : "\/Volumes\/VOLUME\/*\/MediaPlayer.framework\/MediaPlayer",
    "name" : "MediaPlayer",
    "CFBundleVersion" : "4025.600.6"
  },
  {
    "source" : "P",
    "arch" : "arm64",
    "base" : 4314300416,
    "CFBundleShortVersionString" : "173.7",
    "CFBundleIdentifier" : "com.apple.MetalKit",
    "size" : 114688,
    "uuid" : "eb056492-7690-3852-89d6-7f33334d1bd1",
    "path" : "\/Volumes\/VOLUME\/*\/MetalKit.framework\/MetalKit",
    "name" : "MetalKit",
    "CFBundleVersion" : "173.7"
  },
  {
    "source" : "P",
    "arch" : "arm64",
    "base" : 4311138304,
    "CFBundleShortVersionString" : "1226",
    "CFBundleIdentifier" : "com.apple.MobileCoreServices",
    "size" : 16384,
    "uuid" : "927dcc28-5b3b-3a39-af9a-bce3b0a54fe8",
    "path" : "\/Volumes\/VOLUME\/*\/MobileCoreServices.framework\/MobileCoreServices",
    "name" : "MobileCoreServices",
    "CFBundleVersion" : "1226"
  },
  {
    "source" : "P",
    "arch" : "arm64",
    "base" : 4349313024,
    "CFBundleShortVersionString" : "1195.14.4",
    "CFBundleIdentifier" : "com.apple.QuartzCore",
    "size" : 3325952,
    "uuid" : "8be360df-f68a-37c7-99ee-ddaf3da9a99f",
    "path" : "\/Volumes\/VOLUME\/*\/QuartzCore.framework\/QuartzCore",
    "name" : "QuartzCore",
    "CFBundleVersion" : "1195.14.4"
  },
  {
    "source" : "P",
    "arch" : "arm64",
    "base" : 4523065344,
    "CFBundleShortVersionString" : "1.0",
    "CFBundleIdentifier" : "react-native.React",
    "size" : 16547840,
    "uuid" : "bbafbeab-4f64-3385-9f08-41a344b7caae",
    "path" : "\/Users\/USER\/Library\/Developer\/CoreSimulator\/Devices\/383F3B14-8F97-427A-84B0-6582070EDD33\/data\/Containers\/Bundle\/Application\/2FB51335-4545-47CF-89F5-BFA34178978E\/Ambient.app\/Frameworks\/React.framework\/React",
    "name" : "React",
    "CFBundleVersion" : "1"
  },
  {
    "source" : "P",
    "arch" : "arm64",
    "base" : 4361469952,
    "CFBundleShortVersionString" : "1.0",
    "CFBundleIdentifier" : "third-party.ReactNativeDependencies",
    "size" : 1409024,
    "uuid" : "d0ba6bdf-3aea-325d-be60-204e292e91b0",
    "path" : "\/Users\/USER\/Library\/Developer\/CoreSimulator\/Devices\/383F3B14-8F97-427A-84B0-6582070EDD33\/data\/Containers\/Bundle\/Application\/2FB51335-4545-47CF-89F5-BFA34178978E\/Ambient.app\/Frameworks\/ReactNativeDependencies.framework\/ReactNativeDependencies",
    "name" : "ReactNativeDependencies",
    "CFBundleVersion" : "1"
  },
  {
    "source" : "P",
    "arch" : "arm64",
    "base" : 4311187456,
    "CFBundleShortVersionString" : "1.0",
    "CFBundleIdentifier" : "com.apple.UIKit",
    "size" : 16384,
    "uuid" : "4636a2d3-3f8d-3e96-94aa-023f16e1e9cc",
    "path" : "\/Volumes\/VOLUME\/*\/UIKit.framework\/UIKit",
    "name" : "UIKit",
    "CFBundleVersion" : "9126.5.5.2.103"
  },
  {
    "source" : "P",
    "arch" : "arm64",
    "base" : 4437704704,
    "CFBundleShortVersionString" : "1.0.0",
    "CFBundleIdentifier" : "dev.hermesengine.iphonesimulator",
    "size" : 3686400,
    "uuid" : "b953e6dc-4bed-32b3-af5d-51afd83e813a",
    "path" : "\/Users\/USER\/Library\/Developer\/CoreSimulator\/Devices\/383F3B14-8F97-427A-84B0-6582070EDD33\/data\/Containers\/Bundle\/Application\/2FB51335-4545-47CF-89F5-BFA34178978E\/Ambient.app\/Frameworks\/hermesvm.framework\/hermesvm",
    "name" : "hermesvm",
    "CFBundleVersion" : "1.0.0"
  },
  {
    "source" : "P",
    "arch" : "arm64",
    "base" : 4316479488,
    "CFBundleShortVersionString" : "7.0.2",
    "CFBundleIdentifier" : "io.qt.ffmpegkit.libavcodec",
    "size" : 425984,
    "uuid" : "57df96ef-352b-389e-9a6c-104c8af60b55",
    "path" : "\/Users\/USER\/Library\/Developer\/CoreSimulator\/Devices\/383F3B14-8F97-427A-84B0-6582070EDD33\/data\/Containers\/Bundle\/Application\/2FB51335-4545-47CF-89F5-BFA34178978E\/Ambient.app\/Frameworks\/libavcodec.framework\/libavcodec",
    "name" : "libavcodec",
    "CFBundleVersion" : "7.0.2"
  },
  {
    "source" : "P",
    "arch" : "arm64",
    "base" : 4456923136,
    "CFBundleShortVersionString" : "7.0.2",
    "CFBundleIdentifier" : "io.qt.ffmpegkit.libavformat",
    "size" : 4931584,
    "uuid" : "1aa747b9-4b8f-3c30-8268-6767294d30e7",
    "path" : "\/Users\/USER\/Library\/Developer\/CoreSimulator\/Devices\/383F3B14-8F97-427A-84B0-6582070EDD33\/data\/Containers\/Bundle\/Application\/2FB51335-4545-47CF-89F5-BFA34178978E\/Ambient.app\/Frameworks\/libavformat.framework\/libavformat",
    "name" : "libavformat",
    "CFBundleVersion" : "7.0.2"
  },
  {
    "source" : "P",
    "arch" : "arm64",
    "base" : 4462460928,
    "CFBundleShortVersionString" : "7.0.2",
    "CFBundleIdentifier" : "io.qt.ffmpegkit.libavutil",
    "size" : 360448,
    "uuid" : "9749cef3-bae2-3094-933d-a5a43278e8fc",
    "path" : "\/Users\/USER\/Library\/Developer\/CoreSimulator\/Devices\/383F3B14-8F97-427A-84B0-6582070EDD33\/data\/Containers\/Bundle\/Application\/2FB51335-4545-47CF-89F5-BFA34178978E\/Ambient.app\/Frameworks\/libavutil.framework\/libavutil",
    "name" : "libavutil",
    "CFBundleVersion" : "7.0.2"
  },
  {
    "source" : "P",
    "arch" : "arm64",
    "base" : 4311367680,
    "CFBundleShortVersionString" : "7.0.2",
    "CFBundleIdentifier" : "io.qt.ffmpegkit.libswresample",
    "size" : 65536,
    "uuid" : "ec745cab-1fad-346f-9735-372e73f2c041",
    "path" : "\/Users\/USER\/Library\/Developer\/CoreSimulator\/Devices\/383F3B14-8F97-427A-84B0-6582070EDD33\/data\/Containers\/Bundle\/Application\/2FB51335-4545-47CF-89F5-BFA34178978E\/Ambient.app\/Frameworks\/libswresample.framework\/libswresample",
    "name" : "libswresample",
    "CFBundleVersion" : "7.0.2"
  },
  {
    "source" : "P",
    "arch" : "arm64",
    "base" : 4589223936,
    "CFBundleShortVersionString" : "8624",
    "CFBundleIdentifier" : "com.apple.JavaScriptCore",
    "size" : 27967488,
    "uuid" : "20c06bb8-b3a6-3c6d-9da8-44f6ee53c396",
    "path" : "\/Volumes\/VOLUME\/*\/JavaScriptCore.framework\/JavaScriptCore",
    "name" : "JavaScriptCore",
    "CFBundleVersion" : "8624.2.5.10.4"
  },
  {
    "source" : "P",
    "arch" : "arm64",
    "base" : 4629676032,
    "CFBundleShortVersionString" : "6.9",
    "CFBundleIdentifier" : "com.apple.Foundation",
    "size" : 14401536,
    "uuid" : "2cc9fce0-08f9-3a0d-8a2f-6db229462de5",
    "path" : "\/Volumes\/VOLUME\/*\/Foundation.framework\/Foundation",
    "name" : "Foundation",
    "CFBundleVersion" : "5026.5.4"
  },
  {
    "source" : "P",
    "arch" : "arm64",
    "base" : 4321722368,
    "size" : 262144,
    "uuid" : "727c4040-5e6d-3dae-b22c-9a337d46c34f",
    "path" : "\/Volumes\/VOLUME\/*\/libobjc.A.dylib",
    "name" : "libobjc.A.dylib"
  },
  {
    "source" : "P",
    "arch" : "arm64",
    "base" : 4336418816,
    "CFBundleShortVersionString" : "1.0",
    "CFBundleIdentifier" : "com.apple.audio.AVFAudio",
    "size" : 1409024,
    "uuid" : "27c56d14-d420-3db3-baaf-79afae684d2a",
    "path" : "\/Volumes\/VOLUME\/*\/AVFAudio.framework\/AVFAudio",
    "name" : "AVFAudio"
  },
  {
    "source" : "P",
    "arch" : "arm64",
    "base" : 4423303168,
    "CFBundleShortVersionString" : "12.0",
    "CFBundleIdentifier" : "com.apple.AuthenticationServices",
    "size" : 1605632,
    "uuid" : "72818307-8d18-39bd-9aa5-7e0e5f49e123",
    "path" : "\/Volumes\/VOLUME\/*\/AuthenticationServices.framework\/AuthenticationServices",
    "name" : "AuthenticationServices",
    "CFBundleVersion" : "8624.2.5.10.4"
  },
  {
    "source" : "P",
    "arch" : "arm64",
    "base" : 4420190208,
    "CFBundleShortVersionString" : "1.0",
    "CFBundleIdentifier" : "com.apple.combine",
    "size" : 753664,
    "uuid" : "adf01cb0-dcca-3309-8e17-6afa06f0fe13",
    "path" : "\/Volumes\/VOLUME\/*\/Combine.framework\/Combine",
    "name" : "Combine",
    "CFBundleVersion" : "3023"
  },
  {
    "source" : "P",
    "arch" : "arm64",
    "base" : 4490280960,
    "CFBundleShortVersionString" : "6.9",
    "CFBundleIdentifier" : "com.apple.CoreFoundation",
    "size" : 4407296,
    "uuid" : "e74d7b62-0aac-3013-a55b-f15135d4bd2e",
    "path" : "\/Volumes\/VOLUME\/*\/CoreFoundation.framework\/CoreFoundation",
    "name" : "CoreFoundation",
    "CFBundleVersion" : "5026.5.4"
  },
  {
    "source" : "P",
    "arch" : "arm64",
    "base" : 4484775936,
    "CFBundleShortVersionString" : "3075.0.8",
    "CFBundleIdentifier" : "com.apple.coremotion",
    "size" : 3784704,
    "uuid" : "c5e28ebf-2bd6-358c-8caf-e4ee62780c9a",
    "path" : "\/Volumes\/VOLUME\/*\/CoreMotion.framework\/CoreMotion",
    "name" : "CoreMotion",
    "CFBundleVersion" : "3075.0.8"
  },
  {
    "source" : "P",
    "arch" : "arm64",
    "base" : 4500799488,
    "CFBundleShortVersionString" : "877.4.0.7",
    "CFBundleIdentifier" : "com.apple.CoreText",
    "size" : 2031616,
    "uuid" : "384d2572-6e61-33b4-8cbc-fffcb002a1d2",
    "path" : "\/Volumes\/VOLUME\/*\/CoreText.framework\/CoreText",
    "name" : "CoreText",
    "CFBundleVersion" : "877.4.0.7"
  },
  {
    "source" : "P",
    "arch" : "arm64",
    "base" : 4333944832,
    "CFBundleShortVersionString" : "1.8",
    "CFBundleIdentifier" : "com.apple.CoreVideo",
    "size" : 311296,
    "uuid" : "0d0a426e-0f95-36f9-88cc-419a5a7027eb",
    "path" : "\/Volumes\/VOLUME\/*\/CoreVideo.framework\/CoreVideo",
    "name" : "CoreVideo",
    "CFBundleVersion" : "734.4"
  },
  {
    "source" : "P",
    "arch" : "arm64",
    "base" : 4365123584,
    "CFBundleShortVersionString" : "1.0",
    "CFBundleIdentifier" : "com.apple.security.CryptoKit",
    "size" : 622592,
    "uuid" : "0a2d6cfa-1196-349a-bf84-fa4675d9eca6",
    "path" : "\/Volumes\/VOLUME\/*\/CryptoKit.framework\/CryptoKit",
    "name" : "CryptoKit",
    "CFBundleVersion" : "1"
  },
  {
    "source" : "P",
    "arch" : "arm64",
    "base" : 4314611712,
    "CFBundleShortVersionString" : "393.5.7",
    "CFBundleIdentifier" : "com.apple.IOSurface",
    "size" : 81920,
    "uuid" : "535ad6ac-99aa-3336-9381-4b6876dd3756",
    "path" : "\/Volumes\/VOLUME\/*\/IOSurface.framework\/IOSurface",
    "name" : "IOSurface",
    "CFBundleVersion" : "393.5.7"
  },
  {
    "source" : "P",
    "arch" : "arm64",
    "base" : 4509581312,
    "CFBundleShortVersionString" : "373.2",
    "CFBundleIdentifier" : "com.apple.Metal",
    "size" : 2179072,
    "uuid" : "da3bed8b-f22e-3ab0-b0a3-57217aaefa94",
    "path" : "\/Volumes\/VOLUME\/*\/Metal.framework\/Metal",
    "name" : "Metal",
    "CFBundleVersion" : "373.2"
  },
  {
    "source" : "P",
    "arch" : "arm64",
    "base" : 4504158208,
    "CFBundleShortVersionString" : "10.0",
    "CFBundleIdentifier" : "com.apple.Security",
    "size" : 1884160,
    "uuid" : "0af8a4fb-209e-31f7-ba57-f4084c1d23af",
    "path" : "\/Volumes\/VOLUME\/*\/Security.framework\/Security",
    "name" : "Security",
    "CFBundleVersion" : "61901.120.67"
  },
  {
    "source" : "P",
    "arch" : "arm64",
    "base" : 4717871104,
    "CFBundleShortVersionString" : "7.5.3",
    "CFBundleIdentifier" : "com.apple.SwiftUI",
    "size" : 18513920,
    "uuid" : "2332ef71-3e29-3e60-9849-acdd69b6b8ef",
    "path" : "\/Volumes\/VOLUME\/*\/SwiftUI.framework\/SwiftUI",
    "name" : "SwiftUI",
    "CFBundleVersion" : "7.5.3"
  },
  {
    "source" : "P",
    "arch" : "arm64",
    "base" : 4769267712,
    "CFBundleShortVersionString" : "8624",
    "CFBundleIdentifier" : "com.apple.WebKit",
    "size" : 20660224,
    "uuid" : "d627190a-da4c-3a8e-a608-022203bb8ca9",
    "path" : "\/Volumes\/VOLUME\/*\/WebKit.framework\/WebKit",
    "name" : "WebKit",
    "CFBundleVersion" : "8624.2.5.10.4"
  },
  {
    "source" : "P",
    "arch" : "arm64",
    "base" : 4334764032,
    "size" : 245760,
    "uuid" : "04f945f8-b385-3e21-86f0-d74f23451bf2",
    "path" : "\/Volumes\/VOLUME\/*\/libswiftAVFoundation.dylib",
    "name" : "libswiftAVFoundation.dylib"
  },
  {
    "source" : "P",
    "arch" : "arm64",
    "base" : 4444667904,
    "size" : 737280,
    "uuid" : "5903316e-f00d-3867-90f0-d5685fe6f19e",
    "path" : "\/Volumes\/VOLUME\/*\/libswiftAccelerate.dylib",
    "name" : "libswiftAccelerate.dylib"
  },
  {
    "source" : "P",
    "arch" : "arm64",
    "base" : 4676386816,
    "size" : 4997120,
    "uuid" : "278dff77-40c0-3e59-8fe1-7c91fc72144a",
    "path" : "\/Volumes\/VOLUME\/*\/libswiftCore.dylib",
    "name" : "libswiftCore.dylib"
  },
  {
    "source" : "P",
    "arch" : "arm64",
    "base" : 4314857472,
    "size" : 32768,
    "uuid" : "9c1d38e0-888c-394b-9671-f47b6163443f",
    "path" : "\/Volumes\/VOLUME\/*\/libswiftCoreAudio.dylib",
    "name" : "libswiftCoreAudio.dylib"
  },
  {
    "source" : "P",
    "arch" : "arm64",
    "base" : 4315037696,
    "size" : 32768,
    "uuid" : "44f9ac34-451a-346e-b901-6219dc5e2fa3",
    "path" : "\/Volumes\/VOLUME\/*\/libswiftCoreFoundation.dylib",
    "name" : "libswiftCoreFoundation.dylib"
  },
  {
    "source" : "P",
    "arch" : "arm64",
    "base" : 4311236608,
    "size" : 16384,
    "uuid" : "ea95b96c-1532-31f1-a4b2-da18493d4c28",
    "path" : "\/Volumes\/VOLUME\/*\/libswiftCoreImage.dylib",
    "name" : "libswiftCoreImage.dylib"
  },
  {
    "source" : "P",
    "arch" : "arm64",
    "base" : 4335583232,
    "size" : 131072,
    "uuid" : "fee51bcd-3fe2-3305-9c13-af84f389bdcc",
    "path" : "\/Volumes\/VOLUME\/*\/libswiftCoreLocation.dylib",
    "name" : "libswiftCoreLocation.dylib"
  },
  {
    "source" : "P",
    "arch" : "arm64",
    "base" : 4318773248,
    "size" : 49152,
    "uuid" : "40519410-d98a-36ae-adf6-6ebc340d29dc",
    "path" : "\/Volumes\/VOLUME\/*\/libswiftCoreMIDI.dylib",
    "name" : "libswiftCoreMIDI.dylib"
  },
  {
    "source" : "P",
    "arch" : "arm64",
    "base" : 4479778816,
    "size" : 360448,
    "uuid" : "554c2d3c-5f1d-3899-a257-f0628aa03b04",
    "path" : "\/Volumes\/VOLUME\/*\/libswiftCoreMedia.dylib",
    "name" : "libswiftCoreMedia.dylib"
  },
  {
    "source" : "P",
    "arch" : "arm64",
    "base" : 4312711168,
    "size" : 16384,
    "uuid" : "615dc6a5-1547-39e7-b8e7-e55597e5fd82",
    "path" : "\/Volumes\/VOLUME\/*\/libswiftDarwin.dylib",
    "name" : "libswiftDarwin.dylib"
  },
  {
    "source" : "P",
    "arch" : "arm64",
    "base" : 4338892800,
    "size" : 98304,
    "uuid" : "6b31fdba-bd10-3cb3-a2c1-e12bc5553360",
    "path" : "\/Volumes\/VOLUME\/*\/libswiftDispatch.dylib",
    "name" : "libswiftDispatch.dylib"
  },
  {
    "source" : "P",
    "arch" : "arm64",
    "base" : 4322181120,
    "size" : 32768,
    "uuid" : "7f7e43ff-9a80-38ed-8aa8-7200f227138b",
    "path" : "\/Volumes\/VOLUME\/*\/libswiftMetal.dylib",
    "name" : "libswiftMetal.dylib"
  },
  {
    "source" : "P",
    "arch" : "arm64",
    "base" : 4312793088,
    "size" : 16384,
    "uuid" : "ccee512a-7781-3c2b-9428-fb82f1f375b2",
    "path" : "\/Volumes\/VOLUME\/*\/libswiftOSLog.dylib",
    "name" : "libswiftOSLog.dylib"
  },
  {
    "source" : "P",
    "arch" : "arm64",
    "base" : 4315267072,
    "size" : 16384,
    "uuid" : "bedd74de-8419-3529-965f-f47985ca2e31",
    "path" : "\/Volumes\/VOLUME\/*\/libswiftObjectiveC.dylib",
    "name" : "libswiftObjectiveC.dylib"
  },
  {
    "source" : "P",
    "arch" : "arm64",
    "base" : 4312875008,
    "size" : 16384,
    "uuid" : "91515f0e-2ca1-3116-b7d6-a3a5615a7039",
    "path" : "\/Volumes\/VOLUME\/*\/libswiftQuartzCore.dylib",
    "name" : "libswiftQuartzCore.dylib"
  },
  {
    "source" : "P",
    "arch" : "arm64",
    "base" : 4322525184,
    "size" : 49152,
    "uuid" : "6958fffa-fd0f-3c7c-b4f2-0b20b1a38fb4",
    "path" : "\/Volumes\/VOLUME\/*\/libswiftRegexBuilder.dylib",
    "name" : "libswiftRegexBuilder.dylib"
  },
  {
    "source" : "P",
    "arch" : "arm64",
    "base" : 4481302528,
    "size" : 442368,
    "uuid" : "41018f6a-79b1-34f5-bd0a-c8a05679d789",
    "path" : "\/Volumes\/VOLUME\/*\/libswiftSpatial.dylib",
    "name" : "libswiftSpatial.dylib"
  },
  {
    "source" : "P",
    "arch" : "arm64",
    "base" : 4336025600,
    "size" : 65536,
    "uuid" : "e52a9a30-bfdc-3da0-96d5-98646a0c42d2",
    "path" : "\/Volumes\/VOLUME\/*\/libswiftUniformTypeIdentifiers.dylib",
    "name" : "libswiftUniformTypeIdentifiers.dylib"
  },
  {
    "source" : "P",
    "arch" : "arm64",
    "base" : 4422418432,
    "size" : 278528,
    "uuid" : "6ff16216-5fcc-3d53-92b1-3defe4ebb7de",
    "path" : "\/Volumes\/VOLUME\/*\/libswiftXPC.dylib",
    "name" : "libswiftXPC.dylib"
  },
  {
    "source" : "P",
    "arch" : "arm64",
    "base" : 4426481664,
    "size" : 425984,
    "uuid" : "c37acaad-0da6-3bd4-857e-b3ed6b6f16f3",
    "path" : "\/Volumes\/VOLUME\/*\/libswift_Concurrency.dylib",
    "name" : "libswift_Concurrency.dylib"
  },
  {
    "source" : "P",
    "arch" : "arm64",
    "base" : 4482580480,
    "size" : 491520,
    "uuid" : "044b2024-fcb9-3e07-a6bd-3eb5aba02b52",
    "path" : "\/Volumes\/VOLUME\/*\/libswift_StringProcessing.dylib",
    "name" : "libswift_StringProcessing.dylib"
  },
  {
    "source" : "P",
    "arch" : "arm64",
    "base" : 4366155776,
    "size" : 114688,
    "uuid" : "1d3376b8-9a80-3a59-9d0c-73be3d9b27f8",
    "path" : "\/Volumes\/VOLUME\/*\/libswiftos.dylib",
    "name" : "libswiftos.dylib"
  },
  {
    "source" : "P",
    "arch" : "arm64",
    "base" : 4366532608,
    "size" : 98304,
    "uuid" : "efe4acbb-6f18-3ef7-a194-a53882cacfac",
    "path" : "\/Volumes\/VOLUME\/*\/libswiftsimd.dylib",
    "name" : "libswiftsimd.dylib"
  },
  {
    "source" : "P",
    "arch" : "arm64",
    "base" : 4311318528,
    "size" : 16384,
    "uuid" : "935b9148-ad72-3049-91a7-ab7da0131c0a",
    "path" : "\/Volumes\/VOLUME\/*\/libswiftCoreGraphics.dylib",
    "name" : "libswiftCoreGraphics.dylib"
  },
  {
    "source" : "P",
    "arch" : "arm64",
    "base" : 4317560832,
    "size" : 16384,
    "uuid" : "710be927-bac3-3b9e-b7ce-dbe0c5e8e2a5",
    "path" : "\/Volumes\/VOLUME\/*\/libswiftUIKit.dylib",
    "name" : "libswiftUIKit.dylib"
  },
  {
    "source" : "P",
    "arch" : "arm64",
    "base" : 4812423168,
    "CFBundleShortVersionString" : "1.0",
    "CFBundleIdentifier" : "com.apple.Network",
    "size" : 22511616,
    "uuid" : "29784682-6190-373a-a6f4-d6e5dbb30bd4",
    "path" : "\/Volumes\/VOLUME\/*\/Network.framework\/Network",
    "name" : "Network",
    "CFBundleVersion" : "5812.122.1"
  },
  {
    "source" : "P",
    "arch" : "arm64",
    "base" : 4354818048,
    "size" : 114688,
    "uuid" : "ca04d801-3e4b-3a57-aead-0a5eb2db0671",
    "path" : "\/Volumes\/VOLUME\/*\/libc++abi.dylib",
    "name" : "libc++abi.dylib"
  },
  {
    "source" : "P",
    "arch" : "arm64",
    "base" : 4319002624,
    "size" : 32768,
    "uuid" : "18cb5f7e-4707-3df5-8858-d413a8c30ead",
    "path" : "\/Volumes\/VOLUME\/*\/libcache.dylib",
    "name" : "libcache.dylib"
  },
  {
    "source" : "P",
    "arch" : "arm64",
    "base" : 4322721792,
    "size" : 65536,
    "uuid" : "0ec99a76-d288-36e6-8c86-9320744497d3",
    "path" : "\/Volumes\/VOLUME\/*\/libcommonCrypto.dylib",
    "name" : "libcommonCrypto.dylib"
  },
  {
    "source" : "P",
    "arch" : "arm64",
    "base" : 4322328576,
    "size" : 16384,
    "uuid" : "5539b26b-6fa7-341f-9c21-25f04bc8138b",
    "path" : "\/Volumes\/VOLUME\/*\/libcompiler_rt.dylib",
    "name" : "libcompiler_rt.dylib"
  },
  {
    "source" : "P",
    "arch" : "arm64",
    "base" : 4322885632,
    "size" : 49152,
    "uuid" : "6c335dd0-6ad0-3df6-a206-9f8e0adc2775",
    "path" : "\/Volumes\/VOLUME\/*\/libcopyfile.dylib",
    "name" : "libcopyfile.dylib"
  },
  {
    "source" : "P",
    "arch" : "arm64",
    "base" : 4483678208,
    "size" : 704512,
    "uuid" : "730b0835-7d7b-35a3-b73e-7fc1d2c4403e",
    "path" : "\/Volumes\/VOLUME\/*\/libcorecrypto.dylib",
    "name" : "libcorecrypto.dylib"
  },
  {
    "source" : "P",
    "arch" : "arm64",
    "base" : 4428152832,
    "size" : 294912,
    "uuid" : "42b50931-38d5-3a5d-90ef-0fd7239c408d",
    "path" : "\/Volumes\/VOLUME\/*\/libdispatch.dylib",
    "name" : "libdispatch.dylib"
  },
  {
    "source" : "P",
    "arch" : "arm64",
    "base" : 4446846976,
    "size" : 180224,
    "uuid" : "2b7568e6-5eee-33e0-b471-2fdaae4ff448",
    "path" : "\/Volumes\/VOLUME\/*\/libdyld.dylib",
    "name" : "libdyld.dylib"
  },
  {
    "source" : "P",
    "arch" : "arm64",
    "base" : 4322410496,
    "size" : 16384,
    "uuid" : "fe0bf4dc-7db2-3fab-80f3-f07d856a6414",
    "path" : "\/Volumes\/VOLUME\/*\/libmacho.dylib",
    "name" : "libmacho.dylib"
  },
  {
    "source" : "P",
    "arch" : "arm64",
    "base" : 4336287744,
    "size" : 16384,
    "uuid" : "75f9cee8-c230-37d7-b8a0-030d2cd40964",
    "path" : "\/Volumes\/VOLUME\/*\/libremovefile.dylib",
    "name" : "libremovefile.dylib"
  },
  {
    "source" : "P",
    "arch" : "arm64",
    "base" : 4366876672,
    "size" : 98304,
    "uuid" : "1e052c18-f23a-3780-8dbc-38155de2b31a",
    "path" : "\/Volumes\/VOLUME\/*\/libsystem_asl.dylib",
    "name" : "libsystem_asl.dylib"
  },
  {
    "source" : "P",
    "arch" : "arm64",
    "base" : 4355112960,
    "size" : 16384,
    "uuid" : "a5fdf1ff-b793-3574-8903-d24571eacd25",
    "path" : "\/Volumes\/VOLUME\/*\/libsystem_blocks.dylib",
    "name" : "libsystem_blocks.dylib"
  },
  {
    "source" : "P",
    "arch" : "arm64",
    "base" : 4508467200,
    "size" : 524288,
    "uuid" : "05f4b01b-e685-39fa-93f3-de10cd9b511a",
    "path" : "\/Volumes\/VOLUME\/*\/libsystem_c.dylib",
    "name" : "libsystem_c.dylib"
  },
  {
    "source" : "P",
    "arch" : "arm64",
    "base" : 4355227648,
    "size" : 32768,
    "uuid" : "06537bb0-a40f-3f9d-b2cf-7ac91a08073d",
    "path" : "\/Volumes\/VOLUME\/*\/libsystem_collections.dylib",
    "name" : "libsystem_collections.dylib"
  },
  {
    "source" : "P",
    "arch" : "arm64",
    "base" : 4339335168,
    "size" : 16384,
    "uuid" : "ff160b5b-bed6-3deb-9262-8d782365ce7d",
    "path" : "\/Volumes\/VOLUME\/*\/libsystem_configuration.dylib",
    "name" : "libsystem_configuration.dylib"
  },
  {
    "source" : "P",
    "arch" : "arm64",
    "base" : 4489789440,
    "size" : 212992,
    "uuid" : "13711693-a3b5-3d1c-a3ec-2b5748d8f402",
    "path" : "\/Volumes\/VOLUME\/*\/libsystem_containermanager.dylib",
    "name" : "libsystem_containermanager.dylib"
  },
  {
    "source" : "P",
    "arch" : "arm64",
    "base" : 4367073280,
    "size" : 16384,
    "uuid" : "69c961ba-ae03-3c41-8e83-5105c19d534e",
    "path" : "\/Volumes\/VOLUME\/*\/libsystem_coreservices.dylib",
    "name" : "libsystem_coreservices.dylib"
  },
  {
    "source" : "P",
    "arch" : "arm64",
    "base" : 4427513856,
    "size" : 49152,
    "uuid" : "c063c99f-5786-3246-a3d5-1fdb58b6e724",
    "path" : "\/Volumes\/VOLUME\/*\/libsystem_darwin.dylib",
    "name" : "libsystem_darwin.dylib"
  },
  {
    "source" : "P",
    "arch" : "arm64",
    "base" : 4427661312,
    "size" : 49152,
    "uuid" : "182d0639-7968-31d5-a78f-d883b2c7ea1e",
    "path" : "\/Volumes\/VOLUME\/*\/libsystem_dnssd.dylib",
    "name" : "libsystem_dnssd.dylib"
  },
  {
    "source" : "P",
    "arch" : "arm64",
    "base" : 4427776000,
    "size" : 49152,
    "uuid" : "31e55943-3ed0-3940-8c4a-3a33275073b1",
    "path" : "\/Volumes\/VOLUME\/*\/libsystem_eligibility.dylib",
    "name" : "libsystem_eligibility.dylib"
  },
  {
    "source" : "P",
    "arch" : "arm64",
    "base" : 4423139328,
    "size" : 16384,
    "uuid" : "fff724a7-f6d0-3400-bfac-d50395d8ac1c",
    "path" : "\/Volumes\/VOLUME\/*\/libsystem_featureflags.dylib",
    "name" : "libsystem_featureflags.dylib"
  },
  {
    "source" : "P",
    "arch" : "arm64",
    "base" : 4508024832,
    "size" : 163840,
    "uuid" : "29821f88-c763-338e-a4cc-4fb7c6fb5d35",
    "path" : "\/Volumes\/VOLUME\/*\/libsystem_info.dylib",
    "name" : "libsystem_info.dylib"
  },
  {
    "source" : "P",
    "arch" : "arm64",
    "base" : 4515004416,
    "size" : 262144,
    "uuid" : "f7674b20-d879-3915-999d-4798f27c2171",
    "path" : "\/Volumes\/VOLUME\/*\/libsystem_m.dylib",
    "name" : "libsystem_m.dylib"
  },
  {
    "source" : "P",
    "arch" : "arm64",
    "base" : 4515823616,
    "size" : 294912,
    "uuid" : "f71aeb05-0d59-37ba-b0f2-457432bb09b5",
    "path" : "\/Volumes\/VOLUME\/*\/libsystem_malloc.dylib",
    "name" : "libsystem_malloc.dylib"
  },
  {
    "source" : "P",
    "arch" : "arm64",
    "base" : 4507729920,
    "size" : 114688,
    "uuid" : "e891b1d0-57b3-3a83-ae97-d1d96b2da2ec",
    "path" : "\/Volumes\/VOLUME\/*\/libsystem_networkextension.dylib",
    "name" : "libsystem_networkextension.dylib"
  },
  {
    "source" : "P",
    "arch" : "arm64",
    "base" : 4508319744,
    "size" : 65536,
    "uuid" : "0a12237c-b994-34f8-aa5b-2421516467bf",
    "path" : "\/Volumes\/VOLUME\/*\/libsystem_notify.dylib",
    "name" : "libsystem_notify.dylib"
  },
  {
    "source" : "P",
    "arch" : "arm64",
    "base" : 4428005376,
    "size" : 32768,
    "uuid" : "80656448-a78b-306e-8325-b5fb11634505",
    "path" : "\/Volumes\/VOLUME\/*\/libsystem_sandbox.dylib",
    "name" : "libsystem_sandbox.dylib"
  },
  {
    "source" : "P",
    "arch" : "arm64",
    "base" : 4428791808,
    "size" : 32768,
    "uuid" : "40b6bbaa-61ac-34c6-a2e1-fb3abc4f13d4",
    "path" : "\/Volumes\/VOLUME\/*\/libsystem_sanitizers.dylib",
    "name" : "libsystem_sanitizers.dylib"
  },
  {
    "source" : "P",
    "arch" : "arm64",
    "base" : 4484677632,
    "size" : 16384,
    "uuid" : "488d759c-27ac-3544-9519-c1e4514ffb61",
    "path" : "\/Volumes\/VOLUME\/*\/libsystem_sim_kernel.dylib",
    "name" : "libsystem_sim_kernel.dylib"
  },
  {
    "source" : "P",
    "arch" : "arm64",
    "base" : 4490166272,
    "size" : 16384,
    "uuid" : "cd88b0bf-7a62-37b3-8604-97dd221779f4",
    "path" : "\/Volumes\/VOLUME\/*\/libsystem_sim_platform.dylib",
    "name" : "libsystem_sim_platform.dylib"
  },
  {
    "source" : "P",
    "arch" : "arm64",
    "base" : 4423221248,
    "size" : 16384,
    "uuid" : "8299108f-5505-3232-a6db-9cdc00ccbee8",
    "path" : "\/Volumes\/VOLUME\/*\/libsystem_sim_pthread.dylib",
    "name" : "libsystem_sim_pthread.dylib"
  },
  {
    "source" : "P",
    "arch" : "arm64",
    "base" : 4515348480,
    "size" : 131072,
    "uuid" : "4138f7ef-2588-38b1-9977-1502a60e2e36",
    "path" : "\/Volumes\/VOLUME\/*\/libsystem_trace.dylib",
    "name" : "libsystem_trace.dylib"
  },
  {
    "source" : "P",
    "arch" : "arm64",
    "base" : 4336353280,
    "size" : 16384,
    "uuid" : "f08c1e0a-6ae0-3853-accc-16db5af83e32",
    "path" : "\/Volumes\/VOLUME\/*\/libsystem_trial.dylib",
    "name" : "libsystem_trial.dylib"
  },
  {
    "source" : "P",
    "arch" : "arm64",
    "base" : 4509220864,
    "size" : 32768,
    "uuid" : "c4187425-764f-3506-a411-5102b50ae804",
    "path" : "\/Volumes\/VOLUME\/*\/libunwind.dylib",
    "name" : "libunwind.dylib"
  },
  {
    "source" : "P",
    "arch" : "arm64",
    "base" : 4516888576,
    "size" : 294912,
    "uuid" : "ff603b08-461e-35c4-82e6-3ad8e5d12848",
    "path" : "\/Volumes\/VOLUME\/*\/libxpc.dylib",
    "name" : "libxpc.dylib"
  },
  {
    "source" : "P",
    "arch" : "arm64",
    "base" : 4427890688,
    "size" : 16384,
    "uuid" : "0e3b310f-5f2f-3902-9055-ce9ddb9530e4",
    "path" : "\/Volumes\/VOLUME\/*\/libsystem_sim_platform_host.dylib",
    "name" : "libsystem_sim_platform_host.dylib"
  },
  {
    "source" : "P",
    "arch" : "arm64",
    "base" : 4509319168,
    "size" : 49152,
    "uuid" : "0831b8d2-190f-31fc-9eb6-ea8ba11fe47b",
    "path" : "\/usr\/lib\/system\/libsystem_platform.dylib",
    "name" : "libsystem_platform.dylib"
  },
  {
    "source" : "P",
    "arch" : "arm64",
    "base" : 4516298752,
    "size" : 245760,
    "uuid" : "856091df-df82-3985-9695-28eac306bcb5",
    "path" : "\/usr\/lib\/system\/libsystem_kernel.dylib",
    "name" : "libsystem_kernel.dylib"
  },
  {
    "source" : "P",
    "arch" : "arm64",
    "base" : 4507959296,
    "size" : 16384,
    "uuid" : "44bb20ac-1ee2-358d-b7c2-d0fe2ea626c3",
    "path" : "\/Volumes\/VOLUME\/*\/libsystem_sim_kernel_host.dylib",
    "name" : "libsystem_sim_kernel_host.dylib"
  },
  {
    "source" : "P",
    "arch" : "arm64",
    "base" : 4509499392,
    "size" : 16384,
    "uuid" : "0f1e6a3a-cb26-3182-81c4-fe321f9aea69",
    "path" : "\/Volumes\/VOLUME\/*\/libsystem_sim_pthread_host.dylib",
    "name" : "libsystem_sim_pthread_host.dylib"
  },
  {
    "source" : "P",
    "arch" : "arm64",
    "base" : 4517986304,
    "size" : 65536,
    "uuid" : "1e522024-387b-3d18-81ca-f4559198954b",
    "path" : "\/usr\/lib\/system\/libsystem_pthread.dylib",
    "name" : "libsystem_pthread.dylib"
  },
  {
    "source" : "P",
    "arch" : "arm64",
    "base" : 4518903808,
    "CFBundleShortVersionString" : "1.0",
    "CFBundleIdentifier" : "com.apple.CoreAutoLayout",
    "size" : 278528,
    "uuid" : "019c74a5-8186-357b-9d04-15223347cdb3",
    "path" : "\/Volumes\/VOLUME\/*\/CoreAutoLayout.framework\/CoreAutoLayout",
    "name" : "CoreAutoLayout",
    "CFBundleVersion" : "33"
  },
  {
    "source" : "P",
    "arch" : "arm64",
    "base" : 4520493056,
    "size" : 868352,
    "uuid" : "fb37cba8-ee5b-3937-91d0-6cb3112f7d7f",
    "path" : "\/Volumes\/VOLUME\/*\/libcompression.dylib",
    "name" : "libcompression.dylib"
  },
  {
    "source" : "P",
    "arch" : "arm64",
    "base" : 4685463552,
    "CFBundleShortVersionString" : "1.0",
    "CFBundleIdentifier" : "com.apple.CFNetwork",
    "size" : 3620864,
    "uuid" : "799e3578-e022-31f3-86af-938cea488909",
    "path" : "\/Volumes\/VOLUME\/*\/CFNetwork.framework\/CFNetwork",
    "name" : "CFNetwork",
    "CFBundleVersion" : "3860.600.12"
  },
  {
    "source" : "P",
    "arch" : "arm64",
    "base" : 4667473920,
    "size" : 1015808,
    "uuid" : "fa5eb6ee-7e58-30c7-b0e0-248f778167b8",
    "path" : "\/Volumes\/VOLUME\/*\/libarchive.2.dylib",
    "name" : "libarchive.2.dylib"
  },
  {
    "source" : "P",
    "arch" : "arm64",
    "base" : 4691836928,
    "size" : 2834432,
    "uuid" : "318b67c1-a854-3b53-a06d-dbdd2efbd54c",
    "path" : "\/Volumes\/VOLUME\/*\/libicucore.A.dylib",
    "name" : "libicucore.A.dylib"
  },
  {
    "source" : "P",
    "arch" : "arm64",
    "base" : 4668932096,
    "size" : 917504,
    "uuid" : "457691c9-0574-3733-aba1-fc07680cee1c",
    "path" : "\/Volumes\/VOLUME\/*\/libxml2.2.dylib",
    "name" : "libxml2.2.dylib"
  },
  {
    "source" : "P",
    "arch" : "arm64",
    "base" : 4515610624,
    "size" : 16384,
    "uuid" : "87cf3ee4-1a8f-3eaa-8c46-d9911fc4777f",
    "path" : "\/Volumes\/VOLUME\/*\/liblangid.dylib",
    "name" : "liblangid.dylib"
  },
  {
    "source" : "P",
    "arch" : "arm64",
    "base" : 4670177280,
    "CFBundleShortVersionString" : "2.0.2",
    "CFBundleIdentifier" : "com.apple.framework.IOKit",
    "size" : 671744,
    "uuid" : "21ab2359-deec-3444-94fe-b7257e43be34",
    "path" : "\/Volumes\/VOLUME\/*\/IOKit.framework\/Versions\/A\/IOKit",
    "name" : "IOKit"
  },
  {
    "source" : "P",
    "arch" : "arm64",
    "base" : 4671324160,
    "CFBundleShortVersionString" : "1.2.0",
    "CFBundleIdentifier" : "com.apple.CollectionsInternal",
    "size" : 1097728,
    "uuid" : "79983626-9e50-3559-8509-7c9d56c4f467",
    "path" : "\/Volumes\/VOLUME\/*\/CollectionsInternal.framework\/CollectionsInternal",
    "name" : "CollectionsInternal",
    "CFBundleVersion" : "5026.5.5"
  },
  {
    "source" : "P",
    "arch" : "arm64",
    "base" : 4517658624,
    "CFBundleShortVersionString" : "1.0.0",
    "CFBundleIdentifier" : "com.apple.ReflectionInternal",
    "size" : 32768,
    "uuid" : "7041477f-2198-3e3e-bb81-4bdb6e6e5920",
    "path" : "\/Volumes\/VOLUME\/*\/ReflectionInternal.framework\/ReflectionInternal",
    "name" : "ReflectionInternal",
    "CFBundleVersion" : "5026.5.5"
  },
  {
    "source" : "P",
    "arch" : "arm64",
    "base" : 4521459712,
    "CFBundleShortVersionString" : "1.0.0",
    "CFBundleIdentifier" : "com.apple.RuntimeInternal",
    "size" : 81920,
    "uuid" : "9aabf4fa-0106-3224-8f53-e82b3cf9a177",
    "path" : "\/Volumes\/VOLUME\/*\/RuntimeInternal.framework\/RuntimeInternal",
    "name" : "RuntimeInternal",
    "CFBundleVersion" : "5026.5.5"
  },
  {
    "source" : "P",
    "arch" : "arm64",
    "base" : 4515692544,
    "CFBundleShortVersionString" : "1.0",
    "CFBundleIdentifier" : "com.apple.SoftLinking",
    "size" : 16384,
    "uuid" : "3c7a8698-b4e2-3f0c-b540-329b1154d5b5",
    "path" : "\/Volumes\/VOLUME\/*\/SoftLinking.framework\/SoftLinking",
    "name" : "SoftLinking",
    "CFBundleVersion" : "71"
  },
  {
    "source" : "P",
    "arch" : "arm64",
    "base" : 4519919616,
    "size" : 98304,
    "uuid" : "52b9c2a8-04a8-3a4a-b3e1-0a85544465f4",
    "path" : "\/Volumes\/VOLUME\/*\/libswiftSystem.dylib",
    "name" : "libswiftSystem.dylib"
  },
  {
    "source" : "P",
    "arch" : "arm64",
    "base" : 4516741120,
    "size" : 16384,
    "uuid" : "66b61ecc-1aae-3dbf-acfb-37baa867b8d5",
    "path" : "\/Volumes\/VOLUME\/*\/libswift_Builtin_float.dylib",
    "name" : "libswift_Builtin_float.dylib"
  },
  {
    "source" : "P",
    "arch" : "arm64",
    "base" : 4517838848,
    "size" : 16384,
    "uuid" : "e672c826-dbc9-3df8-9bd2-c275d434dc77",
    "path" : "\/Volumes\/VOLUME\/*\/libswift_DarwinFoundation1.dylib",
    "name" : "libswift_DarwinFoundation1.dylib"
  },
  {
    "source" : "P",
    "arch" : "arm64",
    "base" : 4522409984,
    "CFBundleShortVersionString" : "505",
    "CFBundleIdentifier" : "com.apple.CoreServicesInternal",
    "size" : 196608,
    "uuid" : "d9600ba2-caa8-363e-b89e-2fd636fb3847",
    "path" : "\/Volumes\/VOLUME\/*\/CoreServicesInternal.framework\/CoreServicesInternal",
    "name" : "CoreServicesInternal",
    "CFBundleVersion" : "505"
  },
  {
    "source" : "P",
    "arch" : "arm64",
    "base" : 4700553216,
    "CFBundleShortVersionString" : "839",
    "CFBundleIdentifier" : "com.apple.CoreServices",
    "size" : 2342912,
    "uuid" : "27d2320d-91df-3974-a815-fbee4375327a",
    "path" : "\/Volumes\/VOLUME\/*\/CoreServices.framework\/CoreServices",
    "name" : "CoreServices",
    "CFBundleVersion" : "839"
  },
  {
    "source" : "P",
    "arch" : "arm64",
    "base" : 4519526400,
    "CFBundleShortVersionString" : "2.0",
    "CFBundleIdentifier" : "com.apple.GenerationalStorage",
    "size" : 131072,
    "uuid" : "fec28243-b13f-3ae7-a919-641e01abb1b1",
    "path" : "\/Volumes\/VOLUME\/*\/GenerationalStorage.framework\/GenerationalStorage",
    "name" : "GenerationalStorage",
    "CFBundleVersion" : "397.120.2"
  },
  {
    "source" : "P",
    "arch" : "arm64",
    "base" : 4673470464,
    "CFBundleShortVersionString" : "1.0",
    "CFBundleIdentifier" : "com.apple.CacheDelete",
    "size" : 294912,
    "uuid" : "02946ecf-08d1-34a3-a192-ddf01a3fe9ef",
    "path" : "\/Volumes\/VOLUME\/*\/CacheDelete.framework\/CacheDelete",
    "name" : "CacheDelete",
    "CFBundleVersion" : "1"
  },
  {
    "source" : "P",
    "arch" : "arm64",
    "base" : 4674764800,
    "CFBundleShortVersionString" : "1.0",
    "CFBundleIdentifier" : "com.apple.QuickLookThumbnailing",
    "size" : 311296,
    "uuid" : "9ad6cb57-aed9-380f-9246-3390ec167c77",
    "path" : "\/Volumes\/VOLUME\/*\/QuickLookThumbnailing.framework\/QuickLookThumbnailing",
    "name" : "QuickLookThumbnailing",
    "CFBundleVersion" : "208.6.1"
  },
  {
    "source" : "P",
    "arch" : "arm64",
    "base" : 4705107968,
    "CFBundleShortVersionString" : "4018.120.24",
    "CFBundleIdentifier" : "com.apple.FileProvider",
    "size" : 1736704,
    "uuid" : "234c94f1-94fc-371e-86ad-f41b4bd77389",
    "path" : "\/Volumes\/VOLUME\/*\/FileProvider.framework\/FileProvider",
    "name" : "FileProvider",
    "CFBundleVersion" : "4018.120.24"
  },
  {
    "source" : "P",
    "arch" : "arm64",
    "base" : 4708777984,
    "CFBundleShortVersionString" : "26.0",
    "CFBundleIdentifier" : "com.apple.desktopservices",
    "size" : 1458176,
    "uuid" : "0c1d318e-4d30-3e29-9dd9-6c6ca559ac63",
    "path" : "\/Volumes\/VOLUME\/*\/DesktopServicesPriv.framework\/DesktopServicesPriv",
    "name" : "DesktopServicesPriv",
    "CFBundleVersion" : "1827.5.1"
  },
  {
    "source" : "P",
    "arch" : "arm64",
    "base" : 4697276416,
    "CFBundleShortVersionString" : "1.0",
    "CFBundleIdentifier" : "com.apple.InstalledContentLibrary",
    "size" : 638976,
    "uuid" : "ebcc8849-11f0-3e03-827a-872f590a32db",
    "path" : "\/Volumes\/VOLUME\/*\/InstalledContentLibrary.framework\/InstalledContentLibrary",
    "name" : "InstalledContentLibrary",
    "CFBundleVersion" : "1.0"
  },
  {
    "source" : "P",
    "arch" : "arm64",
    "base" : 4711579648,
    "CFBundleShortVersionString" : "732.1.1",
    "CFBundleIdentifier" : "com.apple.BaseBoard",
    "size" : 917504,
    "uuid" : "ef3a155d-7fdc-30f0-ae49-334bfde137c4",
    "path" : "\/Volumes\/VOLUME\/*\/BaseBoard.framework\/BaseBoard",
    "name" : "BaseBoard",
    "CFBundleVersion" : "732.1.1"
  },
  {
    "source" : "P",
    "arch" : "arm64",
    "base" : 4518608896,
    "size" : 81920,
    "uuid" : "eb366428-deeb-363b-b2bb-8af1f449d80c",
    "path" : "\/Volumes\/VOLUME\/*\/libbsm.0.dylib",
    "name" : "libbsm.0.dylib"
  },
  {
    "source" : "P",
    "arch" : "arm64",
    "base" : 4715446272,
    "size" : 1736704,
    "uuid" : "af1b9a79-62ce-378f-a26f-7010b58d32e7",
    "path" : "\/Volumes\/VOLUME\/*\/libsqlite3.dylib",
    "name" : "libsqlite3.dylib"
  },
  {
    "source" : "P",
    "arch" : "arm64",
    "base" : 4674027520,
    "CFBundleShortVersionString" : "1141.1",
    "CFBundleIdentifier" : "com.apple.CSStore",
    "size" : 229376,
    "uuid" : "afae4407-6522-3bb5-ae33-785b59ba6414",
    "path" : "\/Volumes\/VOLUME\/*\/CoreServicesStore.framework\/CoreServicesStore",
    "name" : "CoreServicesStore",
    "CFBundleVersion" : "1141.1"
  },
  {
    "source" : "P",
    "arch" : "arm64",
    "base" : 4695998464,
    "CFBundleShortVersionString" : "1.21",
    "CFBundleIdentifier" : "com.apple.SystemConfiguration",
    "size" : 524288,
    "uuid" : "374cddd1-fae2-39a7-b824-6f019733eb4f",
    "path" : "\/Volumes\/VOLUME\/*\/SystemConfiguration.framework\/SystemConfiguration",
    "name" : "SystemConfiguration",
    "CFBundleVersion" : "1.21"
  },
  {
    "source" : "P",
    "arch" : "arm64",
    "base" : 4699553792,
    "size" : 294912,
    "uuid" : "06ea7bbc-e1ab-355c-a64d-5bebf4b405e2",
    "path" : "\/Volumes\/VOLUME\/*\/libMobileGestalt.dylib",
    "name" : "libMobileGestalt.dylib"
  },
  {
    "source" : "P",
    "arch" : "arm64",
    "base" : 4515758080,
    "CFBundleShortVersionString" : "1.0",
    "CFBundleIdentifier" : "com.apple.MobileSystemServices",
    "size" : 16384,
    "uuid" : "ecafab0e-3e22-3aa6-ae28-abf59a903834",
    "path" : "\/Volumes\/VOLUME\/*\/MobileSystemServices.framework\/MobileSystemServices",
    "name" : "MobileSystemServices",
    "CFBundleVersion" : "1"
  },
  {
    "source" : "P",
    "arch" : "arm64",
    "base" : 4675502080,
    "CFBundleShortVersionString" : "1.0",
    "CFBundleIdentifier" : "com.apple.SecurityFoundation",
    "size" : 131072,
    "uuid" : "17272020-d603-30b2-a87b-52b7923282f3",
    "path" : "\/Volumes\/VOLUME\/*\/SecurityFoundation.framework\/SecurityFoundation",
    "name" : "SecurityFoundation",
    "CFBundleVersion" : "1"
  },
  {
    "source" : "P",
    "arch" : "arm64",
    "base" : 4672913408,
    "CFBundleShortVersionString" : "1",
    "CFBundleIdentifier" : "com.apple.ProtocolBuffer",
    "size" : 114688,
    "uuid" : "1f55aefd-a729-39e8-a1bc-649835effdd8",
    "path" : "\/Volumes\/VOLUME\/*\/ProtocolBuffer.framework\/ProtocolBuffer",
    "name" : "ProtocolBuffer",
    "CFBundleVersion" : "310.35.2.9.2"
  },
  {
    "source" : "P",
    "arch" : "arm64",
    "base" : 4518772736,
    "size" : 49152,
    "uuid" : "e7ed9f21-420a-3cc7-bfa3-e1ae0cabdbd2",
    "path" : "\/Volumes\/VOLUME\/*\/libCoreEntitlements.dylib",
    "name" : "libCoreEntitlements.dylib"
  },
  {
    "source" : "P",
    "arch" : "arm64",
    "base" : 4713414656,
    "CFBundleShortVersionString" : "1.0",
    "CFBundleIdentifier" : "com.apple.MessageSecurity",
    "size" : 376832,
    "uuid" : "0322f83f-d7ce-3911-bd3b-b93fc4927322",
    "path" : "\/Volumes\/VOLUME\/*\/MessageSecurity.framework\/MessageSecurity",
    "name" : "MessageSecurity"
  },
  {
    "source" : "P",
    "arch" : "arm64",
    "base" : 4846518272,
    "CFBundleShortVersionString" : "1.0",
    "CFBundleIdentifier" : "com.apple.managedconfiguration",
    "size" : 1261568,
    "uuid" : "7f897721-c6ab-3540-8439-7bdf5267f18a",
    "path" : "\/Volumes\/VOLUME\/*\/ManagedConfiguration.framework\/ManagedConfiguration",
    "name" : "ManagedConfiguration",
    "CFBundleVersion" : "1.0"
  },
  {
    "source" : "P",
    "arch" : "arm64",
    "base" : 4699045888,
    "CFBundleShortVersionString" : "1.0",
    "CFBundleIdentifier" : "com.apple.CloudServices",
    "size" : 278528,
    "uuid" : "0e58c800-0298-324d-90f3-b37720e8caf0",
    "path" : "\/Volumes\/VOLUME\/*\/CloudServices.framework\/CloudServices",
    "name" : "CloudServices",
    "CFBundleVersion" : "694.120.16"
  },
  {
    "source" : "P",
    "arch" : "arm64",
    "base" : 4714283008,
    "CFBundleShortVersionString" : "1.0",
    "CFBundleIdentifier" : "com.apple.analyticsd",
    "size" : 196608,
    "uuid" : "b046feda-a519-3e34-ac58-7633b837433f",
    "path" : "\/Volumes\/VOLUME\/*\/CoreAnalytics.framework\/CoreAnalytics",
    "name" : "CoreAnalytics",
    "CFBundleVersion" : "1"
  },
  {
    "source" : "P",
    "arch" : "arm64",
    "base" : 4522180608,
    "size" : 98304,
    "uuid" : "bc448f46-4618-3b38-8af3-e8c9971f65de",
    "path" : "\/Volumes\/VOLUME\/*\/libcoretls.dylib",
    "name" : "libcoretls.dylib"
  },
  {
    "source" : "P",
    "arch" : "arm64",
    "base" : 4516823040,
    "size" : 16384,
    "uuid" : "120cea67-6ae4-308e-956c-c1edbab06f0c",
    "path" : "\/Volumes\/VOLUME\/*\/libcoretls_cfhelpers.dylib",
    "name" : "libcoretls_cfhelpers.dylib"
  },
  {
    "source" : "P",
    "arch" : "arm64",
    "base" : 4696883200,
    "CFBundleShortVersionString" : "1.0",
    "CFBundleIdentifier" : "com.apple.BackgroundSystemTasks",
    "size" : 131072,
    "uuid" : "8e596b21-5d6d-35bc-92c9-c01e2cfe0ede",
    "path" : "\/Volumes\/VOLUME\/*\/BackgroundSystemTasks.framework\/BackgroundSystemTasks",
    "name" : "BackgroundSystemTasks",
    "CFBundleVersion" : "1"
  },
  {
    "source" : "P",
    "arch" : "arm64",
    "base" : 4844945408,
    "CFBundleShortVersionString" : "1.0",
    "CFBundleIdentifier" : "com.apple.LoggingSupport",
    "size" : 557056,
    "uuid" : "c0411e1d-ef35-39bf-823e-19819f70b0c3",
    "path" : "\/Volumes\/VOLUME\/*\/LoggingSupport.framework\/LoggingSupport",
    "name" : "LoggingSupport",
    "CFBundleVersion" : "1861.120.4"
  },
  {
    "source" : "P",
    "arch" : "arm64",
    "base" : 4851089408,
    "CFBundleShortVersionString" : "7.1",
    "CFBundleIdentifier" : "com.apple.Rapport",
    "size" : 901120,
    "uuid" : "451659e9-eb0e-3d44-b9d1-dd1ec4b850a2",
    "path" : "\/Volumes\/VOLUME\/*\/Rapport.framework\/Rapport",
    "name" : "Rapport",
    "CFBundleVersion" : "715.2"
  },
  {
    "source" : "P",
    "arch" : "arm64",
    "base" : 4849188864,
    "CFBundleShortVersionString" : "1.0",
    "CFBundleIdentifier" : "com.apple.RunningBoardServices",
    "size" : 393216,
    "uuid" : "02f5e55c-7232-3ad7-9bd0-329ca1ce87b3",
    "path" : "\/Volumes\/VOLUME\/*\/RunningBoardServices.framework\/RunningBoardServices",
    "name" : "RunningBoardServices",
    "CFBundleVersion" : "1015.100.16"
  },
  {
    "source" : "P",
    "arch" : "arm64",
    "base" : 4854972416,
    "CFBundleShortVersionString" : "1.0",
    "CFBundleIdentifier" : "com.apple.SwiftData",
    "size" : 1359872,
    "uuid" : "2449226e-2e13-3ad7-8ae3-5a808ecd2224",
    "path" : "\/Volumes\/VOLUME\/*\/SwiftData.framework\/SwiftData",
    "name" : "SwiftData",
    "CFBundleVersion" : "135"
  },
  {
    "source" : "P",
    "arch" : "arm64",
    "base" : 4673175552,
    "CFBundleShortVersionString" : "709",
    "CFBundleIdentifier" : "com.apple.UniformTypeIdentifiers",
    "size" : 81920,
    "uuid" : "efa43886-3f7c-308a-9cb9-18ae459003e4",
    "path" : "\/Volumes\/VOLUME\/*\/UniformTypeIdentifiers.framework\/UniformTypeIdentifiers",
    "name" : "UniformTypeIdentifiers",
    "CFBundleVersion" : "709"
  },
  {
    "source" : "P",
    "arch" : "arm64",
    "base" : 4675960832,
    "CFBundleShortVersionString" : "1.0",
    "CFBundleIdentifier" : "com.apple.UserManagement",
    "size" : 131072,
    "uuid" : "8749dfa9-1773-3374-9ba4-393aa711f4a7",
    "path" : "\/Volumes\/VOLUME\/*\/UserManagement.framework\/UserManagement",
    "name" : "UserManagement",
    "CFBundleVersion" : "1"
  },
  {
    "source" : "P",
    "arch" : "arm64",
    "base" : 4856987648,
    "size" : 851968,
    "uuid" : "f594fbf9-eb6e-3d86-995e-bc88ea5ee368",
    "path" : "\/Volumes\/VOLUME\/*\/libboringssl.dylib",
    "name" : "libboringssl.dylib"
  },
  {
    "source" : "P",
    "arch" : "arm64",
    "base" : 4520329216,
    "size" : 32768,
    "uuid" : "a1114a57-45ad-3b92-b9ef-f70fdb67e08b",
    "path" : "\/Volumes\/VOLUME\/*\/libcupolicy.dylib",
    "name" : "libcupolicy.dylib"
  },
  {
    "source" : "P",
    "arch" : "arm64",
    "base" : 4714725376,
    "size" : 278528,
    "uuid" : "a95474b4-7c61-3624-ba07-30444a336ac1",
    "path" : "\/Volumes\/VOLUME\/*\/libnetworkextension.dylib",
    "name" : "libnetworkextension.dylib"
  },
  {
    "source" : "P",
    "arch" : "arm64",
    "base" : 4863836160,
    "CFBundleShortVersionString" : "1.0",
    "CFBundleIdentifier" : "com.apple.NetworkExtension",
    "size" : 2850816,
    "uuid" : "cac1760f-43bc-3641-96d2-287d061fc57a",
    "path" : "\/Volumes\/VOLUME\/*\/NetworkExtension.framework\/NetworkExtension",
    "name" : "NetworkExtension",
    "CFBundleVersion" : "1"
  },
  {
    "source" : "P",
    "arch" : "arm64",
    "base" : 4858658816,
    "size" : 901120,
    "uuid" : "b1ded2da-10cc-3669-b93b-42fb9b121b38",
    "path" : "\/Volumes\/VOLUME\/*\/libquic.dylib",
    "name" : "libquic.dylib"
  },
  {
    "source" : "P",
    "arch" : "arm64",
    "base" : 4850171904,
    "size" : 442368,
    "uuid" : "f3d7cfb2-749b-3e5d-bb0d-30db6394a78d",
    "path" : "\/Volumes\/VOLUME\/*\/libusrtcp.dylib",
    "name" : "libusrtcp.dylib"
  },
  {
    "source" : "P",
    "arch" : "arm64",
    "base" : 4522835968,
    "size" : 98304,
    "uuid" : "6100d608-7225-3f28-acb0-08910d38015b",
    "path" : "\/Volumes\/VOLUME\/*\/libapple_nghttp2.dylib",
    "name" : "libapple_nghttp2.dylib"
  },
  {
    "source" : "P",
    "arch" : "arm64",
    "base" : 4674502656,
    "size" : 65536,
    "uuid" : "95c9d6e9-9db3-3036-9573-fd45580f28fb",
    "path" : "\/Volumes\/VOLUME\/*\/libz.1.dylib",
    "name" : "libz.1.dylib"
  },
  {
    "source" : "P",
    "arch" : "arm64",
    "base" : 4676222976,
    "CFBundleShortVersionString" : "1.1.0",
    "CFBundleIdentifier" : "com.apple.AtomicsInternal",
    "size" : 65536,
    "uuid" : "b1234974-3b34-3464-856d-fbdcc2daafc0",
    "path" : "\/Volumes\/VOLUME\/*\/AtomicsInternal.framework\/AtomicsInternal",
    "name" : "AtomicsInternal",
    "CFBundleVersion" : "5026.5.5"
  },
  {
    "source" : "P",
    "arch" : "arm64",
    "base" : 4859904000,
    "CFBundleShortVersionString" : "1.0",
    "CFBundleIdentifier" : "com.apple.InternalSwiftProtobuf",
    "size" : 983040,
    "uuid" : "4c8f8d3b-7911-3940-a7a2-ffd9c61b3083",
    "path" : "\/Volumes\/VOLUME\/*\/InternalSwiftProtobuf.framework\/InternalSwiftProtobuf",
    "name" : "InternalSwiftProtobuf",
    "CFBundleVersion" : "1.26.0"
  },
  {
    "source" : "P",
    "arch" : "arm64",
    "base" : 4698783744,
    "size" : 65536,
    "uuid" : "d3c1c414-652c-3423-a60f-f78f3d9d56c8",
    "path" : "\/Volumes\/VOLUME\/*\/libswiftDistributed.dylib",
    "name" : "libswiftDistributed.dylib"
  },
  {
    "source" : "P",
    "arch" : "arm64",
    "base" : 4715216896,
    "size" : 65536,
    "uuid" : "d8296875-a587-3665-b27f-6c2143b8f126",
    "path" : "\/Volumes\/VOLUME\/*\/libswiftObservation.dylib",
    "name" : "libswiftObservation.dylib"
  },
  {
    "source" : "P",
    "arch" : "arm64",
    "base" : 4843847680,
    "size" : 81920,
    "uuid" : "5bbe41de-a274-3e1f-9162-b21fedc5a2e7",
    "path" : "\/Volumes\/VOLUME\/*\/libswiftSynchronization.dylib",
    "name" : "libswiftSynchronization.dylib"
  },
  {
    "source" : "P",
    "arch" : "arm64",
    "base" : 4853006336,
    "CFBundleShortVersionString" : "1.0",
    "CFBundleIdentifier" : "com.apple.DuetActivityScheduler",
    "size" : 360448,
    "uuid" : "6cc0b760-4955-3f74-b826-1eed78e2c653",
    "path" : "\/Volumes\/VOLUME\/*\/DuetActivityScheduler.framework\/DuetActivityScheduler",
    "name" : "DuetActivityScheduler",
    "CFBundleVersion" : "1"
  },
  {
    "source" : "P",
    "arch" : "arm64",
    "base" : 4861591552,
    "CFBundleShortVersionString" : "1.0",
    "CFBundleIdentifier" : "com.apple.private.NanoRegistry",
    "size" : 442368,
    "uuid" : "3768e028-105c-3305-97c2-8ab2033bb507",
    "path" : "\/Volumes\/VOLUME\/*\/NanoRegistry.framework\/NanoRegistry",
    "name" : "NanoRegistry",
    "CFBundleVersion" : "1"
  },
  {
    "source" : "P",
    "arch" : "arm64",
    "base" : 4844093440,
    "CFBundleShortVersionString" : "1.0",
    "CFBundleIdentifier" : "com.apple.AppConduit",
    "size" : 180224,
    "uuid" : "c636b6e2-8d77-374d-9d76-458f70fa276a",
    "path" : "\/Volumes\/VOLUME\/*\/AppConduit.framework\/AppConduit",
    "name" : "AppConduit",
    "CFBundleVersion" : "1"
  },
  {
    "source" : "P",
    "arch" : "arm64",
    "base" : 4519821312,
    "CFBundleShortVersionString" : "1.0",
    "CFBundleIdentifier" : "com.apple.AggregateDictionary",
    "size" : 16384,
    "uuid" : "0ed507a0-73a4-3093-80fb-883e80d001f9",
    "path" : "\/Volumes\/VOLUME\/*\/AggregateDictionary.framework\/AggregateDictionary",
    "name" : "AggregateDictionary",
    "CFBundleVersion" : "1"
  },
  {
    "source" : "P",
    "arch" : "arm64",
    "base" : 4862590976,
    "CFBundleShortVersionString" : "1.0",
    "CFBundleIdentifier" : "com.apple.coreduetcontext",
    "size" : 327680,
    "uuid" : "53d6d3ec-e3e7-3312-bcbe-15bdf349d193",
    "path" : "\/Volumes\/VOLUME\/*\/CoreDuetContext.framework\/CoreDuetContext",
    "name" : "CoreDuetContext",
    "CFBundleVersion" : "1"
  },
  {
    "source" : "P",
    "arch" : "arm64",
    "base" : 4698554368,
    "CFBundleShortVersionString" : "1.0",
    "CFBundleIdentifier" : "com.apple.datamigration",
    "size" : 65536,
    "uuid" : "f12225ad-0121-3ae8-b94a-c97f9643390c",
    "path" : "\/Volumes\/VOLUME\/*\/DataMigration.framework\/DataMigration",
    "name" : "DataMigration",
    "CFBundleVersion" : "1.0"
  },
  {
    "source" : "P",
    "arch" : "arm64",
    "base" : 4886069248,
    "CFBundleIdentifier" : "com.apple.BiomeLibrary",
    "size" : 8617984,
    "uuid" : "4a749063-e112-3444-bd7a-22261c9be479",
    "path" : "\/Volumes\/VOLUME\/*\/BiomeLibrary.framework\/BiomeLibrary",
    "name" : "BiomeLibrary",
    "CFBundleVersion" : "274.57"
  },
  {
    "source" : "P",
    "arch" : "arm64",
    "base" : 4873371648,
    "CFBundleShortVersionString" : "1.0",
    "CFBundleIdentifier" : "com.apple.CoreDuet",
    "size" : 2097152,
    "uuid" : "ea79bfde-3ef1-3199-b2c4-283f476c40c4",
    "path" : "\/Volumes\/VOLUME\/*\/CoreDuet.framework\/CoreDuet",
    "name" : "CoreDuet",
    "CFBundleVersion" : "1"
  },
  {
    "source" : "P",
    "arch" : "arm64",
    "base" : 4914593792,
    "CFBundleShortVersionString" : "1.0",
    "CFBundleIdentifier" : "com.apple.biome.BiomeStreams",
    "size" : 5357568,
    "uuid" : "3cc01903-c85d-3e6f-9548-6643e4baf851",
    "path" : "\/Volumes\/VOLUME\/*\/BiomeStreams.framework\/BiomeStreams",
    "name" : "BiomeStreams",
    "CFBundleVersion" : "209.18"
  },
  {
    "source" : "P",
    "arch" : "arm64",
    "base" : 4869029888,
    "CFBundleShortVersionString" : "1.0",
    "CFBundleIdentifier" : "com.apple.biome.BiomeFoundation",
    "size" : 327680,
    "uuid" : "39ee6d18-6c1f-3862-a337-98f03a4545c5",
    "path" : "\/Volumes\/VOLUME\/*\/BiomeFoundation.framework\/BiomeFoundation",
    "name" : "BiomeFoundation",
    "CFBundleVersion" : "209.18"
  },
  {
    "source" : "P",
    "arch" : "arm64",
    "base" : 4869767168,
    "CFBundleShortVersionString" : "1.0",
    "CFBundleIdentifier" : "com.apple.biome.BiomePubSub",
    "size" : 360448,
    "uuid" : "8d3bb3ad-999e-385c-8049-c473504c505d",
    "path" : "\/Volumes\/VOLUME\/*\/BiomePubSub.framework\/BiomePubSub",
    "name" : "BiomePubSub",
    "CFBundleVersion" : "209.18"
  },
  {
    "source" : "P",
    "arch" : "arm64",
    "base" : 4717477888,
    "size" : 131072,
    "uuid" : "3345e05b-95ba-3b4d-a854-5a008433dd58",
    "path" : "\/Volumes\/VOLUME\/*\/liblzma.5.dylib",
    "name" : "liblzma.5.dylib"
  },
  {
    "source" : "P",
    "arch" : "arm64",
    "base" : 4844699648,
    "CFBundleShortVersionString" : "1.0",
    "CFBundleIdentifier" : "com.apple.NanoPreferencesSync",
    "size" : 81920,
    "uuid" : "8396a331-3c69-3007-b913-0deb5315d5b8",
    "path" : "\/Volumes\/VOLUME\/*\/NanoPreferencesSync.framework\/NanoPreferencesSync",
    "name" : "NanoPreferencesSync",
    "CFBundleVersion" : "1"
  },
  {
    "source" : "P",
    "arch" : "arm64",
    "base" : 4854382592,
    "CFBundleShortVersionString" : "2.0",
    "CFBundleIdentifier" : "com.apple.MobileInstallation",
    "size" : 262144,
    "uuid" : "34784e13-a132-3be7-81cd-35e98e3239d3",
    "path" : "\/Volumes\/VOLUME\/*\/MobileInstallation.framework\/MobileInstallation",
    "name" : "MobileInstallation",
    "CFBundleVersion" : "1.0"
  },
  {
    "source" : "P",
    "arch" : "arm64",
    "base" : 4853841920,
    "CFBundleShortVersionString" : "1.0",
    "CFBundleIdentifier" : "com.apple.PairedDeviceRegistry",
    "size" : 163840,
    "uuid" : "b7fc181e-3db9-3b1e-8007-33744d5fe107",
    "path" : "\/Volumes\/VOLUME\/*\/PairedDeviceRegistry.framework\/PairedDeviceRegistry",
    "name" : "PairedDeviceRegistry",
    "CFBundleVersion" : "1"
  },
  {
    "source" : "P",
    "arch" : "arm64",
    "base" : 4674617344,
    "size" : 32768,
    "uuid" : "436792f8-84e1-3128-8ee1-2f5489944487",
    "path" : "\/Volumes\/VOLUME\/*\/libswiftCompression.dylib",
    "name" : "libswiftCompression.dylib"
  },
  {
    "source" : "P",
    "arch" : "arm64",
    "base" : 4871421952,
    "CFBundleShortVersionString" : "14.0",
    "CFBundleIdentifier" : "com.apple.bom",
    "size" : 458752,
    "uuid" : "66688700-4efd-3f16-9634-f37aef57374b",
    "path" : "\/Volumes\/VOLUME\/*\/Bom.framework\/Bom",
    "name" : "Bom",
    "CFBundleVersion" : "277"
  },
  {
    "source" : "P",
    "arch" : "arm64",
    "base" : 4877713408,
    "CFBundleShortVersionString" : "494",
    "CFBundleIdentifier" : "com.apple.IconFoundation",
    "size" : 376832,
    "uuid" : "d9e43c3d-0e1f-32b8-8765-d65e1515d215",
    "path" : "\/Volumes\/VOLUME\/*\/IconFoundation.framework\/IconFoundation",
    "name" : "IconFoundation",
    "CFBundleVersion" : "494"
  },
  {
    "source" : "P",
    "arch" : "arm64",
    "base" : 4717674496,
    "size" : 49152,
    "uuid" : "9ed5059a-b841-32f1-a400-8e9f271495bf",
    "path" : "\/Volumes\/VOLUME\/*\/libbz2.1.0.dylib",
    "name" : "libbz2.1.0.dylib"
  },
  {
    "source" : "P",
    "arch" : "arm64",
    "base" : 4872093696,
    "size" : 425984,
    "uuid" : "0a4fb0f9-6e92-3f71-98f2-2f728fe254a3",
    "path" : "\/Volumes\/VOLUME\/*\/libParallelCompression.dylib",
    "name" : "libParallelCompression.dylib"
  },
  {
    "source" : "P",
    "arch" : "arm64",
    "base" : 4879351808,
    "size" : 622592,
    "uuid" : "0f428694-62d5-34f7-b68c-d69167bf2018",
    "path" : "\/Volumes\/VOLUME\/*\/libAppleArchive.dylib",
    "name" : "libAppleArchive.dylib"
  },
  {
    "source" : "P",
    "arch" : "arm64",
    "base" : 4522082304,
    "size" : 32768,
    "uuid" : "e79ffd8e-88ef-364a-a6ee-e3aa898f064b",
    "path" : "\/Volumes\/VOLUME\/*\/libiconv.2.dylib",
    "name" : "libiconv.2.dylib"
  },
  {
    "source" : "P",
    "arch" : "arm64",
    "base" : 4521984000,
    "size" : 16384,
    "uuid" : "6658215e-301a-3204-a60c-0f70f5d582df",
    "path" : "\/Volumes\/VOLUME\/*\/libcharset.1.dylib",
    "name" : "libcharset.1.dylib"
  },
  {
    "source" : "P",
    "arch" : "arm64",
    "base" : 4880171008,
    "CFBundleShortVersionString" : "1.0",
    "CFBundleIdentifier" : "com.apple.cocoa.IconRendering",
    "size" : 425984,
    "uuid" : "10460c2f-185d-38f9-b2be-55f584474a35",
    "path" : "\/Volumes\/VOLUME\/*\/IconRendering.framework\/IconRendering",
    "name" : "IconRendering",
    "CFBundleVersion" : "92.2"
  },
  {
    "source" : "P",
    "arch" : "arm64",
    "base" : 4883169280,
    "CFBundleShortVersionString" : "1",
    "CFBundleIdentifier" : "com.apple.SFSymbolsFramework",
    "size" : 540672,
    "uuid" : "819c4526-167c-31a0-9d92-4ba2e1b6f6cf",
    "path" : "\/Volumes\/VOLUME\/*\/SFSymbols.framework\/SFSymbols",
    "name" : "SFSymbols",
    "CFBundleVersion" : "190.4.0.1"
  },
  {
    "source" : "P",
    "arch" : "arm64",
    "base" : 4905680896,
    "CFBundleShortVersionString" : "1.0",
    "CFBundleIdentifier" : "com.apple.CoreUI",
    "size" : 1228800,
    "uuid" : "3e3d5876-25c1-301b-9951-0171503980fb",
    "path" : "\/Volumes\/VOLUME\/*\/CoreUI.framework\/CoreUI",
    "name" : "CoreUI",
    "CFBundleVersion" : "975"
  },
  {
    "source" : "P",
    "arch" : "arm64",
    "base" : 4934500352,
    "CFBundleShortVersionString" : "19.0.0",
    "CFBundleIdentifier" : "com.apple.CoreImage",
    "size" : 4833280,
    "uuid" : "cb5d4257-a9da-3c24-a892-4b53c6c04279",
    "path" : "\/Volumes\/VOLUME\/*\/CoreImage.framework\/CoreImage",
    "name" : "CoreImage",
    "CFBundleVersion" : "1592.120.2"
  },
  {
    "source" : "P",
    "arch" : "arm64",
    "base" : 4846043136,
    "CFBundleShortVersionString" : "23.40.26",
    "CFBundleIdentifier" : "com.apple.dt.DeveloperToolsSupport",
    "size" : 81920,
    "uuid" : "c39a6a22-0195-3f82-b00a-4e5266fe59a9",
    "path" : "\/Volumes\/VOLUME\/*\/DeveloperToolsSupport.framework\/DeveloperToolsSupport",
    "name" : "DeveloperToolsSupport",
    "CFBundleVersion" : "23.40.26"
  },
  {
    "source" : "P",
    "arch" : "arm64",
    "base" : 4910989312,
    "CFBundleShortVersionString" : "7.4.25",
    "CFBundleIdentifier" : "com.apple.RenderBox",
    "size" : 1490944,
    "uuid" : "208cb2c6-a896-3bc7-9742-ab21e55b5b4c",
    "path" : "\/Volumes\/VOLUME\/*\/RenderBox.framework\/RenderBox",
    "name" : "RenderBox",
    "CFBundleVersion" : "7.4.25"
  },
  {
    "source" : "P",
    "arch" : "arm64",
    "base" : 4870750208,
    "CFBundleShortVersionString" : "1.0",
    "CFBundleIdentifier" : "com.apple.CoreSVG",
    "size" : 229376,
    "uuid" : "07af424f-05af-3d53-b64d-f4dbf15965bb",
    "path" : "\/Volumes\/VOLUME\/*\/CoreSVG.framework\/CoreSVG",
    "name" : "CoreSVG",
    "CFBundleVersion" : "341"
  },
  {
    "source" : "P",
    "arch" : "arm64",
    "base" : 4880957440,
    "CFBundleShortVersionString" : "3.10.12",
    "CFBundleIdentifier" : "com.apple.TextureIO",
    "size" : 622592,
    "uuid" : "552b33a5-1d90-3cc6-9440-3c439a08e5cb",
    "path" : "\/Volumes\/VOLUME\/*\/TextureIO.framework\/TextureIO",
    "name" : "TextureIO",
    "CFBundleVersion" : "3.10.12"
  },
  {
    "source" : "P",
    "arch" : "arm64",
    "base" : 4908253184,
    "CFBundleShortVersionString" : "4.13.0",
    "CFBundleIdentifier" : "com.apple.ColorSync",
    "size" : 1589248,
    "uuid" : "c13a197d-40e1-3553-94a5-0ff3488ee530",
    "path" : "\/Volumes\/VOLUME\/*\/ColorSync.framework\/ColorSync",
    "name" : "ColorSync",
    "CFBundleVersion" : "3813.5.1"
  },
  {
    "source" : "P",
    "arch" : "arm64",
    "base" : 4846256128,
    "CFBundleShortVersionString" : "23.1.1",
    "CFBundleIdentifier" : "com.apple.opengles",
    "size" : 65536,
    "uuid" : "3c12d848-bcc8-3b4c-a930-06aec2473400",
    "path" : "\/Volumes\/VOLUME\/*\/OpenGLES.framework\/OpenGLES",
    "name" : "OpenGLES",
    "CFBundleVersion" : "23.1.1"
  },
  {
    "source" : "P",
    "arch" : "arm64",
    "base" : 4673388544,
    "CFBundleShortVersionString" : "1.0",
    "CFBundleIdentifier" : "com.apple.MetalPerformanceShaders.MetalPerformanceShaders",
    "size" : 16384,
    "uuid" : "61b163ae-1acb-3312-a40c-29ca734d2a04",
    "path" : "\/Volumes\/VOLUME\/*\/MetalPerformanceShaders.framework\/MetalPerformanceShaders",
    "name" : "MetalPerformanceShaders",
    "CFBundleVersion" : "1"
  },
  {
    "source" : "P",
    "arch" : "arm64",
    "base" : 4850761728,
    "CFBundleShortVersionString" : "1.0",
    "CFBundleIdentifier" : "com.apple.GraphVisualizer",
    "size" : 65536,
    "uuid" : "9864fca7-0668-3b53-944f-f3089bbe97a4",
    "path" : "\/Volumes\/VOLUME\/*\/GraphVisualizer.framework\/GraphVisualizer",
    "name" : "GraphVisualizer",
    "CFBundleVersion" : "307"
  },
  {
    "source" : "P",
    "arch" : "arm64",
    "base" : 4942692352,
    "CFBundleShortVersionString" : "1.0",
    "CFBundleIdentifier" : "com.apple.VideoToolbox",
    "size" : 4816896,
    "uuid" : "18cfa6e5-f151-326e-8ed4-b69c57d47a3e",
    "path" : "\/Volumes\/VOLUME\/*\/VideoToolbox.framework\/VideoToolbox",
    "name" : "VideoToolbox",
    "CFBundleVersion" : "3320.8.1.1"
  },
  {
    "source" : "P",
    "arch" : "arm64",
    "base" : 4872683520,
    "CFBundleShortVersionString" : "1.0",
    "CFBundleIdentifier" : "com.apple.AppleJPEG",
    "size" : 278528,
    "uuid" : "87b4ff35-0f75-3b2d-bfb0-19a3d4789ccd",
    "path" : "\/Volumes\/VOLUME\/*\/AppleJPEG.framework\/AppleJPEG",
    "name" : "AppleJPEG",
    "CFBundleVersion" : "1"
  },
  {
    "source" : "P",
    "arch" : "arm64",
    "base" : 4863344640,
    "size" : 114688,
    "uuid" : "87229499-3658-3dc7-acc0-c801ca584353",
    "path" : "\/Volumes\/VOLUME\/*\/libexpat.1.dylib",
    "name" : "libexpat.1.dylib"
  },
  {
    "source" : "P",
    "arch" : "arm64",
    "base" : 4881776640,
    "size" : 557056,
    "uuid" : "b376feaf-79b3-36d6-a323-24d38fa42cd0",
    "path" : "\/Volumes\/VOLUME\/*\/libate.dylib",
    "name" : "libate.dylib"
  },
  {
    "source" : "P",
    "arch" : "arm64",
    "base" : 4948639744,
    "size" : 2719744,
    "uuid" : "fc371824-605c-3fef-a834-2f93ba870139",
    "path" : "\/Volumes\/VOLUME\/*\/FontServices.framework\/libFontParser.dylib",
    "name" : "libFontParser.dylib"
  },
  {
    "source" : "P",
    "arch" : "arm64",
    "base" : 4878876672,
    "size" : 114688,
    "uuid" : "2c742cf4-4a39-3f81-a906-785ace4dbe28",
    "path" : "\/Volumes\/VOLUME\/*\/libhvf.dylib",
    "name" : "libhvf.dylib"
  },
  {
    "source" : "P",
    "arch" : "arm64",
    "base" : 4904239104,
    "CFBundleShortVersionString" : "0.0.1",
    "CFBundleIdentifier" : "com.apple.ParsingInternal",
    "size" : 884736,
    "uuid" : "a481b606-b9f5-3604-b53a-2d7845906c58",
    "path" : "\/Volumes\/VOLUME\/*\/ParsingInternal.framework\/ParsingInternal",
    "name" : "ParsingInternal",
    "CFBundleVersion" : "5026.5.5"
  },
  {
    "source" : "P",
    "arch" : "arm64",
    "base" : 4873076736,
    "CFBundleShortVersionString" : "1.0",
    "CFBundleIdentifier" : "com.apple.applesauce",
    "size" : 147456,
    "uuid" : "5e39b5b7-e3e8-368a-967d-1f9805e1b4c0",
    "path" : "\/Volumes\/VOLUME\/*\/AppleSauce.framework\/AppleSauce",
    "name" : "AppleSauce"
  },
  {
    "source" : "P",
    "arch" : "arm64",
    "base" : 4952834048,
    "CFBundleShortVersionString" : "8.1",
    "CFBundleIdentifier" : "com.apple.vImage",
    "size" : 3850240,
    "uuid" : "b781652e-4892-34c1-9f0e-10dd4aaee111",
    "path" : "\/Volumes\/VOLUME\/*\/Accelerate.framework\/Frameworks\/vImage.framework\/vImage",
    "name" : "vImage"
  },
  {
    "source" : "P",
    "arch" : "arm64",
    "base" : 4355325952,
    "CFBundleShortVersionString" : "3.11",
    "CFBundleIdentifier" : "com.apple.Accelerate.vecLib",
    "size" : 16384,
    "uuid" : "eec2cb2a-5e39-305f-8ab6-453744ff51b2",
    "path" : "\/Volumes\/VOLUME\/*\/Accelerate.framework\/Frameworks\/vecLib.framework\/vecLib",
    "name" : "vecLib",
    "CFBundleVersion" : "vecLib 3.11"
  },
  {
    "source" : "P",
    "arch" : "arm64",
    "base" : 4885381120,
    "size" : 376832,
    "uuid" : "38326696-c379-3b0e-ae95-60542ba1c2cb",
    "path" : "\/Volumes\/VOLUME\/*\/Accelerate.framework\/Frameworks\/vecLib.framework\/libvMisc.dylib",
    "name" : "libvMisc.dylib"
  },
  {
    "source" : "P",
    "arch" : "arm64",
    "base" : 4928356352,
    "size" : 1867776,
    "uuid" : "1ac04688-4830-31df-b1e5-1251da9d184a",
    "path" : "\/Volumes\/VOLUME\/*\/Accelerate.framework\/Frameworks\/vecLib.framework\/libBLAS.dylib",
    "name" : "libBLAS.dylib"
  },
  {
    "source" : "P",
    "arch" : "arm64",
    "base" : 4850941952,
    "CFBundleShortVersionString" : "1.0",
    "CFBundleIdentifier" : "com.apple.FramePacing",
    "size" : 49152,
    "uuid" : "49bf682c-c61a-35c1-a158-99dab5c0bb54",
    "path" : "\/Volumes\/VOLUME\/*\/FramePacing.framework\/FramePacing",
    "name" : "FramePacing",
    "CFBundleVersion" : "1"
  },
  {
    "source" : "P",
    "arch" : "arm64",
    "base" : 4717789184,
    "size" : 32768,
    "uuid" : "b2cce0a8-8ade-314e-9a0d-b1791c38d09f",
    "path" : "\/Volumes\/VOLUME\/*\/OpenGLES.framework\/libCoreFSCache.dylib",
    "name" : "libCoreFSCache.dylib"
  },
  {
    "source" : "P",
    "arch" : "arm64",
    "base" : 4903108608,
    "size" : 262144,
    "uuid" : "5e58cbb4-eb52-3588-9568-10853aec561c",
    "path" : "\/Volumes\/VOLUME\/*\/libllvm-flatbuffers.dylib",
    "name" : "libllvm-flatbuffers.dylib"
  },
  {
    "source" : "P",
    "arch" : "arm64",
    "base" : 4844486656,
    "size" : 32768,
    "uuid" : "800fc657-e57b-3907-9d36-7eee87695a38",
    "path" : "\/Volumes\/VOLUME\/*\/GPUCompiler.framework\/Libraries\/libGPUCompilerUtils.dylib",
    "name" : "libGPUCompilerUtils.dylib"
  },
  {
    "source" : "P",
    "arch" : "arm64",
    "base" : 4871208960,
    "size" : 49152,
    "uuid" : "ae7f86ce-a1c3-3689-b3ce-0c64947f3399",
    "path" : "\/Volumes\/VOLUME\/*\/OpenGLES.framework\/libGFXShared.dylib",
    "name" : "libGFXShared.dylib"
  },
  {
    "source" : "P",
    "arch" : "arm64",
    "base" : 4882432000,
    "size" : 245760,
    "uuid" : "09bddc43-7a19-3574-a60d-f70744c94a88",
    "path" : "\/Volumes\/VOLUME\/*\/OpenGLES.framework\/libGLImage.dylib",
    "name" : "libGLImage.dylib"
  },
  {
    "source" : "P",
    "arch" : "arm64",
    "base" : 4844568576,
    "size" : 16384,
    "uuid" : "c0c75ea7-580a-3954-96c1-6bd07f6556f7",
    "path" : "\/Volumes\/VOLUME\/*\/OpenGLES.framework\/libCVMSPluginSupport.dylib",
    "name" : "libCVMSPluginSupport.dylib"
  },
  {
    "source" : "P",
    "arch" : "arm64",
    "base" : 4927324160,
    "size" : 884736,
    "uuid" : "79b82d12-8af9-3952-8cb6-553300a44e6d",
    "path" : "\/Volumes\/VOLUME\/*\/Accelerate.framework\/Frameworks\/vecLib.framework\/libvDSP.dylib",
    "name" : "libvDSP.dylib"
  },
  {
    "source" : "P",
    "arch" : "arm64",
    "base" : 4973854720,
    "size" : 15712256,
    "uuid" : "a0307ce7-d8c4-3922-bd3e-5e93b30de384",
    "path" : "\/Volumes\/VOLUME\/*\/Accelerate.framework\/Frameworks\/vecLib.framework\/libLAPACK.dylib",
    "name" : "libLAPACK.dylib"
  },
  {
    "source" : "P",
    "arch" : "arm64",
    "base" : 4878696448,
    "size" : 81920,
    "uuid" : "c9a491df-6b52-3f80-908f-51bed4497489",
    "path" : "\/Volumes\/VOLUME\/*\/Accelerate.framework\/Frameworks\/vecLib.framework\/libLinearAlgebra.dylib",
    "name" : "libLinearAlgebra.dylib"
  },
  {
    "source" : "P",
    "arch" : "arm64",
    "base" : 4903485440,
    "size" : 163840,
    "uuid" : "441afa55-ac6c-356e-b4e0-fb45fc06a5c4",
    "path" : "\/Volumes\/VOLUME\/*\/Accelerate.framework\/Frameworks\/vecLib.framework\/libSparseBLAS.dylib",
    "name" : "libSparseBLAS.dylib"
  },
  {
    "source" : "P",
    "arch" : "arm64",
    "base" : 4846419968,
    "size" : 32768,
    "uuid" : "cd2c1865-4a2c-3cec-a18f-65f31b401d64",
    "path" : "\/Volumes\/VOLUME\/*\/Accelerate.framework\/Frameworks\/vecLib.framework\/libQuadrature.dylib",
    "name" : "libQuadrature.dylib"
  },
  {
    "source" : "P",
    "arch" : "arm64",
    "base" : 4990582784,
    "size" : 8896512,
    "uuid" : "e7c77a77-5e3d-30e9-8ef4-525a5d42ecad",
    "path" : "\/Volumes\/VOLUME\/*\/Accelerate.framework\/Frameworks\/vecLib.framework\/libBNNS.dylib",
    "name" : "libBNNS.dylib"
  },
  {
    "source" : "P",
    "arch" : "arm64",
    "base" : 4932042752,
    "size" : 1474560,
    "uuid" : "31390263-73e7-304b-b2e7-e86f3889f9c7",
    "path" : "\/Volumes\/VOLUME\/*\/Accelerate.framework\/Frameworks\/vecLib.framework\/libSparse.dylib",
    "name" : "libSparse.dylib"
  },
  {
    "source" : "P",
    "arch" : "arm64",
    "base" : 5000151040,
    "CFBundleShortVersionString" : "3520.4",
    "CFBundleIdentifier" : "com.apple.MIL",
    "size" : 7012352,
    "uuid" : "bb194719-272b-38df-a914-4c12ff180bab",
    "path" : "\/Volumes\/VOLUME\/*\/MIL.framework\/MIL",
    "name" : "MIL",
    "CFBundleVersion" : "3520.4.1"
  },
  {
    "source" : "P",
    "arch" : "arm64",
    "base" : 4957126656,
    "CFBundleShortVersionString" : "113",
    "CFBundleIdentifier" : "com.apple.Accounts",
    "size" : 507904,
    "uuid" : "7d16e7b4-ddb7-3fa8-b574-c18948b32b7d",
    "path" : "\/Volumes\/VOLUME\/*\/Accounts.framework\/Accounts",
    "name" : "Accounts",
    "CFBundleVersion" : "113"
  },
  {
    "source" : "P",
    "arch" : "arm64",
    "base" : 4913725440,
    "CFBundleShortVersionString" : "1.0.0",
    "CFBundleIdentifier" : "com.apple.AppSupport",
    "size" : 278528,
    "uuid" : "bfded03a-07d9-3892-b1ed-cb6133fb9763",
    "path" : "\/Volumes\/VOLUME\/*\/AppSupport.framework\/AppSupport",
    "name" : "AppSupport",
    "CFBundleVersion" : "29"
  },
  {
    "source" : "P",
    "arch" : "arm64",
    "base" : 4926324736,
    "CFBundleShortVersionString" : "10.0",
    "CFBundleIdentifier" : "com.apple.facetimeservices",
    "size" : 344064,
    "uuid" : "3c2844a5-9f94-3755-9091-12cfbc86ef67",
    "path" : "\/Volumes\/VOLUME\/*\/FTServices.framework\/FTServices",
    "name" : "FTServices",
    "CFBundleVersion" : "1000"
  },
  {
    "source" : "P",
    "arch" : "arm64",
    "base" : 4903747584,
    "CFBundleShortVersionString" : "4.0",
    "CFBundleIdentifier" : "com.apple.GSS",
    "size" : 196608,
    "uuid" : "ba996252-0c71-3efa-a7f4-dfa92f9e61da",
    "path" : "\/Volumes\/VOLUME\/*\/GSS.framework\/GSS",
    "name" : "GSS",
    "CFBundleVersion" : "2.0"
  },
  {
    "source" : "P",
    "arch" : "arm64",
    "base" : 4930387968,
    "CFBundleShortVersionString" : "4.0",
    "CFBundleIdentifier" : "com.apple.Heimdal",
    "size" : 475136,
    "uuid" : "a58e4a04-8042-30f5-9e13-95ebb379e650",
    "path" : "\/Volumes\/VOLUME\/*\/Heimdal.framework\/Heimdal",
    "name" : "Heimdal",
    "CFBundleVersion" : "2.0"
  },
  {
    "source" : "P",
    "arch" : "arm64",
    "base" : 5012684800,
    "CFBundleShortVersionString" : "1.0",
    "CFBundleIdentifier" : "com.apple.InternationalSupport",
    "size" : 3194880,
    "uuid" : "50e26b88-046e-34e3-b5a4-2ddaf08de56b",
    "path" : "\/Volumes\/VOLUME\/*\/InternationalSupport.framework\/InternationalSupport",
    "name" : "InternationalSupport",
    "CFBundleVersion" : "74"
  },
  {
    "source" : "P",
    "arch" : "arm64",
    "base" : 4958208000,
    "CFBundleShortVersionString" : "1.0",
    "CFBundleIdentifier" : "com.apple.NetworkServiceProxyFramework",
    "size" : 393216,
    "uuid" : "fddebaec-5d11-354e-9e64-a0a7f0cd501b",
    "path" : "\/Volumes\/VOLUME\/*\/NetworkServiceProxy.framework\/NetworkServiceProxy",
    "name" : "NetworkServiceProxy",
    "CFBundleVersion" : "1"
  },
  {
    "source" : "P",
    "arch" : "arm64",
    "base" : 4905385984,
    "CFBundleShortVersionString" : "1.0",
    "CFBundleIdentifier" : "com.apple.StreamingZip",
    "size" : 114688,
    "uuid" : "979a7c4d-48fe-3cdf-9cdf-a998830c97a2",
    "path" : "\/Volumes\/VOLUME\/*\/StreamingZip.framework\/StreamingZip",
    "name" : "StreamingZip",
    "CFBundleVersion" : "1"
  },
  {
    "source" : "P",
    "arch" : "arm64",
    "base" : 4965629952,
    "CFBundleShortVersionString" : "120",
    "CFBundleIdentifier" : "com.apple.CoreData",
    "size" : 3653632,
    "uuid" : "e932c246-1408-30cd-8df0-f6a8edf2e39c",
    "path" : "\/Volumes\/VOLUME\/*\/CoreData.framework\/CoreData",
    "name" : "CoreData",
    "CFBundleVersion" : "1526"
  },
  {
    "source" : "P",
    "arch" : "arm64",
    "base" : 4882759680,
    "CFBundleShortVersionString" : "1.0",
    "CFBundleIdentifier" : "com.apple.CorePhoneNumbers",
    "size" : 65536,
    "uuid" : "01b9c4ca-f2ab-37fb-81a6-3a01746aa95c",
    "path" : "\/Volumes\/VOLUME\/*\/CorePhoneNumbers.framework\/CorePhoneNumbers",
    "name" : "CorePhoneNumbers",
    "CFBundleVersion" : "1"
  },
  {
    "source" : "P",
    "arch" : "arm64",
    "base" : 4854267904,
    "size" : 16384,
    "uuid" : "1daff25b-fabf-3b86-ba98-f8e456e2da9c",
    "path" : "\/Volumes\/VOLUME\/*\/libCTGreenTeaLogger.dylib",
    "name" : "libCTGreenTeaLogger.dylib"
  },
  {
    "source" : "P",
    "arch" : "arm64",
    "base" : 5027921920,
    "CFBundleShortVersionString" : "1.0",
    "CFBundleIdentifier" : "com.apple.AppleAccount",
    "size" : 1916928,
    "uuid" : "f7040629-e024-328b-8f20-2c59fec076f4",
    "path" : "\/Volumes\/VOLUME\/*\/AppleAccount.framework\/AppleAccount",
    "name" : "AppleAccount",
    "CFBundleVersion" : "1.0"
  },
  {
    "source" : "P",
    "arch" : "arm64",
    "base" : 4960976896,
    "CFBundleShortVersionString" : "1.0",
    "CFBundleIdentifier" : "com.apple.SpringBoardServices",
    "size" : 704512,
    "uuid" : "8e7d0640-564d-35d4-b891-1715f577e40c",
    "path" : "\/Volumes\/VOLUME\/*\/SpringBoardServices.framework\/SpringBoardServices",
    "name" : "SpringBoardServices",
    "CFBundleVersion" : "1.0"
  },
  {
    "source" : "P",
    "arch" : "arm64",
    "base" : 4959092736,
    "CFBundleShortVersionString" : "1.0",
    "CFBundleIdentifier" : "com.apple.SetupAssistant",
    "size" : 360448,
    "uuid" : "49c3618f-c6a6-3762-8937-739dc2d31ab7",
    "path" : "\/Volumes\/VOLUME\/*\/SetupAssistant.framework\/SetupAssistant",
    "name" : "SetupAssistant",
    "CFBundleVersion" : "1"
  },
  {
    "source" : "P",
    "arch" : "arm64",
    "base" : 5034328064,
    "CFBundleShortVersionString" : "10.0",
    "CFBundleIdentifier" : "com.apple.ids",
    "size" : 2015232,
    "uuid" : "1404340a-d5f0-3f5d-ac4d-da617a244821",
    "path" : "\/Volumes\/VOLUME\/*\/IDS.framework\/IDS",
    "name" : "IDS",
    "CFBundleVersion" : "1000"
  },
  {
    "source" : "P",
    "arch" : "arm64",
    "base" : 4910596096,
    "CFBundleShortVersionString" : "1.0",
    "CFBundleIdentifier" : "com.apple.AAAFoundation",
    "size" : 131072,
    "uuid" : "628a7e63-8d42-3fb7-82f0-f2849c68e581",
    "path" : "\/Volumes\/VOLUME\/*\/AAAFoundation.framework\/AAAFoundation",
    "name" : "AAAFoundation",
    "CFBundleVersion" : "1"
  },
  {
    "source" : "P",
    "arch" : "arm64",
    "base" : 4931158016,
    "CFBundleShortVersionString" : "4.0",
    "CFBundleIdentifier" : "com.apple.aps.framework",
    "size" : 180224,
    "uuid" : "6a4bb4ed-c1e2-39f8-889a-447dcf87d969",
    "path" : "\/Volumes\/VOLUME\/*\/ApplePushService.framework\/ApplePushService",
    "name" : "ApplePushService",
    "CFBundleVersion" : "4.0"
  },
  {
    "source" : "P",
    "arch" : "arm64",
    "base" : 5041127424,
    "CFBundleShortVersionString" : "1.0",
    "CFBundleIdentifier" : "com.apple.AuthKit",
    "size" : 2064384,
    "uuid" : "38d24749-f2c7-3be6-9b2a-f0a9d93e3d7c",
    "path" : "\/Volumes\/VOLUME\/*\/AuthKit.framework\/AuthKit",
    "name" : "AuthKit",
    "CFBundleVersion" : "1"
  },
  {
    "source" : "P",
    "arch" : "arm64",
    "base" : 4959911936,
    "CFBundleShortVersionString" : "1.0",
    "CFBundleIdentifier" : "com.apple.AAAFoundationSwift",
    "size" : 360448,
    "uuid" : "8b0fa611-9b35-32b3-9aef-a9aa6ffa8fde",
    "path" : "\/Volumes\/VOLUME\/*\/AAAFoundationSwift.framework\/AAAFoundationSwift",
    "name" : "AAAFoundationSwift",
    "CFBundleVersion" : "1"
  },
  {
    "source" : "P",
    "arch" : "arm64",
    "base" : 4910219264,
    "CFBundleShortVersionString" : "1.0",
    "CFBundleIdentifier" : "com.apple.AppleIDSSOAuthentication",
    "size" : 65536,
    "uuid" : "6e22b159-4f4d-3de4-929c-e80bea8fa582",
    "path" : "\/Volumes\/VOLUME\/*\/AppleIDSSOAuthentication.framework\/AppleIDSSOAuthentication",
    "name" : "AppleIDSSOAuthentication",
    "CFBundleVersion" : "1"
  },
  {
    "source" : "P",
    "arch" : "arm64",
    "base" : 4962861056,
    "CFBundleShortVersionString" : "1.0",
    "CFBundleIdentifier" : "com.apple.devicemanagementclient.DMCEnrollmentLibrary",
    "size" : 278528,
    "uuid" : "18555ca2-348b-31d1-9eaa-7ed0f46352e4",
    "path" : "\/Volumes\/VOLUME\/*\/DMCEnrollmentLibrary.framework\/DMCEnrollmentLibrary",
    "name" : "DMCEnrollmentLibrary",
    "CFBundleVersion" : "1"
  },
  {
    "source" : "P",
    "arch" : "arm64",
    "base" : 4964237312,
    "CFBundleShortVersionString" : "1.0",
    "CFBundleIdentifier" : "com.apple.devicemanagementclient.DMCUtilities",
    "size" : 327680,
    "uuid" : "0c9dddd1-fe07-39a3-acf8-7ce71b9d91de",
    "path" : "\/Volumes\/VOLUME\/*\/DMCUtilities.framework\/DMCUtilities",
    "name" : "DMCUtilities",
    "CFBundleVersion" : "1"
  },
  {
    "source" : "P",
    "arch" : "arm64",
    "base" : 4914364416,
    "CFBundleShortVersionString" : "1.0",
    "CFBundleIdentifier" : "com.apple.FeatureFlagsSupport",
    "size" : 81920,
    "uuid" : "5947419d-365c-3517-8dde-3c6c5a82fd08",
    "path" : "\/Volumes\/VOLUME\/*\/FeatureFlagsSupport.framework\/FeatureFlagsSupport",
    "name" : "FeatureFlagsSupport",
    "CFBundleVersion" : "103"
  },
  {
    "source" : "P",
    "arch" : "arm64",
    "base" : 4963467264,
    "CFBundleShortVersionString" : "1.0",
    "CFBundleIdentifier" : "com.apple.devicemanagementclient.MDMClientLibrary",
    "size" : 196608,
    "uuid" : "f6ef8d80-7bcf-3f7e-a052-5ea0e06f2782",
    "path" : "\/Volumes\/VOLUME\/*\/MDMClientLibrary.framework\/MDMClientLibrary",
    "name" : "MDMClientLibrary",
    "CFBundleVersion" : "1"
  },
  {
    "source" : "P",
    "arch" : "arm64",
    "base" : 4885823488,
    "CFBundleShortVersionString" : "1.0",
    "CFBundleIdentifier" : "com.apple.devicemanagementclient.DEPClientLibrary",
    "size" : 49152,
    "uuid" : "7c49cc7b-0639-31c6-ad09-4384fd00eb57",
    "path" : "\/Volumes\/VOLUME\/*\/DEPClientLibrary.framework\/DEPClientLibrary",
    "name" : "DEPClientLibrary",
    "CFBundleVersion" : "1"
  },
  {
    "source" : "P",
    "arch" : "arm64",
    "base" : 5037375488,
    "CFBundleShortVersionString" : "1000.4.11",
    "CFBundleIdentifier" : "com.apple.FrontBoardServices",
    "size" : 835584,
    "uuid" : "e6e4db42-d8c1-3edf-a45a-c15655031659",
    "path" : "\/Volumes\/VOLUME\/*\/FrontBoardServices.framework\/FrontBoardServices",
    "name" : "FrontBoardServices",
    "CFBundleVersion" : "1000.4.11"
  },
  {
    "source" : "P",
    "arch" : "arm64",
    "base" : 5048139776,
    "CFBundleShortVersionString" : "97",
    "CFBundleIdentifier" : "com.apple.ExtensionFoundation",
    "size" : 1277952,
    "uuid" : "6f30865b-f3ca-32b7-b9be-3f6b848cdbc1",
    "path" : "\/Volumes\/VOLUME\/*\/ExtensionFoundation.framework\/ExtensionFoundation",
    "name" : "ExtensionFoundation",
    "CFBundleVersion" : "97"
  },
  {
    "source" : "P",
    "arch" : "arm64",
    "base" : 4926898176,
    "CFBundleShortVersionString" : "1.0",
    "CFBundleIdentifier" : "com.apple.xpc.AppServerSupport",
    "size" : 65536,
    "uuid" : "a49f3ab3-26b8-3830-9eb4-e7c2b1fd8c28",
    "path" : "\/Volumes\/VOLUME\/*\/AppServerSupport.framework\/AppServerSupport",
    "name" : "AppServerSupport",
    "CFBundleVersion" : "3102.120.13"
  },
  {
    "source" : "P",
    "arch" : "arm64",
    "base" : 5031313408,
    "CFBundleShortVersionString" : "1.0",
    "CFBundleIdentifier" : "com.apple.BoardServices",
    "size" : 540672,
    "uuid" : "81f6efde-df0d-38db-966e-3eec0b02de41",
    "path" : "\/Volumes\/VOLUME\/*\/BoardServices.framework\/BoardServices",
    "name" : "BoardServices",
    "CFBundleVersion" : "732.1.1"
  },
  {
    "source" : "P",
    "arch" : "arm64",
    "base" : 4933795840,
    "CFBundleIdentifier" : "com.apple.OSEligibility",
    "size" : 163840,
    "uuid" : "6ecacb84-4d97-354f-ad06-02983ea0e314",
    "path" : "\/Volumes\/VOLUME\/*\/OSEligibility.framework\/OSEligibility",
    "name" : "OSEligibility",
    "CFBundleVersion" : "319.122.4"
  },
  {
    "source" : "P",
    "arch" : "arm64",
    "base" : 5032296448,
    "CFBundleShortVersionString" : "494",
    "CFBundleIdentifier" : "com.apple.IconServices",
    "size" : 606208,
    "uuid" : "e87ab1e8-3ba0-3a75-b112-36407f8511a6",
    "path" : "\/Volumes\/VOLUME\/*\/IconServices.framework\/IconServices",
    "name" : "IconServices",
    "CFBundleVersion" : "494"
  },
  {
    "source" : "P",
    "arch" : "arm64",
    "base" : 4520427520,
    "CFBundleShortVersionString" : "1.0",
    "CFBundleIdentifier" : "com.apple.FeatureFlags",
    "size" : 16384,
    "uuid" : "7de1512e-94ce-3891-a98f-d7d7af0e7ef4",
    "path" : "\/Volumes\/VOLUME\/*\/FeatureFlags.framework\/FeatureFlags",
    "name" : "FeatureFlags",
    "CFBundleVersion" : "103"
  },
  {
    "source" : "P",
    "arch" : "arm64",
    "base" : 4934172672,
    "CFBundleShortVersionString" : "1.0",
    "CFBundleIdentifier" : "com.apple.TCC",
    "size" : 98304,
    "uuid" : "7d813155-8c9c-3f02-b5aa-234349c93ff6",
    "path" : "\/Volumes\/VOLUME\/*\/TCC.framework\/TCC",
    "name" : "TCC",
    "CFBundleVersion" : "1"
  },
  {
    "source" : "P",
    "arch" : "arm64",
    "base" : 4965007360,
    "CFBundleShortVersionString" : "1.0",
    "CFBundleIdentifier" : "com.apple.pluginkit.framework",
    "size" : 229376,
    "uuid" : "af9107a6-46f4-3971-95ba-32049b20263d",
    "path" : "\/Volumes\/VOLUME\/*\/PlugInKit.framework\/PlugInKit",
    "name" : "PlugInKit",
    "CFBundleVersion" : "1"
  },
  {
    "source" : "P",
    "arch" : "arm64",
    "base" : 4927078400,
    "CFBundleShortVersionString" : "1.0",
    "CFBundleIdentifier" : "com.apple.AssertionServices",
    "size" : 65536,
    "uuid" : "0d4cd8d7-361b-37c2-8121-21d6ad88305f",
    "path" : "\/Volumes\/VOLUME\/*\/AssertionServices.framework\/AssertionServices",
    "name" : "AssertionServices",
    "CFBundleVersion" : "1015.100.16"
  },
  {
    "source" : "P",
    "arch" : "arm64",
    "base" : 4697210880,
    "size" : 16384,
    "uuid" : "bfd2f2e4-789a-357a-b896-2a030964b767",
    "path" : "\/Volumes\/VOLUME\/*\/libswift_DarwinFoundation2.dylib",
    "name" : "libswift_DarwinFoundation2.dylib"
  },
  {
    "source" : "P",
    "arch" : "arm64",
    "base" : 4871340032,
    "size" : 16384,
    "uuid" : "3e409e5d-7b28-3cda-87ce-d9f8925611e9",
    "path" : "\/Volumes\/VOLUME\/*\/libswift_DarwinFoundation3.dylib",
    "name" : "libswift_DarwinFoundation3.dylib"
  },
  {
    "source" : "P",
    "arch" : "arm64",
    "base" : 4910399488,
    "CFBundleShortVersionString" : "1.0",
    "CFBundleIdentifier" : "com.apple.mobileicons.framework",
    "size" : 49152,
    "uuid" : "6fbac125-d8ee-36ce-8200-1833d1f6e844",
    "path" : "\/Volumes\/VOLUME\/*\/MobileIcons.framework\/MobileIcons",
    "name" : "MobileIcons",
    "CFBundleVersion" : "372.0"
  },
  {
    "source" : "P",
    "arch" : "arm64",
    "base" : 5057658880,
    "CFBundleShortVersionString" : "1.0",
    "CFBundleIdentifier" : "com.apple.AssistantServices",
    "size" : 2686976,
    "uuid" : "2c8b16bf-2fdf-320d-a653-aae3e9f4bccb",
    "path" : "\/Volumes\/VOLUME\/*\/AssistantServices.framework\/AssistantServices",
    "name" : "AssistantServices",
    "CFBundleVersion" : "1"
  },
  {
    "source" : "P",
    "arch" : "arm64",
    "base" : 5044879360,
    "CFBundleShortVersionString" : "1.0",
    "CFBundleIdentifier" : "com.apple.MobileAssets",
    "size" : 868352,
    "uuid" : "e463562c-cd65-3040-93fd-5e26d6f83d1e",
    "path" : "\/Volumes\/VOLUME\/*\/MobileAsset.framework\/MobileAsset",
    "name" : "MobileAsset",
    "CFBundleVersion" : "1837.122.1"
  },
  {
    "source" : "P",
    "arch" : "arm64",
    "base" : 5063884800,
    "size" : 491520,
    "uuid" : "babc8e8d-17bb-3971-bc2a-1a7ab6f3846b",
    "path" : "\/Volumes\/VOLUME\/*\/FontServices.framework\/libGSFontCache.dylib",
    "name" : "libGSFontCache.dylib"
  },
  {
    "source" : "P",
    "arch" : "arm64",
    "base" : 4931567616,
    "size" : 49152,
    "uuid" : "ced4fa95-d1e1-3f46-b85d-21528e5648bc",
    "path" : "\/Volumes\/VOLUME\/*\/FontServices.framework\/libGSFont.dylib",
    "name" : "libGSFont.dylib"
  },
  {
    "source" : "P",
    "arch" : "arm64",
    "base" : 4972822528,
    "size" : 212992,
    "uuid" : "1501b4f8-a995-3de7-829d-e4795768ed1f",
    "path" : "\/Volumes\/VOLUME\/*\/libAccessibility.dylib",
    "name" : "libAccessibility.dylib"
  },
  {
    "source" : "P",
    "arch" : "arm64",
    "base" : 5033672704,
    "CFBundleShortVersionString" : "1.0",
    "CFBundleIdentifier" : "com.apple.OTSVG",
    "size" : 245760,
    "uuid" : "45d877da-fb6e-3ac0-8687-1e66fd1f9f7c",
    "path" : "\/Volumes\/VOLUME\/*\/OTSVG.framework\/OTSVG",
    "name" : "OTSVG"
  },
  {
    "source" : "P",
    "arch" : "arm64",
    "base" : 4960616448,
    "CFBundleShortVersionString" : "1.0",
    "CFBundleIdentifier" : "com.apple.FontServices",
    "size" : 98304,
    "uuid" : "171a9f66-d54a-3347-9943-7b3fc671c28f",
    "path" : "\/Volumes\/VOLUME\/*\/FontServices.framework\/FontServices",
    "name" : "FontServices",
    "CFBundleVersion" : "1"
  },
  {
    "source" : "P",
    "arch" : "arm64",
    "base" : 5040193536,
    "CFBundleShortVersionString" : "1.0",
    "CFBundleIdentifier" : "com.apple.SoftwareUpdateCoreSupport",
    "size" : 376832,
    "uuid" : "b0232303-6b52-3cb6-8ce4-1edf0a723dda",
    "path" : "\/Volumes\/VOLUME\/*\/SoftwareUpdateCoreSupport.framework\/SoftwareUpdateCoreSupport",
    "name" : "SoftwareUpdateCoreSupport",
    "CFBundleVersion" : "1"
  },
  {
    "source" : "P",
    "arch" : "arm64",
    "base" : 4963958784,
    "CFBundleShortVersionString" : "1.0",
    "CFBundleIdentifier" : "com.apple.SoftwareUpdateCoreConnect",
    "size" : 81920,
    "uuid" : "d7ce0a6c-a0af-31de-96d7-bcb84dec59b5",
    "path" : "\/Volumes\/VOLUME\/*\/SoftwareUpdateCoreConnect.framework\/SoftwareUpdateCoreConnect",
    "name" : "SoftwareUpdateCoreConnect",
    "CFBundleVersion" : "1"
  },
  {
    "source" : "P",
    "arch" : "arm64",
    "base" : 4931731456,
    "CFBundleShortVersionString" : "1.0",
    "CFBundleIdentifier" : "com.apple.ist.IdleTimerServices",
    "size" : 49152,
    "uuid" : "e24a42f8-548b-34c8-a7b8-a6dd0e670bb5",
    "path" : "\/Volumes\/VOLUME\/*\/IdleTimerServices.framework\/IdleTimerServices",
    "name" : "IdleTimerServices",
    "CFBundleVersion" : "1"
  },
  {
    "source" : "P",
    "arch" : "arm64",
    "base" : 5053104128,
    "CFBundleShortVersionString" : "1.0",
    "CFBundleIdentifier" : "com.apple.BackBoardServices",
    "size" : 720896,
    "uuid" : "9db8c374-0cc2-3b5a-966d-02dc9d4bb870",
    "path" : "\/Volumes\/VOLUME\/*\/BackBoardServices.framework\/BackBoardServices",
    "name" : "BackBoardServices",
    "CFBundleVersion" : "1.0"
  },
  {
    "source" : "P",
    "arch" : "arm64",
    "base" : 4879220736,
    "CFBundleShortVersionString" : "1.0",
    "CFBundleIdentifier" : "com.apple.GraphicsServices",
    "size" : 32768,
    "uuid" : "95c64786-b053-33db-914f-5fa4b6cb8122",
    "path" : "\/Volumes\/VOLUME\/*\/GraphicsServices.framework\/GraphicsServices",
    "name" : "GraphicsServices",
    "CFBundleVersion" : "1.0"
  },
  {
    "source" : "P",
    "arch" : "arm64",
    "base" : 4972412928,
    "CFBundleShortVersionString" : "1.0",
    "CFBundleIdentifier" : "com.apple.MediaAccessibility",
    "size" : 81920,
    "uuid" : "15d918c8-2c16-39ab-bba0-20e2be9d46b0",
    "path" : "\/Volumes\/VOLUME\/*\/MediaAccessibility.framework\/MediaAccessibility",
    "name" : "MediaAccessibility",
    "CFBundleVersion" : "153"
  },
  {
    "source" : "P",
    "arch" : "arm64",
    "base" : 4878532608,
    "CFBundleShortVersionString" : "1.0",
    "CFBundleIdentifier" : "com.apple.perf.apple.SignpostMetrics",
    "size" : 16384,
    "uuid" : "59b4a769-22a3-38fe-b82a-d97d9edff667",
    "path" : "\/Volumes\/VOLUME\/*\/SignpostMetrics.framework\/SignpostMetrics",
    "name" : "SignpostMetrics",
    "CFBundleVersion" : "174.8"
  },
  {
    "source" : "P",
    "arch" : "arm64",
    "base" : 5067259904,
    "CFBundleShortVersionString" : "16.0",
    "CFBundleIdentifier" : "com.apple.Symbolication",
    "size" : 1015808,
    "uuid" : "ba9446ed-a753-3c21-b28d-341199121633",
    "path" : "\/Volumes\/VOLUME\/*\/Symbolication.framework\/Symbolication",
    "name" : "Symbolication",
    "CFBundleVersion" : "64575.70.1"
  },
  {
    "source" : "P",
    "arch" : "arm64",
    "base" : 4931895296,
    "CFBundleShortVersionString" : "1031",
    "CFBundleIdentifier" : "com.apple.CoreSimulator.SimFramebufferClient",
    "size" : 32768,
    "uuid" : "47541bb2-5147-3a08-967f-3aff4cedf5b9",
    "path" : "\/Volumes\/VOLUME\/*\/SimFramebufferClient.framework\/SimFramebufferClient",
    "name" : "SimFramebufferClient",
    "CFBundleVersion" : "1031"
  },
  {
    "source" : "P",
    "arch" : "arm64",
    "base" : 4972183552,
    "size" : 65536,
    "uuid" : "4abac712-63f4-3f83-bc6e-e9b286e2cf5c",
    "path" : "\/Volumes\/VOLUME\/*\/libperfcheck.dylib",
    "name" : "libperfcheck.dylib"
  },
  {
    "source" : "P",
    "arch" : "arm64",
    "base" : 4973461504,
    "CFBundleShortVersionString" : "1.0",
    "CFBundleIdentifier" : "com.apple.perfdata",
    "size" : 65536,
    "uuid" : "c5b809d5-8904-3eaf-9760-57059964e730",
    "path" : "\/Volumes\/VOLUME\/*\/perfdata.framework\/perfdata",
    "name" : "perfdata",
    "CFBundleVersion" : "130"
  },
  {
    "source" : "P",
    "arch" : "arm64",
    "base" : 5069291520,
    "CFBundleShortVersionString" : "16.0",
    "CFBundleIdentifier" : "com.apple.CoreSymbolication",
    "size" : 1277952,
    "uuid" : "abe7bdfd-a70a-3625-8ac7-6d8634ba97af",
    "path" : "\/Volumes\/VOLUME\/*\/CoreSymbolication.framework\/CoreSymbolication",
    "name" : "CoreSymbolication",
    "CFBundleVersion" : "64575.53.2"
  },
  {
    "source" : "P",
    "arch" : "arm64",
    "base" : 4972642304,
    "CFBundleShortVersionString" : "1.0",
    "CFBundleIdentifier" : "com.apple.MallocStackLogging",
    "size" : 49152,
    "uuid" : "3ef1e9de-b6bc-3c5d-ae18-3c1710c42c5d",
    "path" : "\/Volumes\/VOLUME\/*\/MallocStackLogging.framework\/MallocStackLogging",
    "name" : "MallocStackLogging",
    "CFBundleVersion" : "65000"
  },
  {
    "source" : "P",
    "arch" : "arm64",
    "base" : 5076533248,
    "CFBundleShortVersionString" : "1.0",
    "CFBundleIdentifier" : "com.apple.SAObjects",
    "size" : 819200,
    "uuid" : "78325d36-42ad-319a-941a-86b97906717b",
    "path" : "\/Volumes\/VOLUME\/*\/SAObjects.framework\/SAObjects",
    "name" : "SAObjects",
    "CFBundleVersion" : "1"
  },
  {
    "source" : "P",
    "arch" : "arm64",
    "base" : 5089951744,
    "CFBundleShortVersionString" : "1.0",
    "CFBundleIdentifier" : "com.apple.MediaRemote",
    "size" : 4014080,
    "uuid" : "487130f4-7256-35a9-b6ae-3fbe68631db2",
    "path" : "\/Volumes\/VOLUME\/*\/MediaRemote.framework\/MediaRemote",
    "name" : "MediaRemote",
    "CFBundleVersion" : "1"
  },
  {
    "source" : "P",
    "arch" : "arm64",
    "base" : 5046648832,
    "CFBundleShortVersionString" : "1.0",
    "CFBundleIdentifier" : "com.apple.UserNotifications",
    "size" : 311296,
    "uuid" : "9294c11a-1bb8-33cd-a3b1-b21da5a213c3",
    "path" : "\/Volumes\/VOLUME\/*\/UserNotifications.framework\/UserNotifications",
    "name" : "UserNotifications"
  },
  {
    "source" : "P",
    "arch" : "arm64",
    "base" : 5081366528,
    "CFBundleShortVersionString" : "3075.0.8",
    "CFBundleIdentifier" : "com.apple.corelocation",
    "size" : 2818048,
    "uuid" : "438b9ca3-9602-3367-90e2-8a0d745cc6c7",
    "path" : "\/Volumes\/VOLUME\/*\/CoreLocation.framework\/CoreLocation",
    "name" : "CoreLocation",
    "CFBundleVersion" : "3075.0.8"
  },
  {
    "source" : "P",
    "arch" : "arm64",
    "base" : 5130567680,
    "CFBundleShortVersionString" : "1.0",
    "CFBundleIdentifier" : "com.apple.siri.SiriInstrumentation",
    "size" : 14680064,
    "uuid" : "ff3343b7-1c7f-3424-85a6-9583db7d37bc",
    "path" : "\/Volumes\/VOLUME\/*\/SiriInstrumentation.framework\/SiriInstrumentation",
    "name" : "SiriInstrumentation",
    "CFBundleVersion" : "1"
  },
  {
    "source" : "P",
    "arch" : "arm64",
    "base" : 5071699968,
    "CFBundleShortVersionString" : "1.0",
    "CFBundleIdentifier" : "com.apple.siri.SiriAnalytics",
    "size" : 950272,
    "uuid" : "5b323cda-efe9-3a9a-b79d-87cae9356eac",
    "path" : "\/Volumes\/VOLUME\/*\/SiriAnalytics.framework\/SiriAnalytics",
    "name" : "SiriAnalytics",
    "CFBundleVersion" : "1"
  },
  {
    "source" : "P",
    "arch" : "arm64",
    "base" : 5098553344,
    "CFBundleShortVersionString" : "1.0",
    "CFBundleIdentifier" : "com.apple.siri.SiriTTSService",
    "size" : 1736704,
    "uuid" : "8b7c89b3-3504-33cf-b04d-cd07392e70ef",
    "path" : "\/Volumes\/VOLUME\/*\/SiriTTSService.framework\/SiriTTSService",
    "name" : "SiriTTSService",
    "CFBundleVersion" : "1"
  },
  {
    "source" : "P",
    "arch" : "arm64",
    "base" : 5047435264,
    "CFBundleShortVersionString" : "1.0",
    "CFBundleIdentifier" : "com.apple.crossdevicearbitration",
    "size" : 294912,
    "uuid" : "9960338e-0fe0-3ef4-983a-0b14f99d82d6",
    "path" : "\/Volumes\/VOLUME\/*\/SiriCrossDeviceArbitration.framework\/SiriCrossDeviceArbitration",
    "name" : "SiriCrossDeviceArbitration",
    "CFBundleVersion" : "1"
  },
  {
    "source" : "P",
    "arch" : "arm64",
    "base" : 5039669248,
    "CFBundleShortVersionString" : "1.0",
    "CFBundleIdentifier" : "com.apple.skp.FeedbackLogger",
    "size" : 180224,
    "uuid" : "73133fa7-835e-39b8-ad47-995419a2bd0b",
    "path" : "\/Volumes\/VOLUME\/*\/FeedbackLogger.framework\/FeedbackLogger",
    "name" : "FeedbackLogger",
    "CFBundleVersion" : "1"
  },
  {
    "source" : "P",
    "arch" : "arm64",
    "base" : 5054775296,
    "CFBundleShortVersionString" : "1.0",
    "CFBundleIdentifier" : "com.apple.proactive.support.ProactiveSupport",
    "size" : 540672,
    "uuid" : "16f8d83f-20cf-3604-baf1-f3ab04e16589",
    "path" : "\/Volumes\/VOLUME\/*\/ProactiveSupport.framework\/ProactiveSupport",
    "name" : "ProactiveSupport",
    "CFBundleVersion" : "418.1"
  },
  {
    "source" : "P",
    "arch" : "arm64",
    "base" : 4878614528,
    "CFBundleShortVersionString" : "1.0",
    "CFBundleIdentifier" : "com.apple.private.FaceTimeNameUtility",
    "size" : 16384,
    "uuid" : "d19cdf2e-e57b-3bc1-935d-c286be8ddbc3",
    "path" : "\/Volumes\/VOLUME\/*\/FaceTimeNameUtility.framework\/FaceTimeNameUtility",
    "name" : "FaceTimeNameUtility",
    "CFBundleVersion" : "1"
  },
  {
    "source" : "P",
    "arch" : "arm64",
    "base" : 5052006400,
    "CFBundleShortVersionString" : "1.0.0",
    "CFBundleIdentifier" : "com.apple.voiceservices",
    "size" : 229376,
    "uuid" : "351d319e-302f-3c51-b014-20177ae94451",
    "path" : "\/Volumes\/VOLUME\/*\/VoiceServices.framework\/VoiceServices",
    "name" : "VoiceServices",
    "CFBundleVersion" : "1.0"
  },
  {
    "source" : "P",
    "arch" : "arm64",
    "base" : 5115707392,
    "CFBundleShortVersionString" : "1.0",
    "CFBundleIdentifier" : "com.apple.Intents",
    "size" : 6160384,
    "uuid" : "577c0fa6-4e32-3744-83bf-5cd298b99361",
    "path" : "\/Volumes\/VOLUME\/*\/Intents.framework\/Intents",
    "name" : "Intents",
    "CFBundleVersion" : "1"
  },
  {
    "source" : "P",
    "arch" : "arm64",
    "base" : 5051432960,
    "CFBundleShortVersionString" : "1.0",
    "CFBundleIdentifier" : "com.apple.CoreLocation.LocationEssentials",
    "size" : 180224,
    "uuid" : "af0811fb-866c-31e4-990d-cc1d729b619b",
    "path" : "\/Volumes\/VOLUME\/*\/_LocationEssentials.framework\/_LocationEssentials",
    "name" : "_LocationEssentials",
    "CFBundleVersion" : "1"
  },
  {
    "source" : "P",
    "arch" : "arm64",
    "base" : 5056544768,
    "CFBundleShortVersionString" : "1.0",
    "CFBundleIdentifier" : "com.apple.UIKitServices",
    "size" : 229376,
    "uuid" : "02076aed-5b9a-384c-88e0-b967a6164421",
    "path" : "\/Volumes\/VOLUME\/*\/UIKitServices.framework\/UIKitServices",
    "name" : "UIKitServices",
    "CFBundleVersion" : "9126.5.5.2.103"
  },
  {
    "source" : "P",
    "arch" : "arm64",
    "base" : 5074862080,
    "CFBundleShortVersionString" : "1.0",
    "CFBundleIdentifier" : "com.apple.UnifiedAssetFramework",
    "size" : 753664,
    "uuid" : "c50b0466-2322-3850-bdf0-b66199043046",
    "path" : "\/Volumes\/VOLUME\/*\/UnifiedAssetFramework.framework\/UnifiedAssetFramework",
    "name" : "UnifiedAssetFramework",
    "CFBundleVersion" : "1"
  },
  {
    "source" : "P",
    "arch" : "arm64",
    "base" : 5107924992,
    "CFBundleShortVersionString" : "1.0",
    "CFBundleIdentifier" : "com.apple.audio.AudioToolboxCore",
    "size" : 3588096,
    "uuid" : "9afb8126-9ebf-3560-816f-bac1c89e858d",
    "path" : "\/Volumes\/VOLUME\/*\/AudioToolboxCore.framework\/AudioToolboxCore",
    "name" : "AudioToolboxCore"
  },
  {
    "source" : "P",
    "arch" : "arm64",
    "base" : 5085069312,
    "CFBundleShortVersionString" : "1.0",
    "CFBundleIdentifier" : "com.apple.audio.AudioSession",
    "size" : 344064,
    "uuid" : "885ec865-72bb-3e61-b4a2-ebe16d3fcfe6",
    "path" : "\/Volumes\/VOLUME\/*\/AudioSession.framework\/AudioSession",
    "name" : "AudioSession"
  },
  {
    "source" : "P",
    "arch" : "arm64",
    "base" : 5051744256,
    "CFBundleShortVersionString" : "1.0",
    "CFBundleIdentifier" : "com.apple.MediaExperience",
    "size" : 49152,
    "uuid" : "d1f3768a-15fd-3fba-be17-6128e4247175",
    "path" : "\/Volumes\/VOLUME\/*\/MediaExperience.framework\/MediaExperience",
    "name" : "MediaExperience",
    "CFBundleVersion" : "1"
  },
  {
    "source" : "P",
    "arch" : "arm64",
    "base" : 5052579840,
    "size" : 98304,
    "uuid" : "bf2d4280-8d39-3030-b724-52de3617cca3",
    "path" : "\/Volumes\/VOLUME\/*\/libAudioStatistics.dylib",
    "name" : "libAudioStatistics.dylib"
  },
  {
    "source" : "P",
    "arch" : "arm64",
    "base" : 5087199232,
    "CFBundleShortVersionString" : "2.0",
    "CFBundleIdentifier" : "com.apple.audio.midi.CoreMIDI",
    "size" : 753664,
    "uuid" : "1e3f7e76-d21f-3e03-8a22-3994c85249a2",
    "path" : "\/Volumes\/VOLUME\/*\/CoreMIDI.framework\/CoreMIDI",
    "name" : "CoreMIDI",
    "CFBundleVersion" : "88"
  },
  {
    "source" : "P",
    "arch" : "arm64",
    "base" : 5073518592,
    "CFBundleShortVersionString" : "1.0",
    "CFBundleIdentifier" : "com.apple.audio.caulk",
    "size" : 163840,
    "uuid" : "21528ae7-06a1-398d-a0a8-90236d3971b1",
    "path" : "\/Volumes\/VOLUME\/*\/caulk.framework\/caulk",
    "name" : "caulk"
  },
  {
    "source" : "P",
    "arch" : "arm64",
    "base" : 5176377344,
    "CFBundleShortVersionString" : "5.0",
    "CFBundleIdentifier" : "com.apple.audio.CoreAudio",
    "size" : 4440064,
    "uuid" : "398a1360-d118-3052-883a-72dd43598702",
    "path" : "\/Volumes\/VOLUME\/*\/CoreAudio.framework\/CoreAudio",
    "name" : "CoreAudio",
    "CFBundleVersion" : "5.0"
  },
  {
    "source" : "P",
    "arch" : "arm64",
    "base" : 5055922176,
    "size" : 147456,
    "uuid" : "83ec40db-c580-30a0-acfb-309e576526b5",
    "path" : "\/Volumes\/VOLUME\/*\/libAudioToolboxUtility.dylib",
    "name" : "libAudioToolboxUtility.dylib"
  },
  {
    "source" : "P",
    "arch" : "arm64",
    "base" : 5088559104,
    "CFBundleShortVersionString" : "1.0",
    "CFBundleIdentifier" : "com.apple.AVRouting",
    "size" : 311296,
    "uuid" : "dabb8959-05be-3be5-b9be-1b41239be0ea",
    "path" : "\/Volumes\/VOLUME\/*\/AVRouting.framework\/AVRouting",
    "name" : "AVRouting",
    "CFBundleVersion" : "1"
  },
  {
    "source" : "P",
    "arch" : "arm64",
    "base" : 5085839360,
    "size" : 278528,
    "uuid" : "87a7c154-59cd-3b41-bb42-0b450ee4c240",
    "path" : "\/Volumes\/VOLUME\/*\/AudioSession.framework\/libSessionUtility.dylib",
    "name" : "libSessionUtility.dylib"
  },
  {
    "source" : "P",
    "arch" : "arm64",
    "base" : 5052825600,
    "CFBundleShortVersionString" : "1.0",
    "CFBundleIdentifier" : "com.apple.imgaudio.AudioAnalytics",
    "size" : 98304,
    "uuid" : "8ff63717-afa4-3672-9f43-475de9f7c79e",
    "path" : "\/Volumes\/VOLUME\/*\/AudioAnalytics.framework\/AudioAnalytics",
    "name" : "AudioAnalytics",
    "CFBundleVersion" : "1"
  },
  {
    "source" : "P",
    "arch" : "arm64",
    "base" : 5039276032,
    "CFBundleShortVersionString" : "1.0",
    "CFBundleIdentifier" : "com.apple.OSLog",
    "size" : 65536,
    "uuid" : "d4f45807-b860-3737-8b8e-8dfb47a73191",
    "path" : "\/Volumes\/VOLUME\/*\/OSLog.framework\/OSLog",
    "name" : "OSLog",
    "CFBundleVersion" : "1861.120.4"
  },
  {
    "source" : "P",
    "arch" : "arm64",
    "base" : 5196627968,
    "CFBundleShortVersionString" : "1.0",
    "CFBundleIdentifier" : "com.apple.MediaToolbox",
    "size" : 7340032,
    "uuid" : "e31dc9b0-d282-31db-8289-a66feeb61540",
    "path" : "\/Volumes\/VOLUME\/*\/MediaToolbox.framework\/MediaToolbox",
    "name" : "MediaToolbox",
    "CFBundleVersion" : "3320.8.1.1"
  },
  {
    "source" : "P",
    "arch" : "arm64",
    "base" : 5104451584,
    "CFBundleShortVersionString" : "8.3",
    "CFBundleIdentifier" : "com.apple.CoreUtils",
    "size" : 1409024,
    "uuid" : "a2341516-3d22-3728-b795-6211e1f459c2",
    "path" : "\/Volumes\/VOLUME\/*\/CoreUtils.framework\/CoreUtils",
    "name" : "CoreUtils",
    "CFBundleVersion" : "830.22"
  },
  {
    "source" : "P",
    "arch" : "arm64",
    "base" : 5172068352,
    "CFBundleShortVersionString" : "1.0",
    "CFBundleIdentifier" : "com.apple.CMPhoto",
    "size" : 1589248,
    "uuid" : "9a50b8ae-63a9-3cb3-8847-f33041373beb",
    "path" : "\/Volumes\/VOLUME\/*\/CMPhoto.framework\/CMPhoto",
    "name" : "CMPhoto",
    "CFBundleVersion" : "1"
  },
  {
    "source" : "P",
    "arch" : "arm64",
    "base" : 5102698496,
    "CFBundleShortVersionString" : "1.0",
    "CFBundleIdentifier" : "com.apple.osanalytics.OSAnalytics",
    "size" : 409600,
    "uuid" : "42f202c1-f36e-3ca9-887e-42f2bf400499",
    "path" : "\/Volumes\/VOLUME\/*\/OSAnalytics.framework\/OSAnalytics",
    "name" : "OSAnalytics",
    "CFBundleVersion" : "1"
  },
  {
    "source" : "P",
    "arch" : "arm64",
    "base" : 5184487424,
    "CFBundleShortVersionString" : "1.0",
    "CFBundleIdentifier" : "com.apple.cmphoto.AppleJPEGXL",
    "size" : 1867776,
    "uuid" : "774b54a7-435f-3ffa-a907-cc63441cd009",
    "path" : "\/Volumes\/VOLUME\/*\/AppleJPEGXL.framework\/AppleJPEGXL",
    "name" : "AppleJPEGXL",
    "CFBundleVersion" : "1"
  },
  {
    "source" : "P",
    "arch" : "arm64",
    "base" : 5039456256,
    "CFBundleShortVersionString" : "334.0.16.3",
    "CFBundleIdentifier" : "com.apple.CoreTime",
    "size" : 32768,
    "uuid" : "e36480ca-9325-37d2-8456-f7a1c7b465db",
    "path" : "\/Volumes\/VOLUME\/*\/CoreTime.framework\/CoreTime",
    "name" : "CoreTime",
    "CFBundleVersion" : "334.0.16.3"
  },
  {
    "source" : "P",
    "arch" : "arm64",
    "base" : 5168267264,
    "size" : 606208,
    "uuid" : "7479d2c7-4931-3b1d-a395-0d7708b94785",
    "path" : "\/Volumes\/VOLUME\/*\/libswift_RegexParser.dylib",
    "name" : "libswift_RegexParser.dylib"
  },
  {
    "source" : "P",
    "arch" : "arm64",
    "base" : 5040062464,
    "CFBundleShortVersionString" : "1.0",
    "CFBundleIdentifier" : "com.apple.OSAServicesClient",
    "size" : 32768,
    "uuid" : "45f1a6fd-4e51-367a-8b78-074b0faa7505",
    "path" : "\/Volumes\/VOLUME\/*\/OSAServicesClient.framework\/OSAServicesClient",
    "name" : "OSAServicesClient",
    "CFBundleVersion" : "1"
  },
  {
    "source" : "P",
    "arch" : "arm64",
    "base" : 4885987328,
    "CFBundleShortVersionString" : "1.0",
    "CFBundleIdentifier" : "com.apple.iphonesimulator.SimulatorClient",
    "size" : 16384,
    "uuid" : "5cbfd142-f009-3409-807d-895662ea5df9",
    "path" : "\/Volumes\/VOLUME\/*\/SimulatorClient.framework\/SimulatorClient",
    "name" : "SimulatorClient",
    "CFBundleVersion" : "1"
  },
  {
    "source" : "P",
    "arch" : "arm64",
    "base" : 5074092032,
    "CFBundleShortVersionString" : "1.0",
    "CFBundleIdentifier" : "com.apple.CoreUtilsExtras",
    "size" : 163840,
    "uuid" : "ad7a1515-c5d9-38c3-8957-ca2d4dfccc12",
    "path" : "\/Volumes\/VOLUME\/*\/CoreUtilsExtras.framework\/CoreUtilsExtras",
    "name" : "CoreUtilsExtras",
    "CFBundleVersion" : "1"
  },
  {
    "source" : "P",
    "arch" : "arm64",
    "base" : 5169659904,
    "CFBundleShortVersionString" : "1.0",
    "CFBundleIdentifier" : "com.apple.CMCapture",
    "size" : 589824,
    "uuid" : "8ed95120-2b22-3194-bd17-5596c9b48712",
    "path" : "\/Volumes\/VOLUME\/*\/CMCapture.framework\/CMCapture",
    "name" : "CMCapture"
  },
  {
    "source" : "P",
    "arch" : "arm64",
    "base" : 5190451200,
    "CFBundleShortVersionString" : "1.0",
    "CFBundleIdentifier" : "com.apple.ModelManagerServices",
    "size" : 1228800,
    "uuid" : "bba0715d-4b9b-3789-af08-d79c805d8dc3",
    "path" : "\/Volumes\/VOLUME\/*\/ModelManagerServices.framework\/ModelManagerServices",
    "name" : "ModelManagerServices",
    "CFBundleVersion" : "1"
  },
  {
    "source" : "P",
    "arch" : "arm64",
    "base" : 5213634560,
    "CFBundleShortVersionString" : "1.0",
    "CFBundleIdentifier" : "com.apple.TelephonyUtilities",
    "size" : 2244608,
    "uuid" : "246742f3-f51c-3372-9ac7-de8498320670",
    "path" : "\/Volumes\/VOLUME\/*\/TelephonyUtilities.framework\/TelephonyUtilities",
    "name" : "TelephonyUtilities",
    "CFBundleVersion" : "1.0"
  },
  {
    "source" : "P",
    "arch" : "arm64",
    "base" : 5224202240,
    "CFBundleShortVersionString" : "1.0",
    "CFBundleIdentifier" : "com.apple.AVFCore",
    "size" : 2342912,
    "uuid" : "00410cd2-679e-3a81-89a7-f7478d535fae",
    "path" : "\/Volumes\/VOLUME\/*\/AVFCore.framework\/AVFCore",
    "name" : "AVFCore",
    "CFBundleVersion" : "2420.7.1"
  },
  {
    "source" : "P",
    "arch" : "arm64",
    "base" : 5218500608,
    "CFBundleShortVersionString" : "1.0",
    "CFBundleIdentifier" : "com.apple.AVFCapture",
    "size" : 1605632,
    "uuid" : "e708aaae-e643-3c5c-b9b2-3fc06c80c3a7",
    "path" : "\/Volumes\/VOLUME\/*\/AVFCapture.framework\/AVFCapture",
    "name" : "AVFCapture",
    "CFBundleVersion" : "665.120.8"
  },
  {
    "source" : "P",
    "arch" : "arm64",
    "base" : 5188091904,
    "CFBundleShortVersionString" : "226",
    "CFBundleIdentifier" : "com.apple.Quagga",
    "size" : 1163264,
    "uuid" : "c03631c0-9260-33bd-8fa3-33f3d5d0f929",
    "path" : "\/Volumes\/VOLUME\/*\/Quagga.framework\/Quagga",
    "name" : "Quagga",
    "CFBundleVersion" : "226"
  },
  {
    "source" : "P",
    "arch" : "arm64",
    "base" : 4904124416,
    "CFBundleShortVersionString" : "1.0",
    "CFBundleIdentifier" : "com.apple.Celestial",
    "size" : 16384,
    "uuid" : "fa132d72-d13c-34cf-bbb9-9b8926458f86",
    "path" : "\/Volumes\/VOLUME\/*\/Celestial.framework\/Celestial",
    "name" : "Celestial",
    "CFBundleVersion" : "3320.8.1.1"
  },
  {
    "source" : "P",
    "arch" : "arm64",
    "base" : 5057396736,
    "CFBundleShortVersionString" : "1.0",
    "CFBundleIdentifier" : "com.apple.CameraOverlayServices",
    "size" : 81920,
    "uuid" : "a9679853-7718-3b7b-bf3e-1fc25aea9b0c",
    "path" : "\/Volumes\/VOLUME\/*\/CameraOverlayServices.framework\/CameraOverlayServices",
    "name" : "CameraOverlayServices",
    "CFBundleVersion" : "4097.122.2"
  },
  {
    "source" : "P",
    "arch" : "arm64",
    "base" : 5089345536,
    "CFBundleShortVersionString" : "1.0",
    "CFBundleIdentifier" : "com.apple.CMCaptureCore",
    "size" : 81920,
    "uuid" : "cad19938-745a-3c70-9ce3-f2c1375c445b",
    "path" : "\/Volumes\/VOLUME\/*\/CMCaptureCore.framework\/CMCaptureCore",
    "name" : "CMCaptureCore",
    "CFBundleVersion" : "665.120.8"
  },
  {
    "source" : "P",
    "arch" : "arm64",
    "base" : 4973658112,
    "CFBundleIdentifier" : "com.apple.CMCaptureDevice",
    "size" : 16384,
    "uuid" : "a2a818a5-60da-3876-9a7a-83f9692a1b7a",
    "path" : "\/Volumes\/VOLUME\/*\/CMCaptureDevice.framework\/CMCaptureDevice",
    "name" : "CMCaptureDevice"
  },
  {
    "source" : "P",
    "arch" : "arm64",
    "base" : 5101846528,
    "CFBundleShortVersionString" : "1.0",
    "CFBundleIdentifier" : "com.apple.CMImaging",
    "size" : 327680,
    "uuid" : "eff6e7e5-6de5-3d98-bbf8-0356c9116628",
    "path" : "\/Volumes\/VOLUME\/*\/CMImaging.framework\/CMImaging",
    "name" : "CMImaging"
  },
  {
    "source" : "P",
    "arch" : "arm64",
    "base" : 5249613824,
    "CFBundleShortVersionString" : "1.0",
    "CFBundleIdentifier" : "com.apple.vision.EspressoFramework",
    "size" : 12255232,
    "uuid" : "eef94be0-0be4-3f9a-8b03-fefdeaebf12e",
    "path" : "\/Volumes\/VOLUME\/*\/Espresso.framework\/Espresso",
    "name" : "Espresso",
    "CFBundleVersion" : "3525.1.1"
  },
  {
    "source" : "P",
    "arch" : "arm64",
    "base" : 5074419712,
    "CFBundleShortVersionString" : "3404.3.1",
    "CFBundleIdentifier" : "com.apple.mlcompiler.services",
    "size" : 98304,
    "uuid" : "9e9199b9-c841-3eed-aa18-dcb298cfbb00",
    "path" : "\/Volumes\/VOLUME\/*\/MLCompilerServices.framework\/MLCompilerServices",
    "name" : "MLCompilerServices",
    "CFBundleVersion" : "3404.3.1"
  },
  {
    "source" : "P",
    "arch" : "arm64",
    "base" : 5103550464,
    "CFBundleShortVersionString" : "3404.3.1",
    "CFBundleIdentifier" : "com.apple.mlcompiler.runtime",
    "size" : 344064,
    "uuid" : "25e23738-d26f-3e72-b613-7298833a3e87",
    "path" : "\/Volumes\/VOLUME\/*\/MLCompilerRuntime.framework\/MLCompilerRuntime",
    "name" : "MLCompilerRuntime",
    "CFBundleVersion" : "3404.3.1"
  },
  {
    "source" : "P",
    "arch" : "arm64",
    "base" : 5208784896,
    "CFBundleShortVersionString" : "1.0",
    "CFBundleIdentifier" : "com.apple.proactive.AppleIntelligenceReporting",
    "size" : 491520,
    "uuid" : "ac99185b-36c3-3945-948f-6a2c6271f546",
    "path" : "\/Volumes\/VOLUME\/*\/AppleIntelligenceReporting.framework\/AppleIntelligenceReporting",
    "name" : "AppleIntelligenceReporting",
    "CFBundleVersion" : "1"
  },
  {
    "source" : "P",
    "arch" : "arm64",
    "base" : 4973756416,
    "CFBundleShortVersionString" : "1.0",
    "CFBundleIdentifier" : "com.apple.security.CryptoKit-C-Bridging",
    "size" : 16384,
    "uuid" : "0cddb6f4-abd3-3524-9a2a-07427bbd0d5e",
    "path" : "\/Volumes\/VOLUME\/*\/CryptoKitCBridging.framework\/CryptoKitCBridging",
    "name" : "CryptoKitCBridging",
    "CFBundleVersion" : "1"
  },
  {
    "source" : "P",
    "arch" : "arm64",
    "base" : 5129568256,
    "CFBundleShortVersionString" : "1.0",
    "CFBundleIdentifier" : "com.apple.CryptoTokenKit",
    "size" : 376832,
    "uuid" : "53a616d7-6332-335d-ae78-fb51e051739e",
    "path" : "\/Volumes\/VOLUME\/*\/CryptoTokenKit.framework\/CryptoTokenKit",
    "name" : "CryptoTokenKit",
    "CFBundleVersion" : "1"
  },
  {
    "source" : "P",
    "arch" : "arm64",
    "base" : 5107073024,
    "CFBundleShortVersionString" : "1.0",
    "CFBundleIdentifier" : "com.apple.LocalAuthentication",
    "size" : 294912,
    "uuid" : "4b8de740-3cfb-3ac1-a59c-fb621f0972ef",
    "path" : "\/Volumes\/VOLUME\/*\/LocalAuthentication.framework\/LocalAuthentication",
    "name" : "LocalAuthentication",
    "CFBundleVersion" : "2005.120.18"
  },
  {
    "source" : "P",
    "arch" : "arm64",
    "base" : 5235245056,
    "CFBundleIdentifier" : "com.apple.LocalAuthenticationCore",
    "size" : 1654784,
    "uuid" : "3332f9f6-762d-3b72-903a-24ad1e1cce74",
    "path" : "\/Volumes\/VOLUME\/*\/LocalAuthenticationCore.framework\/LocalAuthenticationCore",
    "name" : "LocalAuthenticationCore",
    "CFBundleVersion" : "2005.120.18"
  },
  {
    "source" : "P",
    "arch" : "arm64",
    "base" : 5074616320,
    "CFBundleIdentifier" : "com.apple.LocalAuthenticationCredentialServices",
    "size" : 114688,
    "uuid" : "31e119f9-2fa5-3088-8e73-c18f68d93c69",
    "path" : "\/Volumes\/VOLUME\/*\/LocalAuthenticationCredentialServices.framework\/LocalAuthenticationCredentialServices",
    "name" : "LocalAuthenticationCredentialServices",
    "CFBundleVersion" : "2005.120.18"
  },
  {
    "source" : "P",
    "arch" : "arm64",
    "base" : 5076205568,
    "CFBundleShortVersionString" : "1.0",
    "CFBundleIdentifier" : "com.apple.CoreAuthentication.SharedUtils",
    "size" : 49152,
    "uuid" : "57d05b99-c36e-349d-8d44-3fb4b70037d2",
    "path" : "\/Volumes\/VOLUME\/*\/LocalAuthentication.framework\/Support\/SharedUtils.framework\/SharedUtils",
    "name" : "SharedUtils",
    "CFBundleVersion" : "2005.120.18"
  },
  {
    "source" : "P",
    "arch" : "arm64",
    "base" : 5283119104,
    "CFBundleIdentifier" : "com.apple.IntelligencePlatformLibrary",
    "size" : 7225344,
    "uuid" : "3da2b342-224f-3003-ba76-82186e53c558",
    "path" : "\/Volumes\/VOLUME\/*\/IntelligencePlatformLibrary.framework\/IntelligencePlatformLibrary",
    "name" : "IntelligencePlatformLibrary",
    "CFBundleVersion" : "274.57"
  },
  {
    "source" : "P",
    "arch" : "arm64",
    "base" : 5193007104,
    "CFBundleShortVersionString" : "1.0",
    "CFBundleIdentifier" : "com.apple.biome.CascadeSets",
    "size" : 573440,
    "uuid" : "c9c025f7-087a-3f6c-97ab-94e8ca827a3a",
    "path" : "\/Volumes\/VOLUME\/*\/CascadeSets.framework\/CascadeSets",
    "name" : "CascadeSets",
    "CFBundleVersion" : "209.18"
  },
  {
    "source" : "P",
    "arch" : "arm64",
    "base" : 5114150912,
    "CFBundleShortVersionString" : "1.0",
    "CFBundleIdentifier" : "com.apple.biome.BiomeStorage",
    "size" : 262144,
    "uuid" : "059fa571-9a85-362b-a39a-58451f0489da",
    "path" : "\/Volumes\/VOLUME\/*\/BiomeStorage.framework\/BiomeStorage",
    "name" : "BiomeStorage",
    "CFBundleVersion" : "209.18"
  },
  {
    "source" : "P",
    "arch" : "arm64",
    "base" : 5114707968,
    "CFBundleShortVersionString" : "1.0",
    "CFBundleIdentifier" : "com.apple.PoirotSchematizer",
    "size" : 442368,
    "uuid" : "c0cfd670-c99c-3d73-b42a-faa489688ca8",
    "path" : "\/Volumes\/VOLUME\/*\/PoirotSchematizer.framework\/PoirotSchematizer",
    "name" : "PoirotSchematizer",
    "CFBundleVersion" : "1"
  },
  {
    "source" : "P",
    "arch" : "arm64",
    "base" : 5056380928,
    "CFBundleShortVersionString" : "1.0",
    "CFBundleIdentifier" : "com.apple.biome.BiomeSync",
    "size" : 32768,
    "uuid" : "f9c8a435-0884-34ec-9647-9564942eb6b6",
    "path" : "\/Volumes\/VOLUME\/*\/BiomeSync.framework\/BiomeSync",
    "name" : "BiomeSync",
    "CFBundleVersion" : "209.18"
  },
  {
    "source" : "P",
    "arch" : "arm64",
    "base" : 5086674944,
    "CFBundleShortVersionString" : "1.0",
    "CFBundleIdentifier" : "com.apple.biome.BiomeDSL",
    "size" : 98304,
    "uuid" : "0e8ed797-8e68-350a-94cd-cee93a076c65",
    "path" : "\/Volumes\/VOLUME\/*\/BiomeDSL.framework\/BiomeDSL",
    "name" : "BiomeDSL",
    "CFBundleVersion" : "209.18"
  },
  {
    "source" : "P",
    "arch" : "arm64",
    "base" : 5171232768,
    "CFBundleShortVersionString" : "1.0",
    "CFBundleIdentifier" : "com.apple.PoirotUDFs",
    "size" : 196608,
    "uuid" : "418b992f-31d6-33a2-b572-5a8fc34b1443",
    "path" : "\/Volumes\/VOLUME\/*\/PoirotUDFs.framework\/PoirotUDFs",
    "name" : "PoirotUDFs",
    "CFBundleVersion" : "1"
  },
  {
    "source" : "P",
    "arch" : "arm64",
    "base" : 4960878592,
    "CFBundleShortVersionString" : "1.0",
    "CFBundleIdentifier" : "com.apple.InternationalTextSearch",
    "size" : 16384,
    "uuid" : "c065e26f-e0ef-3d48-a264-a26268b9c0a6",
    "path" : "\/Volumes\/VOLUME\/*\/InternationalTextSearch.framework\/InternationalTextSearch",
    "name" : "InternationalTextSearch",
    "CFBundleVersion" : "1"
  },
  {
    "source" : "P",
    "arch" : "arm64",
    "base" : 5171642368,
    "CFBundleShortVersionString" : "1.0",
    "CFBundleIdentifier" : "com.apple.PoirotSQLite",
    "size" : 229376,
    "uuid" : "2a7c1469-7b7e-33d5-9f76-b2d476465c3e",
    "path" : "\/Volumes\/VOLUME\/*\/PoirotSQLite.framework\/PoirotSQLite",
    "name" : "PoirotSQLite",
    "CFBundleVersion" : "1"
  },
  {
    "source" : "P",
    "arch" : "arm64",
    "base" : 5086953472,
    "CFBundleShortVersionString" : "1.0",
    "CFBundleIdentifier" : "com.apple.BluetoothManager",
    "size" : 98304,
    "uuid" : "8983d98b-f1c0-335a-baee-dfdbf89b5405",
    "path" : "\/Volumes\/VOLUME\/*\/BluetoothManager.framework\/BluetoothManager",
    "name" : "BluetoothManager",
    "CFBundleVersion" : "1"
  },
  {
    "source" : "P",
    "arch" : "arm64",
    "base" : 5222154240,
    "CFBundleIdentifier" : "com.apple.CoreBluetooth",
    "size" : 983040,
    "uuid" : "91e05a71-14c7-3fb6-91d1-ed0e2a6da450",
    "path" : "\/Volumes\/VOLUME\/*\/CoreBluetooth.framework\/CoreBluetooth",
    "name" : "CoreBluetooth",
    "CFBundleVersion" : "195.7.1.2"
  },
  {
    "source" : "P",
    "arch" : "arm64",
    "base" : 5229920256,
    "CFBundleShortVersionString" : "1.0",
    "CFBundleIdentifier" : "com.apple.accessibility.AXCoreUtilities",
    "size" : 933888,
    "uuid" : "18eb05f7-8588-36db-8456-c1444c68a7e4",
    "path" : "\/Volumes\/VOLUME\/*\/AXCoreUtilities.framework\/AXCoreUtilities",
    "name" : "AXCoreUtilities",
    "CFBundleVersion" : "1"
  },
  {
    "source" : "P",
    "arch" : "arm64",
    "base" : 5189566464,
    "CFBundleShortVersionString" : "1.0",
    "CFBundleIdentifier" : "com.apple.MobileBluetooth",
    "size" : 229376,
    "uuid" : "d279fb5a-c532-3da3-8d2c-3a13a72b93bc",
    "path" : "\/Volumes\/VOLUME\/*\/MobileBluetooth.framework\/MobileBluetooth",
    "name" : "MobileBluetooth",
    "CFBundleVersion" : "1.0"
  },
  {
    "source" : "P",
    "arch" : "arm64",
    "base" : 5104173056,
    "size" : 131072,
    "uuid" : "5f67af5b-5dc8-3fd1-b27c-3b21e3842db3",
    "path" : "\/Volumes\/VOLUME\/*\/libedit.3.dylib",
    "name" : "libedit.3.dylib"
  },
  {
    "source" : "P",
    "arch" : "arm64",
    "base" : 5194760192,
    "CFBundleShortVersionString" : "7.0.80",
    "CFBundleIdentifier" : "com.apple.AttributeGraph",
    "size" : 262144,
    "uuid" : "77e0aed2-9e45-3d5f-a342-afd81934ffac",
    "path" : "\/Volumes\/VOLUME\/*\/AttributeGraph.framework\/AttributeGraph",
    "name" : "AttributeGraph",
    "CFBundleVersion" : "7.0.80"
  },
  {
    "source" : "P",
    "arch" : "arm64",
    "base" : 5039587328,
    "size" : 16384,
    "uuid" : "f4c83caa-2687-3ec3-ad40-78d723292961",
    "path" : "\/Volumes\/VOLUME\/*\/libAXSafeCategoryBundle.dylib",
    "name" : "libAXSafeCategoryBundle.dylib"
  },
  {
    "source" : "P",
    "arch" : "arm64",
    "base" : 5231788032,
    "CFBundleShortVersionString" : "1.0",
    "CFBundleIdentifier" : "com.apple.DataFrame",
    "size" : 1163264,
    "uuid" : "93e0e3a0-d036-3e7a-8a98-2f18fa94850f",
    "path" : "\/Volumes\/VOLUME\/*\/TabularData.framework\/TabularData",
    "name" : "TabularData"
  },
  {
    "source" : "P",
    "arch" : "arm64",
    "base" : 5212045312,
    "CFBundleShortVersionString" : "1.0",
    "CFBundleIdentifier" : "com.apple.ArgumentParserInternal",
    "size" : 475136,
    "uuid" : "2e4c293c-058e-30e1-ab14-37ef21b5c068",
    "path" : "\/Volumes\/VOLUME\/*\/ArgumentParserInternal.framework\/ArgumentParserInternal",
    "name" : "ArgumentParserInternal",
    "CFBundleVersion" : "1.20.2"
  },
  {
    "source" : "P",
    "arch" : "arm64",
    "base" : 5190041600,
    "size" : 245760,
    "uuid" : "efd8aa86-7eec-31e3-8db1-6b9ee0a6fa18",
    "path" : "\/Volumes\/VOLUME\/*\/libncurses.5.4.dylib",
    "name" : "libncurses.5.4.dylib"
  },
  {
    "source" : "P",
    "arch" : "arm64",
    "base" : 5240586240,
    "CFBundleShortVersionString" : "1.0",
    "CFBundleIdentifier" : "com.apple.AddressBookLegacy",
    "size" : 753664,
    "uuid" : "c7055741-b438-3cdf-a40c-1f080676e121",
    "path" : "\/Volumes\/VOLUME\/*\/AddressBookLegacy.framework\/AddressBookLegacy",
    "name" : "AddressBookLegacy",
    "CFBundleVersion" : "30"
  },
  {
    "source" : "P",
    "arch" : "arm64",
    "base" : 5242060800,
    "CFBundleShortVersionString" : "1.0",
    "CFBundleIdentifier" : "com.apple.CallKit",
    "size" : 638976,
    "uuid" : "2dbb0e31-be2a-3c37-be3d-408499f08bfd",
    "path" : "\/Volumes\/VOLUME\/*\/CallKit.framework\/CallKit",
    "name" : "CallKit",
    "CFBundleVersion" : "1"
  },
  {
    "source" : "P",
    "arch" : "arm64",
    "base" : 5175885824,
    "CFBundleShortVersionString" : "13.1.47",
    "CFBundleIdentifier" : "com.apple.RTCReporting",
    "size" : 163840,
    "uuid" : "8dc4828c-5d5f-37ee-a595-ead4db7e2b5e",
    "path" : "\/Volumes\/VOLUME\/*\/RTCReporting.framework\/RTCReporting",
    "name" : "RTCReporting",
    "CFBundleVersion" : "166.2"
  },
  {
    "source" : "P",
    "arch" : "arm64",
    "base" : 5115346944,
    "CFBundleShortVersionString" : "8.0",
    "CFBundleIdentifier" : "com.apple.commonutilities",
    "size" : 98304,
    "uuid" : "e6182c13-ff87-3601-a904-e838847b3e9e",
    "path" : "\/Volumes\/VOLUME\/*\/CommonUtilities.framework\/CommonUtilities",
    "name" : "CommonUtilities",
    "CFBundleVersion" : "900"
  },
  {
    "source" : "P",
    "arch" : "arm64",
    "base" : 5086396416,
    "CFBundleShortVersionString" : "10.0",
    "CFBundleIdentifier" : "com.apple.communicationsfilter",
    "size" : 32768,
    "uuid" : "a8285347-e7c5-35ae-b2eb-b4247b32e5d3",
    "path" : "\/Volumes\/VOLUME\/*\/CommunicationsFilter.framework\/CommunicationsFilter",
    "name" : "CommunicationsFilter",
    "CFBundleVersion" : "1000"
  },
  {
    "source" : "P",
    "arch" : "arm64",
    "base" : 5086527488,
    "CFBundleShortVersionString" : "10.0",
    "CFBundleIdentifier" : "com.apple.imtransferservices",
    "size" : 49152,
    "uuid" : "1ec497ea-5d94-3df5-b7f1-7f40e85b6181",
    "path" : "\/Volumes\/VOLUME\/*\/IMTransferServices.framework\/IMTransferServices",
    "name" : "IMTransferServices",
    "CFBundleVersion" : "1000"
  },
  {
    "source" : "P",
    "arch" : "arm64",
    "base" : 5269340160,
    "CFBundleShortVersionString" : "1.0",
    "CFBundleIdentifier" : "com.apple.contacts",
    "size" : 2506752,
    "uuid" : "3129802c-e5c5-3035-a77a-647bbaa46d4e",
    "path" : "\/Volumes\/VOLUME\/*\/Contacts.framework\/Contacts",
    "name" : "Contacts",
    "CFBundleVersion" : "3804.600.21"
  },
  {
    "source" : "P",
    "arch" : "arm64",
    "base" : 5275025408,
    "CFBundleShortVersionString" : "113",
    "CFBundleIdentifier" : "com.apple.CoreTelephony",
    "size" : 2392064,
    "uuid" : "5cb798f6-345a-319a-a808-85db8b76c949",
    "path" : "\/Volumes\/VOLUME\/*\/CoreTelephony.framework\/CoreTelephony",
    "name" : "CoreTelephony",
    "CFBundleVersion" : "13187.6"
  },
  {
    "source" : "P",
    "arch" : "arm64",
    "base" : 5212782592,
    "CFBundleShortVersionString" : "10.0",
    "CFBundleIdentifier" : "com.apple.imfoundation",
    "size" : 425984,
    "uuid" : "d5758c04-2fe7-3657-9ca2-a5efab46f82f",
    "path" : "\/Volumes\/VOLUME\/*\/IMFoundation.framework\/IMFoundation",
    "name" : "IMFoundation",
    "CFBundleVersion" : "1000"
  },
  {
    "source" : "P",
    "arch" : "arm64",
    "base" : 5076369408,
    "CFBundleShortVersionString" : "10.0",
    "CFBundleIdentifier" : "com.apple.incomingcallfilter",
    "size" : 16384,
    "uuid" : "76a1d2ca-a3a5-35ff-9370-f69e682ec38e",
    "path" : "\/Volumes\/VOLUME\/*\/IncomingCallFilter.framework\/IncomingCallFilter",
    "name" : "IncomingCallFilter",
    "CFBundleVersion" : "1000"
  },
  {
    "source" : "P",
    "arch" : "arm64",
    "base" : 5056266240,
    "CFBundleShortVersionString" : "1.0",
    "CFBundleIdentifier" : "com.apple.PhoneNumbers",
    "size" : 16384,
    "uuid" : "46a6a664-0a51-3b0c-86a9-6d23896ad043",
    "path" : "\/Volumes\/VOLUME\/*\/PhoneNumbers.framework\/PhoneNumbers",
    "name" : "PhoneNumbers",
    "CFBundleVersion" : "1"
  },
  {
    "source" : "P",
    "arch" : "arm64",
    "base" : 5245943808,
    "CFBundleShortVersionString" : "1.0",
    "CFBundleIdentifier" : "com.apple.calls.NeighborhoodActivityConduit",
    "size" : 458752,
    "uuid" : "f85ab66e-3750-33c3-b347-726f6e25d078",
    "path" : "\/Volumes\/VOLUME\/*\/NeighborhoodActivityConduit.framework\/NeighborhoodActivityConduit",
    "name" : "NeighborhoodActivityConduit",
    "CFBundleVersion" : "1"
  },
  {
    "source" : "P",
    "arch" : "arm64",
    "base" : 5300797440,
    "CFBundleShortVersionString" : "1.0",
    "CFBundleIdentifier" : "com.apple.CallHistory",
    "size" : 2015232,
    "uuid" : "2bb52cb3-4bdf-394a-a729-9158c3428952",
    "path" : "\/Volumes\/VOLUME\/*\/CallHistory.framework\/CallHistory",
    "name" : "CallHistory",
    "CFBundleVersion" : "106.600.51.2.2"
  },
  {
    "source" : "P",
    "arch" : "arm64",
    "base" : 5195284480,
    "CFBundleShortVersionString" : "1.0",
    "CFBundleIdentifier" : "com.apple.IdentityLookup",
    "size" : 196608,
    "uuid" : "e42e5c79-0a0c-35d3-af9d-7f9fa6a807bc",
    "path" : "\/Volumes\/VOLUME\/*\/IdentityLookup.framework\/IdentityLookup",
    "name" : "IdentityLookup",
    "CFBundleVersion" : "1"
  },
  {
    "source" : "P",
    "arch" : "arm64",
    "base" : 5243568128,
    "CFBundleShortVersionString" : "1.0",
    "CFBundleIdentifier" : "com.apple.GenerativeFunctions.GenerativeModels",
    "size" : 737280,
    "uuid" : "225421bf-cfe4-3045-a1bb-46dee6b57273",
    "path" : "\/Volumes\/VOLUME\/*\/GenerativeModels.framework\/GenerativeModels",
    "name" : "GenerativeModels",
    "CFBundleVersion" : "222.43.2"
  },
  {
    "source" : "P",
    "arch" : "arm64",
    "base" : 5313478656,
    "CFBundleShortVersionString" : "10.0",
    "CFBundleIdentifier" : "com.apple.idsfoundation",
    "size" : 5947392,
    "uuid" : "f7d3c48f-3fff-3ff4-80a6-4212817b4e7e",
    "path" : "\/Volumes\/VOLUME\/*\/IDSFoundation.framework\/IDSFoundation",
    "name" : "IDSFoundation",
    "CFBundleVersion" : "1000"
  },
  {
    "source" : "P",
    "arch" : "arm64",
    "base" : 5194416128,
    "size" : 49152,
    "uuid" : "41e07a66-277c-3cac-a464-4f2916325a4e",
    "path" : "\/Volumes\/VOLUME\/*\/libswiftIntents.dylib",
    "name" : "libswiftIntents.dylib"
  },
  {
    "source" : "P",
    "arch" : "arm64",
    "base" : 5233377280,
    "CFBundleShortVersionString" : "1.0",
    "CFBundleIdentifier" : "com.apple.dataaccess.dataaccessexpress.framework",
    "size" : 262144,
    "uuid" : "e61b0974-58a4-3446-932e-938d57b63692",
    "path" : "\/Volumes\/VOLUME\/*\/DataAccessExpress.framework\/DataAccessExpress",
    "name" : "DataAccessExpress",
    "CFBundleVersion" : "1.0"
  },
  {
    "source" : "P",
    "arch" : "arm64",
    "base" : 5297405952,
    "CFBundleShortVersionString" : "8.0",
    "CFBundleIdentifier" : "com.apple.AddressBook.ContactsFoundation",
    "size" : 786432,
    "uuid" : "806d56ef-ec09-3186-aef7-8c0b53b814fb",
    "path" : "\/Volumes\/VOLUME\/*\/ContactsFoundation.framework\/ContactsFoundation",
    "name" : "ContactsFoundation",
    "CFBundleVersion" : "1397.600.2"
  },
  {
    "source" : "P",
    "arch" : "arm64",
    "base" : 5323046912,
    "CFBundleShortVersionString" : "1.0",
    "CFBundleIdentifier" : "com.apple.TextInput",
    "size" : 1867776,
    "uuid" : "1a8e7732-8a47-3730-94ab-d819c235c17f",
    "path" : "\/Volumes\/VOLUME\/*\/TextInput.framework\/TextInput",
    "name" : "TextInput",
    "CFBundleVersion" : "1.0"
  },
  {
    "source" : "P",
    "arch" : "arm64",
    "base" : 5107777536,
    "CFBundleShortVersionString" : "1",
    "CFBundleIdentifier" : "com.apple.contacts.ContactsMetrics",
    "size" : 16384,
    "uuid" : "dad7d578-0a92-30c7-958f-15f6fdb0c260",
    "path" : "\/Volumes\/VOLUME\/*\/ContactsMetrics.framework\/ContactsMetrics",
    "name" : "ContactsMetrics",
    "CFBundleVersion" : "21.500.21"
  },
  {
    "source" : "P",
    "arch" : "arm64",
    "base" : 5233983488,
    "CFBundleShortVersionString" : "7.0",
    "CFBundleIdentifier" : "com.apple.iCalendar",
    "size" : 262144,
    "uuid" : "915a7e2c-5f40-3b5d-823a-123d3c588d38",
    "path" : "\/Volumes\/VOLUME\/*\/iCalendar.framework\/iCalendar",
    "name" : "iCalendar",
    "CFBundleVersion" : "1169.4.3"
  },
  {
    "source" : "P",
    "arch" : "arm64",
    "base" : 5176229888,
    "CFBundleShortVersionString" : "296",
    "CFBundleIdentifier" : "com.apple.URLFormatting",
    "size" : 49152,
    "uuid" : "a597c01a-de0d-3b97-8e71-9116ee77cb45",
    "path" : "\/Volumes\/VOLUME\/*\/URLFormatting.framework\/URLFormatting",
    "name" : "URLFormatting",
    "CFBundleVersion" : "296.11"
  },
  {
    "source" : "P",
    "arch" : "arm64",
    "base" : 5234638848,
    "CFBundleShortVersionString" : "8.0",
    "CFBundleIdentifier" : "com.apple.datadetectorscore",
    "size" : 294912,
    "uuid" : "2967b188-a72e-3370-8d11-986a68ad2d19",
    "path" : "\/Volumes\/VOLUME\/*\/DataDetectorsCore.framework\/DataDetectorsCore",
    "name" : "DataDetectorsCore",
    "CFBundleVersion" : "821.7"
  },
  {
    "source" : "P",
    "arch" : "arm64",
    "base" : 5304303616,
    "CFBundleShortVersionString" : "1.0",
    "CFBundleIdentifier" : "com.apple.CloudSubscriptionFeatures",
    "size" : 917504,
    "uuid" : "70e7cc63-dfc6-3092-8e68-6ab8713ac4b7",
    "path" : "\/Volumes\/VOLUME\/*\/CloudSubscriptionFeatures.framework\/CloudSubscriptionFeatures",
    "name" : "CloudSubscriptionFeatures",
    "CFBundleVersion" : "1.9"
  },
  {
    "source" : "P",
    "arch" : "arm64",
    "base" : 5384601600,
    "CFBundleShortVersionString" : "1.0",
    "CFBundleIdentifier" : "com.apple.GeoServices",
    "size" : 30326784,
    "uuid" : "c1901a61-d2f2-3b08-96f5-99b8aaf334b4",
    "path" : "\/Volumes\/VOLUME\/*\/GeoServices.framework\/GeoServices",
    "name" : "GeoServices",
    "CFBundleVersion" : "2031.35.2.9.20"
  },
  {
    "source" : "P",
    "arch" : "arm64",
    "base" : 5305794560,
    "CFBundleShortVersionString" : "1.0",
    "CFBundleIdentifier" : "com.apple.Montreal",
    "size" : 1736704,
    "uuid" : "fe35d018-a784-30b3-9e15-f09ae7c34f9c",
    "path" : "\/Volumes\/VOLUME\/*\/Montreal.framework\/Montreal",
    "name" : "Montreal",
    "CFBundleVersion" : "178"
  },
  {
    "source" : "P",
    "arch" : "arm64",
    "base" : 5248401408,
    "CFBundleShortVersionString" : "1.0",
    "CFBundleIdentifier" : "com.apple.NaturalLanguage",
    "size" : 458752,
    "uuid" : "bebe0f0b-fd64-3f1e-ac50-85a3ccb5b668",
    "path" : "\/Volumes\/VOLUME\/*\/NaturalLanguage.framework\/NaturalLanguage",
    "name" : "NaturalLanguage",
    "CFBundleVersion" : "114"
  },
  {
    "source" : "P",
    "arch" : "arm64",
    "base" : 5115576320,
    "CFBundleShortVersionString" : "1.0",
    "CFBundleIdentifier" : "com.apple.LinguisticData",
    "size" : 32768,
    "uuid" : "9b27a575-ef2f-3504-a300-869b04d3af64",
    "path" : "\/Volumes\/VOLUME\/*\/LinguisticData.framework\/LinguisticData",
    "name" : "LinguisticData",
    "CFBundleVersion" : "483.10"
  },
  {
    "source" : "P",
    "arch" : "arm64",
    "base" : 5307826176,
    "CFBundleShortVersionString" : "1.0",
    "CFBundleIdentifier" : "com.apple.CoreNLP",
    "size" : 1032192,
    "uuid" : "65ed0744-eb47-35a0-b545-f49389fc5d16",
    "path" : "\/Volumes\/VOLUME\/*\/CoreNLP.framework\/CoreNLP",
    "name" : "CoreNLP",
    "CFBundleVersion" : "313"
  },
  {
    "source" : "P",
    "arch" : "arm64",
    "base" : 5244780544,
    "CFBundleShortVersionString" : "1.0",
    "CFBundleIdentifier" : "com.apple.GenerativeFunctions.GenerativeModelsFoundation",
    "size" : 393216,
    "uuid" : "a25fa120-6c8b-34a4-b91c-40102412c814",
    "path" : "\/Volumes\/VOLUME\/*\/GenerativeModelsFoundation.framework\/GenerativeModelsFoundation",
    "name" : "GenerativeModelsFoundation",
    "CFBundleVersion" : "222.43.2"
  },
  {
    "source" : "P",
    "arch" : "arm64",
    "base" : 5280563200,
    "size" : 294912,
    "uuid" : "aa7483bd-5a29-381c-bb51-98b03e7e688a",
    "path" : "\/Volumes\/VOLUME\/*\/libTelephonyUtilDynamic.dylib",
    "name" : "libTelephonyUtilDynamic.dylib"
  },
  {
    "source" : "P",
    "arch" : "arm64",
    "base" : 5338169344,
    "CFBundleShortVersionString" : "1.0",
    "CFBundleIdentifier" : "com.apple.TokenGeneration",
    "size" : 1851392,
    "uuid" : "1033c3fe-2792-3f4b-b036-9cacd5262c85",
    "path" : "\/Volumes\/VOLUME\/*\/TokenGeneration.framework\/TokenGeneration",
    "name" : "TokenGeneration",
    "CFBundleVersion" : "1"
  },
  {
    "source" : "P",
    "arch" : "arm64",
    "base" : 5196087296,
    "CFBundleShortVersionString" : "1.0",
    "CFBundleIdentifier" : "com.apple.GenerativeFunctions.GenerativeFunctions",
    "size" : 229376,
    "uuid" : "ac1be934-1197-3cb7-afcc-0fe9fe01d179",
    "path" : "\/Volumes\/VOLUME\/*\/GenerativeFunctions.framework\/GenerativeFunctions",
    "name" : "GenerativeFunctions",
    "CFBundleVersion" : "222.43.2"
  },
  {
    "source" : "P",
    "arch" : "arm64",
    "base" : 5282119680,
    "CFBundleShortVersionString" : "1.0",
    "CFBundleIdentifier" : "com.apple.GenerativeFunctions.GenerativeFunctionsFoundation",
    "size" : 491520,
    "uuid" : "2c9e8594-0012-3c94-a8ff-b2972bb4fc93",
    "path" : "\/Volumes\/VOLUME\/*\/GenerativeFunctionsFoundation.framework\/GenerativeFunctionsFoundation",
    "name" : "GenerativeFunctionsFoundation",
    "CFBundleVersion" : "222.43.2"
  },
  {
    "source" : "P",
    "arch" : "arm64",
    "base" : 5330763776,
    "CFBundleShortVersionString" : "1.0",
    "CFBundleIdentifier" : "com.apple.ModelCatalog.ModelCatalog",
    "size" : 2228224,
    "uuid" : "bccaabbd-39c6-32fe-b4e2-1c5678748d3f",
    "path" : "\/Volumes\/VOLUME\/*\/ModelCatalog.framework\/ModelCatalog",
    "name" : "ModelCatalog",
    "CFBundleVersion" : "233.38"
  },
  {
    "source" : "P",
    "arch" : "arm64",
    "base" : 5311496192,
    "CFBundleIdentifier" : "com.apple.SensitiveContentAnalysisML",
    "size" : 851968,
    "uuid" : "7b38ebf0-b6fb-31ff-bf26-1edb5fff686f",
    "path" : "\/Volumes\/VOLUME\/*\/SensitiveContentAnalysisML.framework\/SensitiveContentAnalysisML",
    "name" : "SensitiveContentAnalysisML",
    "CFBundleVersion" : "1"
  },
  {
    "source" : "P",
    "arch" : "arm64",
    "base" : 5299568640,
    "CFBundleShortVersionString" : "1.0",
    "CFBundleIdentifier" : "com.apple.GenerativeFunctions.GenerativeFunctionsInstrumentation",
    "size" : 327680,
    "uuid" : "2e284053-e4e4-33bd-bfb9-ae1d32d2974a",
    "path" : "\/Volumes\/VOLUME\/*\/GenerativeFunctionsInstrumentation.framework\/GenerativeFunctionsInstrumentation",
    "name" : "GenerativeFunctionsInstrumentation",
    "CFBundleVersion" : "222.43.2"
  },
  {
    "source" : "P",
    "arch" : "arm64",
    "base" : 5345820672,
    "CFBundleShortVersionString" : "1.0",
    "CFBundleIdentifier" : "com.apple.GenerativeFunctions.PromptKit",
    "size" : 1425408,
    "uuid" : "9fa83a66-9e11-3f47-9b09-e8bc7bb91627",
    "path" : "\/Volumes\/VOLUME\/*\/PromptKit.framework\/PromptKit",
    "name" : "PromptKit",
    "CFBundleVersion" : "222.43.2"
  },
  {
    "source" : "P",
    "arch" : "arm64",
    "base" : 5245550592,
    "CFBundleShortVersionString" : "1.0",
    "CFBundleIdentifier" : "com.apple.intelligenceflow.ProactiveDaemonSupport",
    "size" : 147456,
    "uuid" : "887cf73b-52fc-317d-a46c-a5ce33c17bc4",
    "path" : "\/Volumes\/VOLUME\/*\/ProactiveDaemonSupport.framework\/ProactiveDaemonSupport",
    "name" : "ProactiveDaemonSupport",
    "CFBundleVersion" : "3525.11.14"
  },
  {
    "source" : "P",
    "arch" : "arm64",
    "base" : 5300125696,
    "CFBundleShortVersionString" : "1.0",
    "CFBundleIdentifier" : "com.apple.CoreEmoji",
    "size" : 212992,
    "uuid" : "3ee44161-e9bf-3d3c-86d1-b354e90af318",
    "path" : "\/Volumes\/VOLUME\/*\/CoreEmoji.framework\/CoreEmoji",
    "name" : "CoreEmoji",
    "CFBundleVersion" : "261.4.6"
  },
  {
    "source" : "P",
    "arch" : "arm64",
    "base" : 5334695936,
    "CFBundleShortVersionString" : "1.0",
    "CFBundleIdentifier" : "com.apple.Lexicon-framework",
    "size" : 1064960,
    "uuid" : "2850fd5a-2f76-32bf-a4f1-9c23d27f3692",
    "path" : "\/Volumes\/VOLUME\/*\/Lexicon.framework\/Lexicon",
    "name" : "Lexicon",
    "CFBundleVersion" : "195.12"
  },
  {
    "source" : "P",
    "arch" : "arm64",
    "base" : 5352767488,
    "CFBundleShortVersionString" : "1.0",
    "CFBundleIdentifier" : "com.apple.TokenGenerationCore",
    "size" : 1638400,
    "uuid" : "f676b3f7-3008-3c53-b1d2-50f99c5b071f",
    "path" : "\/Volumes\/VOLUME\/*\/TokenGenerationCore.framework\/TokenGenerationCore",
    "name" : "TokenGenerationCore",
    "CFBundleVersion" : "1"
  },
  {
    "source" : "P",
    "arch" : "arm64",
    "base" : 5194596352,
    "size" : 32768,
    "uuid" : "84abc171-311d-3d8b-bdc5-9c6a95d71e13",
    "path" : "\/Volumes\/VOLUME\/*\/libswiftNaturalLanguage.dylib",
    "name" : "libswiftNaturalLanguage.dylib"
  },
  {
    "source" : "P",
    "arch" : "arm64",
    "base" : 5336039424,
    "CFBundleShortVersionString" : "1.0",
    "CFBundleIdentifier" : "com.apple.trial",
    "size" : 638976,
    "uuid" : "ad8566e0-3a96-32fa-ad8f-e353c1241860",
    "path" : "\/Volumes\/VOLUME\/*\/Trial.framework\/Trial",
    "name" : "Trial",
    "CFBundleVersion" : "474.2.18.2"
  },
  {
    "source" : "P",
    "arch" : "arm64",
    "base" : 5348474880,
    "CFBundleShortVersionString" : "1.0",
    "CFBundleIdentifier" : "com.apple.TrialProto",
    "size" : 491520,
    "uuid" : "8c2f337b-4634-3e84-ae43-f8120fbdea7e",
    "path" : "\/Volumes\/VOLUME\/*\/TrialProto.framework\/TrialProto",
    "name" : "TrialProto",
    "CFBundleVersion" : "474.2.18.2"
  },
  {
    "source" : "P",
    "arch" : "arm64",
    "base" : 5309792256,
    "CFBundleShortVersionString" : "1.0",
    "CFBundleIdentifier" : "com.apple.aiml.dendrite.Dendrite",
    "size" : 409600,
    "uuid" : "e8f5eeb9-7d66-3b7a-88d0-cc2f1c714587",
    "path" : "\/Volumes\/VOLUME\/*\/Dendrite.framework\/Dendrite",
    "name" : "Dendrite",
    "CFBundleVersion" : "1"
  },
  {
    "source" : "P",
    "arch" : "arm64",
    "base" : 5249384448,
    "CFBundleIdentifier" : "com.apple.siri.flatbuffer.AppleFlatBuffers",
    "size" : 114688,
    "uuid" : "e8ee7b94-ca88-31bf-b1fd-7f0edda1b234",
    "path" : "\/Volumes\/VOLUME\/*\/AppleFlatBuffers.framework\/AppleFlatBuffers",
    "name" : "AppleFlatBuffers",
    "CFBundleVersion" : "1"
  },
  {
    "source" : "P",
    "arch" : "arm64",
    "base" : 5310480384,
    "CFBundleIdentifier" : "com.apple.SentencePieceInternal",
    "size" : 344064,
    "uuid" : "98ef2c45-daf8-3950-9228-465602f77dfc",
    "path" : "\/Volumes\/VOLUME\/*\/SentencePieceInternal.framework\/SentencePieceInternal",
    "name" : "SentencePieceInternal",
    "CFBundleVersion" : "57.3"
  },
  {
    "source" : "P",
    "arch" : "arm64",
    "base" : 5368971264,
    "CFBundleShortVersionString" : "9.5.4",
    "CFBundleIdentifier" : "com.apple.VN",
    "size" : 6209536,
    "uuid" : "aac3fc1e-04c4-3825-af80-dba9983f185f",
    "path" : "\/Volumes\/VOLUME\/*\/Vision.framework\/Vision",
    "name" : "Vision",
    "CFBundleVersion" : "9.5.4"
  },
  {
    "source" : "P",
    "arch" : "arm64",
    "base" : 5357142016,
    "CFBundleShortVersionString" : "1.0",
    "CFBundleIdentifier" : "com.apple.LanguageModeling",
    "size" : 1654784,
    "uuid" : "a946b122-bd59-3bce-957f-3239b1349115",
    "path" : "\/Volumes\/VOLUME\/*\/LanguageModeling.framework\/LanguageModeling",
    "name" : "LanguageModeling",
    "CFBundleVersion" : "433.5"
  },
  {
    "source" : "P",
    "arch" : "arm64",
    "base" : 5337415680,
    "size" : 360448,
    "uuid" : "42c1bfd2-656c-3ae7-89ac-2035d6dcc1d9",
    "path" : "\/Volumes\/VOLUME\/*\/libmecab.dylib",
    "name" : "libmecab.dylib"
  },
  {
    "source" : "P",
    "arch" : "arm64",
    "base" : 5281284096,
    "size" : 196608,
    "uuid" : "fe8035c1-8537-39ae-a899-1e34ecba2dcb",
    "path" : "\/Volumes\/VOLUME\/*\/libCRFSuite.dylib",
    "name" : "libCRFSuite.dylib"
  },
  {
    "source" : "P",
    "arch" : "arm64",
    "base" : 5102567424,
    "size" : 16384,
    "uuid" : "cc32edb3-1241-334a-891a-804c29657134",
    "path" : "\/Volumes\/VOLUME\/*\/libgermantok.dylib",
    "name" : "libgermantok.dylib"
  },
  {
    "source" : "P",
    "arch" : "arm64",
    "base" : 5194235904,
    "size" : 32768,
    "uuid" : "2c7d68db-4002-327e-b843-4fea9794735e",
    "path" : "\/Volumes\/VOLUME\/*\/libThaiTokenizer.dylib",
    "name" : "libThaiTokenizer.dylib"
  },
  {
    "source" : "P",
    "arch" : "arm64",
    "base" : 5438455808,
    "CFBundleShortVersionString" : "1.0",
    "CFBundleIdentifier" : "com.apple.CoreML",
    "size" : 5324800,
    "uuid" : "37c003e7-8611-3046-b0fb-f7151c1a0773",
    "path" : "\/Volumes\/VOLUME\/*\/CoreML.framework\/CoreML",
    "name" : "CoreML",
    "CFBundleVersion" : "3520.5.1"
  },
  {
    "source" : "P",
    "arch" : "arm64",
    "base" : 5350801408,
    "CFBundleShortVersionString" : "1.0",
    "CFBundleIdentifier" : "com.apple.CoreML.MLAssetIO",
    "size" : 491520,
    "uuid" : "beec3632-d8f8-34b1-8477-4ac458e64a1d",
    "path" : "\/Volumes\/VOLUME\/*\/MLAssetIO.framework\/MLAssetIO",
    "name" : "MLAssetIO",
    "CFBundleVersion" : "3520.5.1"
  },
  {
    "source" : "P",
    "arch" : "arm64",
    "base" : 5491884032,
    "CFBundleShortVersionString" : "6.5.1",
    "CFBundleIdentifier" : "com.apple.MetalPerformanceShadersGraph",
    "size" : 18939904,
    "uuid" : "bbf82850-92c5-3d63-aa4d-73da1a27b855",
    "path" : "\/Volumes\/VOLUME\/*\/MetalPerformanceShadersGraph.framework\/MetalPerformanceShadersGraph",
    "name" : "MetalPerformanceShadersGraph",
    "CFBundleVersion" : "6.5.1"
  },
  {
    "source" : "P",
    "arch" : "arm64",
    "base" : 5362057216,
    "CFBundleShortVersionString" : "1.0",
    "CFBundleIdentifier" : "com.apple.mlpt.ODIE",
    "size" : 2424832,
    "uuid" : "a6e310c6-97fb-3b7b-8c31-dee56e766737",
    "path" : "\/Volumes\/VOLUME\/*\/ODIE.framework\/ODIE",
    "name" : "ODIE",
    "CFBundleVersion" : "1"
  },
  {
    "source" : "P",
    "arch" : "arm64",
    "base" : 5359206400,
    "CFBundleShortVersionString" : "1.0",
    "CFBundleIdentifier" : "com.apple.MetalPerformanceShaders.MPSCore",
    "size" : 704512,
    "uuid" : "46ba087b-e078-3744-ae66-03560f6973fe",
    "path" : "\/Volumes\/VOLUME\/*\/MetalPerformanceShaders.framework\/Frameworks\/MPSCore.framework\/MPSCore",
    "name" : "MPSCore",
    "CFBundleVersion" : "1"
  },
  {
    "source" : "P",
    "arch" : "arm64",
    "base" : 5366890496,
    "CFBundleShortVersionString" : "1.0",
    "CFBundleIdentifier" : "com.apple.MetalPerformanceShaders.MPSImage",
    "size" : 606208,
    "uuid" : "6ae0c534-f970-34a3-a6ca-fb412ab9d142",
    "path" : "\/Volumes\/VOLUME\/*\/MetalPerformanceShaders.framework\/Frameworks\/MPSImage.framework\/MPSImage",
    "name" : "MPSImage",
    "CFBundleVersion" : "1"
  },
  {
    "source" : "P",
    "arch" : "arm64",
    "base" : 5451415552,
    "CFBundleShortVersionString" : "1.0",
    "CFBundleIdentifier" : "com.apple.MetalPerformanceShaders.MPSNeuralNetwork",
    "size" : 2342912,
    "uuid" : "283900f7-99ae-3dfd-a540-5537bb82d41d",
    "path" : "\/Volumes\/VOLUME\/*\/MetalPerformanceShaders.framework\/Frameworks\/MPSNeuralNetwork.framework\/MPSNeuralNetwork",
    "name" : "MPSNeuralNetwork",
    "CFBundleVersion" : "1"
  },
  {
    "source" : "P",
    "arch" : "arm64",
    "base" : 5349670912,
    "CFBundleShortVersionString" : "1.0",
    "CFBundleIdentifier" : "com.apple.MetalPerformanceShaders.MPSMatrix",
    "size" : 180224,
    "uuid" : "27ff3da2-d520-3470-a818-8b936b121882",
    "path" : "\/Volumes\/VOLUME\/*\/MetalPerformanceShaders.framework\/Frameworks\/MPSMatrix.framework\/MPSMatrix",
    "name" : "MPSMatrix",
    "CFBundleVersion" : "1"
  },
  {
    "source" : "P",
    "arch" : "arm64",
    "base" : 5350129664,
    "CFBundleShortVersionString" : "1.0",
    "CFBundleIdentifier" : "com.apple.MetalPerformanceShaders.MPSRayIntersector",
    "size" : 327680,
    "uuid" : "83305200-06d8-391c-805c-17008293764d",
    "path" : "\/Volumes\/VOLUME\/*\/MetalPerformanceShaders.framework\/Frameworks\/MPSRayIntersector.framework\/MPSRayIntersector",
    "name" : "MPSRayIntersector",
    "CFBundleVersion" : "1"
  },
  {
    "source" : "P",
    "arch" : "arm64",
    "base" : 5447892992,
    "CFBundleShortVersionString" : "1.0",
    "CFBundleIdentifier" : "com.apple.MetalPerformanceShaders.MPSNDArray",
    "size" : 1884160,
    "uuid" : "5ea0bbee-6a36-3982-af5c-893bbf4c26f8",
    "path" : "\/Volumes\/VOLUME\/*\/MetalPerformanceShaders.framework\/Frameworks\/MPSNDArray.framework\/MPSNDArray",
    "name" : "MPSNDArray",
    "CFBundleVersion" : "1"
  },
  {
    "source" : "P",
    "arch" : "arm64",
    "base" : 5195874304,
    "CFBundleShortVersionString" : "1.0",
    "CFBundleIdentifier" : "com.apple.MPSFunctions",
    "size" : 81920,
    "uuid" : "ccb19391-0f1d-3ba2-a3da-b41925ee6b43",
    "path" : "\/Volumes\/VOLUME\/*\/MetalPerformanceShaders.framework\/Frameworks\/MPSFunctions.framework\/MPSFunctions",
    "name" : "MPSFunctions",
    "CFBundleVersion" : "1"
  },
  {
    "source" : "P",
    "arch" : "arm64",
    "base" : 5281857536,
    "CFBundleShortVersionString" : "1.0",
    "CFBundleIdentifier" : "com.apple.MPSBenchmarkLoop",
    "size" : 114688,
    "uuid" : "38c0580c-5450-3ea2-8309-d9d5319b0d22",
    "path" : "\/Volumes\/VOLUME\/*\/MetalPerformanceShaders.framework\/Frameworks\/MPSBenchmarkLoop.framework\/MPSBenchmarkLoop",
    "name" : "MPSBenchmarkLoop",
    "CFBundleVersion" : "1"
  },
  {
    "source" : "P",
    "arch" : "arm64",
    "base" : 5196464128,
    "CFBundleShortVersionString" : "1.0",
    "CFBundleIdentifier" : "com.apple.MPSHost",
    "size" : 32768,
    "uuid" : "74563c33-e018-322e-a82d-1a0954fb069f",
    "path" : "\/Volumes\/VOLUME\/*\/MetalPerformanceShaders.framework\/Frameworks\/MPSHost.framework\/MPSHost",
    "name" : "MPSHost",
    "CFBundleVersion" : "1"
  },
  {
    "source" : "P",
    "arch" : "arm64",
    "base" : 5458313216,
    "CFBundleShortVersionString" : "1.0",
    "CFBundleIdentifier" : "com.apple.gpusw.MetalTools",
    "size" : 1343488,
    "uuid" : "4391cffb-82d4-3fe4-a386-e372116c02ed",
    "path" : "\/Volumes\/VOLUME\/*\/MetalTools.framework\/MetalTools",
    "name" : "MetalTools",
    "CFBundleVersion" : "1"
  },
  {
    "source" : "P",
    "arch" : "arm64",
    "base" : 5300584448,
    "CFBundleShortVersionString" : "1.0",
    "CFBundleIdentifier" : "com.apple.ggml.ModelAsset",
    "size" : 98304,
    "uuid" : "97d6ffc5-e030-3bf4-a3cd-b55d71d1bdd3",
    "path" : "\/Volumes\/VOLUME\/*\/MLModelAsset.framework\/MLModelAsset",
    "name" : "MLModelAsset",
    "CFBundleVersion" : "1"
  },
  {
    "source" : "P",
    "arch" : "arm64",
    "base" : 5281628160,
    "size" : 81920,
    "uuid" : "cfa4ace6-856b-35df-b3bc-e6b0223e116a",
    "path" : "\/Volumes\/VOLUME\/*\/libcmph.dylib",
    "name" : "libcmph.dylib"
  },
  {
    "source" : "P",
    "arch" : "arm64",
    "base" : 5364924416,
    "CFBundleShortVersionString" : "1.74.0",
    "CFBundleIdentifier" : "com.apple.CoreSceneUnderstanding",
    "size" : 999424,
    "uuid" : "986b4d34-03f5-3506-a63c-2a489279fe62",
    "path" : "\/Volumes\/VOLUME\/*\/CoreSceneUnderstanding.framework\/CoreSceneUnderstanding",
    "name" : "CoreSceneUnderstanding",
    "CFBundleVersion" : "1.74.0"
  },
  {
    "source" : "P",
    "arch" : "arm64",
    "base" : 5360238592,
    "CFBundleShortVersionString" : "9.5.4",
    "CFBundleIdentifier" : "com.apple.VisionCore",
    "size" : 245760,
    "uuid" : "c51e0180-7e64-321c-ae97-280a5805e09e",
    "path" : "\/Volumes\/VOLUME\/*\/VisionCore.framework\/VisionCore",
    "name" : "VisionCore",
    "CFBundleVersion" : "9.5.4"
  },
  {
    "source" : "P",
    "arch" : "arm64",
    "base" : 5470830592,
    "size" : 6356992,
    "uuid" : "d203d005-4c8e-34e9-ad73-1e54cbefc5ad",
    "path" : "\/Volumes\/VOLUME\/*\/Vision.framework\/libfaceCore.dylib",
    "name" : "libfaceCore.dylib"
  },
  {
    "source" : "P",
    "arch" : "arm64",
    "base" : 5313249280,
    "CFBundleShortVersionString" : "1.0",
    "CFBundleIdentifier" : "com.apple.Futhark",
    "size" : 98304,
    "uuid" : "48772939-aa43-33fc-8082-916ca7bc0f1c",
    "path" : "\/Volumes\/VOLUME\/*\/Futhark.framework\/Futhark",
    "name" : "Futhark",
    "CFBundleVersion" : "1"
  },
  {
    "source" : "P",
    "arch" : "arm64",
    "base" : 5360844800,
    "CFBundleShortVersionString" : "1.0",
    "CFBundleIdentifier" : "com.apple.acg.InertiaCam",
    "size" : 475136,
    "uuid" : "ee3db25c-f4ee-37f7-8022-0ece493203bb",
    "path" : "\/Volumes\/VOLUME\/*\/InertiaCam.framework\/InertiaCam",
    "name" : "InertiaCam",
    "CFBundleVersion" : "1"
  },
  {
    "source" : "P",
    "arch" : "arm64",
    "base" : 5466193920,
    "CFBundleShortVersionString" : "1.0",
    "CFBundleIdentifier" : "com.apple.TextRecognition",
    "size" : 2359296,
    "uuid" : "8d531aa8-24df-337c-8e09-c6453cbe6810",
    "path" : "\/Volumes\/VOLUME\/*\/TextRecognition.framework\/TextRecognition",
    "name" : "TextRecognition",
    "CFBundleVersion" : "157"
  },
  {
    "source" : "P",
    "arch" : "arm64",
    "base" : 5311119360,
    "CFBundleShortVersionString" : "8.0",
    "CFBundleIdentifier" : "com.apple.DataDetection",
    "size" : 49152,
    "uuid" : "db0b435c-be4d-3d31-8bcf-cccd792a2264",
    "path" : "\/Volumes\/VOLUME\/*\/DataDetection.framework\/DataDetection",
    "name" : "DataDetection",
    "CFBundleVersion" : "821.7"
  },
  {
    "source" : "P",
    "arch" : "arm64",
    "base" : 5382635520,
    "CFBundleShortVersionString" : "1.0",
    "CFBundleIdentifier" : "com.apple.CVNLP",
    "size" : 966656,
    "uuid" : "3f7c8c8e-05ae-3c42-b3bd-74504431c42c",
    "path" : "\/Volumes\/VOLUME\/*\/CVNLP.framework\/CVNLP",
    "name" : "CVNLP",
    "CFBundleVersion" : "119"
  },
  {
    "source" : "P",
    "arch" : "arm64",
    "base" : 5245829120,
    "CFBundleShortVersionString" : "1.0",
    "CFBundleIdentifier" : "com.apple.GeoServices",
    "size" : 32768,
    "uuid" : "6ec25614-313c-338c-aad1-aec830781487",
    "path" : "\/Volumes\/VOLUME\/*\/GeoServicesCore.framework\/GeoServicesCore",
    "name" : "GeoServicesCore",
    "CFBundleVersion" : "2031.35.2.9.20"
  },
  {
    "source" : "P",
    "arch" : "arm64",
    "base" : 5311283200,
    "CFBundleShortVersionString" : "1.0",
    "CFBundleIdentifier" : "com.apple.PushKit",
    "size" : 49152,
    "uuid" : "199f70da-6159-37db-b9c4-d2f5eddb6277",
    "path" : "\/Volumes\/VOLUME\/*\/PushKit.framework\/PushKit",
    "name" : "PushKit",
    "CFBundleVersion" : "1"
  },
  {
    "source" : "P",
    "arch" : "arm64",
    "base" : 5352128512,
    "CFBundleShortVersionString" : "1.0",
    "CFBundleIdentifier" : "com.apple.Engram",
    "size" : 98304,
    "uuid" : "418455b3-ef6d-3f95-8979-fb528fdb38f9",
    "path" : "\/Volumes\/VOLUME\/*\/Engram.framework\/Engram",
    "name" : "Engram",
    "CFBundleVersion" : "1"
  },
  {
    "source" : "P",
    "arch" : "arm64",
    "base" : 5454938112,
    "CFBundleShortVersionString" : "1.0.0",
    "CFBundleIdentifier" : "com.apple.AsyncAlgorithmsInternal",
    "size" : 524288,
    "uuid" : "498324d9-956a-363c-9954-bc6fad60d092",
    "path" : "\/Volumes\/VOLUME\/*\/AsyncAlgorithmsInternal.framework\/AsyncAlgorithmsInternal",
    "name" : "AsyncAlgorithmsInternal"
  },
  {
    "source" : "P",
    "arch" : "arm64",
    "base" : 4873306112,
    "CFBundleShortVersionString" : "10.0",
    "CFBundleIdentifier" : "com.apple.marco",
    "size" : 16384,
    "uuid" : "aee53122-ab9d-3359-8b26-3c7d68108074",
    "path" : "\/Volumes\/VOLUME\/*\/Marco.framework\/Marco",
    "name" : "Marco",
    "CFBundleVersion" : "1000"
  },
  {
    "source" : "P",
    "arch" : "arm64",
    "base" : 5461688320,
    "CFBundleShortVersionString" : "1.0",
    "CFBundleIdentifier" : "com.apple.internal.XPCDistributed",
    "size" : 409600,
    "uuid" : "391e2051-fbdb-3b4c-b6b1-0bfeb5992063",
    "path" : "\/Volumes\/VOLUME\/*\/XPCDistributed.framework\/XPCDistributed",
    "name" : "XPCDistributed",
    "CFBundleVersion" : "1"
  },
  {
    "source" : "P",
    "arch" : "arm64",
    "base" : 4927258624,
    "CFBundleShortVersionString" : "8.0",
    "CFBundleIdentifier" : "com.apple.ftawd",
    "size" : 16384,
    "uuid" : "a2b69e49-6093-3966-94ea-fefef1d12a5d",
    "path" : "\/Volumes\/VOLUME\/*\/FTAWD.framework\/FTAWD",
    "name" : "FTAWD",
    "CFBundleVersion" : "900"
  },
  {
    "source" : "P",
    "arch" : "arm64",
    "base" : 5350621184,
    "CFBundleShortVersionString" : "1.0",
    "CFBundleIdentifier" : "com.apple.AppleIDAuthSupport",
    "size" : 65536,
    "uuid" : "d9238093-5c89-30e8-8b0f-5dc96e05a359",
    "path" : "\/Volumes\/VOLUME\/*\/AppleIDAuthSupport.framework\/AppleIDAuthSupport",
    "name" : "AppleIDAuthSupport",
    "CFBundleVersion" : "1"
  },
  {
    "source" : "P",
    "arch" : "arm64",
    "base" : 5535875072,
    "CFBundleShortVersionString" : "2360.120.2",
    "CFBundleIdentifier" : "com.apple.cloudkit.CloudKit",
    "size" : 3801088,
    "uuid" : "74c2b678-2477-3b45-bb6a-4a8db3903d54",
    "path" : "\/Volumes\/VOLUME\/*\/CloudKit.framework\/CloudKit",
    "name" : "CloudKit",
    "CFBundleVersion" : "2360.120.2"
  },
  {
    "source" : "P",
    "arch" : "arm64",
    "base" : 5130469376,
    "CFBundleShortVersionString" : "1.0",
    "CFBundleIdentifier" : "com.apple.CoreDuetDaemonProtocol",
    "size" : 16384,
    "uuid" : "0840920c-795f-3c1e-9f96-104214177171",
    "path" : "\/Volumes\/VOLUME\/*\/CoreDuetDaemonProtocol.framework\/CoreDuetDaemonProtocol",
    "name" : "CoreDuetDaemonProtocol",
    "CFBundleVersion" : "1"
  },
  {
    "source" : "P",
    "arch" : "arm64",
    "base" : 5455724544,
    "CFBundleShortVersionString" : "1.3",
    "CFBundleIdentifier" : "com.apple.cloudkit.C2",
    "size" : 360448,
    "uuid" : "811d4d42-e988-3f1e-9ef7-033ed03b23aa",
    "path" : "\/Volumes\/VOLUME\/*\/C2.framework\/C2",
    "name" : "C2",
    "CFBundleVersion" : "2300.120"
  },
  {
    "source" : "P",
    "arch" : "arm64",
    "base" : 5456543744,
    "CFBundleIdentifier" : "com.apple.cloudkit.CloudCoreInternal",
    "size" : 393216,
    "uuid" : "cadcd3ae-f2a8-3c05-9940-7fb3f1be0a43",
    "path" : "\/Volumes\/VOLUME\/*\/CloudCoreInternal.framework\/CloudCoreInternal",
    "name" : "CloudCoreInternal",
    "CFBundleVersion" : "2360.120.2"
  },
  {
    "source" : "P",
    "arch" : "arm64",
    "base" : 5463162880,
    "CFBundleShortVersionString" : "1.0",
    "CFBundleIdentifier" : "com.apple.ProtectedCloudStorage",
    "size" : 573440,
    "uuid" : "6db11e7c-7e4e-3e53-bbf4-37e6ed5871cf",
    "path" : "\/Volumes\/VOLUME\/*\/ProtectedCloudStorage.framework\/ProtectedCloudStorage",
    "name" : "ProtectedCloudStorage",
    "CFBundleVersion" : "1"
  },
  {
    "source" : "P",
    "arch" : "arm64",
    "base" : 5383880704,
    "CFBundleIdentifier" : "com.apple.cloudkit.CloudAsset",
    "size" : 360448,
    "uuid" : "36b4977d-c2fa-33c0-ae9f-08adb8c6f343",
    "path" : "\/Volumes\/VOLUME\/*\/CloudAsset.framework\/CloudAsset",
    "name" : "CloudAsset",
    "CFBundleVersion" : "2360.120.2"
  },
  {
    "source" : "P",
    "arch" : "arm64",
    "base" : 5457428480,
    "CFBundleShortVersionString" : "1.0.1",
    "CFBundleIdentifier" : "com.apple.CoreTransferable",
    "size" : 245760,
    "uuid" : "a285e09d-ef16-3385-a9ac-a84aba57d756",
    "path" : "\/Volumes\/VOLUME\/*\/CoreTransferable.framework\/CoreTransferable",
    "name" : "CoreTransferable",
    "CFBundleVersion" : "1"
  },
  {
    "source" : "P",
    "arch" : "arm64",
    "base" : 5361532928,
    "CFBundleShortVersionString" : "3075.0.8",
    "CFBundleIdentifier" : "com.apple.locationsupport",
    "size" : 212992,
    "uuid" : "f5e1d9e0-3184-36f7-ae61-98b8d7693968",
    "path" : "\/Volumes\/VOLUME\/*\/LocationSupport.framework\/LocationSupport",
    "name" : "LocationSupport",
    "CFBundleVersion" : "3075.0.8"
  },
  {
    "source" : "P",
    "arch" : "arm64",
    "base" : 5351931904,
    "CFBundleIdentifier" : "com.apple.CoreLocation.LocationLogEncryption",
    "size" : 32768,
    "uuid" : "e137f637-d9b4-3cdf-acfc-b014381150e2",
    "path" : "\/Volumes\/VOLUME\/*\/LocationLogEncryption.framework\/LocationLogEncryption",
    "name" : "LocationLogEncryption",
    "CFBundleVersion" : "3075.0.8"
  },
  {
    "source" : "P",
    "arch" : "arm64",
    "base" : 5352030208,
    "size" : 32768,
    "uuid" : "6d9fd7ed-207b-3ecb-ac7a-5d79e9a4e8d9",
    "path" : "\/Volumes\/VOLUME\/*\/libheimdal-asn1.dylib",
    "name" : "libheimdal-asn1.dylib"
  },
  {
    "source" : "P",
    "arch" : "arm64",
    "base" : 5366267904,
    "CFBundleShortVersionString" : "1.0",
    "CFBundleIdentifier" : "com.apple.security.octagontrust",
    "size" : 196608,
    "uuid" : "d1ca7480-ca98-3999-b851-dcf5d11441ec",
    "path" : "\/Volumes\/VOLUME\/*\/OctagonTrust.framework\/OctagonTrust",
    "name" : "OctagonTrust",
    "CFBundleVersion" : "1"
  },
  {
    "source" : "P",
    "arch" : "arm64",
    "base" : 5381963776,
    "CFBundleShortVersionString" : "1.0",
    "CFBundleIdentifier" : "com.apple.security.KeychainCircle.KeychainCircle",
    "size" : 262144,
    "uuid" : "1dae75a7-3b17-3039-9224-9a7bb9e020ca",
    "path" : "\/Volumes\/VOLUME\/*\/KeychainCircle.framework\/KeychainCircle",
    "name" : "KeychainCircle",
    "CFBundleVersion" : "1"
  },
  {
    "source" : "P",
    "arch" : "arm64",
    "base" : 5482938368,
    "CFBundleShortVersionString" : "1.0",
    "CFBundleIdentifier" : "com.apple.UIFoundation",
    "size" : 1441792,
    "uuid" : "3ce0749b-0647-34a0-991b-52feca254f62",
    "path" : "\/Volumes\/VOLUME\/*\/UIFoundation.framework\/UIFoundation",
    "name" : "UIFoundation",
    "CFBundleVersion" : "1019"
  },
  {
    "source" : "P",
    "arch" : "arm64",
    "base" : 5352521728,
    "CFBundleShortVersionString" : "1.0",
    "CFBundleIdentifier" : "com.apple.IntentsFoundation",
    "size" : 65536,
    "uuid" : "2c0dda38-2bb0-3b32-9931-48fce60eb6f8",
    "path" : "\/Volumes\/VOLUME\/*\/IntentsFoundation.framework\/IntentsFoundation",
    "name" : "IntentsFoundation",
    "CFBundleVersion" : "1"
  },
  {
    "source" : "P",
    "arch" : "arm64",
    "base" : 5479989248,
    "CFBundleShortVersionString" : "1.0",
    "CFBundleIdentifier" : "com.apple.AppProtection",
    "size" : 770048,
    "uuid" : "de592ae7-e5b9-362f-953a-18375c17bf93",
    "path" : "\/Volumes\/VOLUME\/*\/AppProtection.framework\/AppProtection",
    "name" : "AppProtection",
    "CFBundleVersion" : "1"
  },
  {
    "source" : "P",
    "arch" : "arm64",
    "base" : 5485887488,
    "CFBundleShortVersionString" : "1.0",
    "CFBundleIdentifier" : "com.apple.CoreSuggestions",
    "size" : 802816,
    "uuid" : "2150a988-acf1-33ed-86c2-342cf4e7c0b1",
    "path" : "\/Volumes\/VOLUME\/*\/CoreSuggestions.framework\/CoreSuggestions",
    "name" : "CoreSuggestions",
    "CFBundleVersion" : "1311.7"
  },
  {
    "source" : "P",
    "arch" : "arm64",
    "base" : 5542428672,
    "CFBundleShortVersionString" : "1.0",
    "CFBundleIdentifier" : "com.apple.CoreSpotlight",
    "size" : 1310720,
    "uuid" : "bb07aad8-408c-3cac-9633-8b4db90a43c8",
    "path" : "\/Volumes\/VOLUME\/*\/CoreSpotlight.framework\/CoreSpotlight",
    "name" : "CoreSpotlight",
    "CFBundleVersion" : "2418.5.9.101"
  },
  {
    "source" : "P",
    "arch" : "arm64",
    "base" : 5464391680,
    "CFBundleShortVersionString" : "1.0",
    "CFBundleIdentifier" : "com.apple.proactive.support.ProactiveEventTracker",
    "size" : 229376,
    "uuid" : "6251c07f-fe72-37e9-b45c-019b43a5be19",
    "path" : "\/Volumes\/VOLUME\/*\/ProactiveEventTracker.framework\/ProactiveEventTracker",
    "name" : "ProactiveEventTracker",
    "CFBundleVersion" : "418.1"
  },
  {
    "source" : "P",
    "arch" : "arm64",
    "base" : 5481299968,
    "CFBundleShortVersionString" : "1.0",
    "CFBundleIdentifier" : "com.apple.spotlight.metadata.utilities",
    "size" : 425984,
    "uuid" : "80bd53cf-6f5a-3bf7-97f6-7ef2eb7e9934",
    "path" : "\/Volumes\/VOLUME\/*\/MetadataUtilities.framework\/MetadataUtilities",
    "name" : "MetadataUtilities",
    "CFBundleVersion" : "2418.5.9.101"
  },
  {
    "source" : "P",
    "arch" : "arm64",
    "base" : 5352325120,
    "CFBundleShortVersionString" : "1.0",
    "CFBundleIdentifier" : "com.apple.spotlight.CSExattrCrypto",
    "size" : 65536,
    "uuid" : "07d8f612-a736-3e81-9689-86a299521f6e",
    "path" : "\/Volumes\/VOLUME\/*\/CSExattrCrypto.framework\/CSExattrCrypto",
    "name" : "CSExattrCrypto",
    "CFBundleVersion" : "2418.5.9.101"
  },
  {
    "source" : "P",
    "arch" : "arm64",
    "base" : 5450924032,
    "CFBundleShortVersionString" : "1.0",
    "CFBundleIdentifier" : "com.apple.CellularPlanManager",
    "size" : 114688,
    "uuid" : "ca127a46-f1cf-3bad-b1ac-946fd6eae6f0",
    "path" : "\/Volumes\/VOLUME\/*\/CellularPlanManager.framework\/CellularPlanManager",
    "name" : "CellularPlanManager",
    "CFBundleVersion" : "13187.6"
  },
  {
    "source" : "P",
    "arch" : "arm64",
    "base" : 5487673344,
    "CFBundleShortVersionString" : "1.2",
    "CFBundleIdentifier" : "com.apple.ClassKit",
    "size" : 753664,
    "uuid" : "5490bb36-bbd6-39d7-be6c-d9415381d57c",
    "path" : "\/Volumes\/VOLUME\/*\/ClassKit.framework\/ClassKit",
    "name" : "ClassKit",
    "CFBundleVersion" : "151.5"
  },
  {
    "source" : "P",
    "arch" : "arm64",
    "base" : 5482151936,
    "CFBundleShortVersionString" : "1.0",
    "CFBundleIdentifier" : "com.apple.contacts.vCard",
    "size" : 245760,
    "uuid" : "535ceda8-0cc5-3a1a-a769-e1bc78c648d1",
    "path" : "\/Volumes\/VOLUME\/*\/vCard.framework\/vCard",
    "name" : "vCard",
    "CFBundleVersion" : "3804.600.21"
  },
  {
    "source" : "P",
    "arch" : "arm64",
    "base" : 5361909760,
    "CFBundleShortVersionString" : "1.2",
    "CFBundleIdentifier" : "com.apple.ManagedOrganizationContacts",
    "size" : 32768,
    "uuid" : "18886b94-b752-3920-ad98-ae4698288471",
    "path" : "\/Volumes\/VOLUME\/*\/ManagedOrganizationContacts.framework\/ManagedOrganizationContacts",
    "name" : "ManagedOrganizationContacts",
    "CFBundleVersion" : "151.5"
  },
  {
    "source" : "P",
    "arch" : "arm64",
    "base" : 5545361408,
    "CFBundleShortVersionString" : "1.0",
    "CFBundleIdentifier" : "com.apple.CloudDocs",
    "size" : 786432,
    "uuid" : "4d3c974e-445c-37d9-8d7c-a16ad728ab71",
    "path" : "\/Volumes\/VOLUME\/*\/CloudDocs.framework\/CloudDocs",
    "name" : "CloudDocs",
    "CFBundleVersion" : "4479.122.1"
  },
  {
    "source" : "P",
    "arch" : "arm64",
    "base" : 5381636096,
    "size" : 98304,
    "uuid" : "19cdf706-ec87-3bac-9bca-a5b0fa5dbfe9",
    "path" : "\/Volumes\/VOLUME\/*\/libprequelite.dylib",
    "name" : "libprequelite.dylib"
  },
  {
    "source" : "P",
    "arch" : "arm64",
    "base" : 5465489408,
    "CFBundleShortVersionString" : "1.0",
    "CFBundleIdentifier" : "com.apple.LiveCommunicationKit",
    "size" : 294912,
    "uuid" : "3156f7db-02ec-3005-8bdb-9f5bd86fc5e5",
    "path" : "\/Volumes\/VOLUME\/*\/LiveCommunicationKit.framework\/LiveCommunicationKit",
    "name" : "LiveCommunicationKit",
    "CFBundleVersion" : "1"
  },
  {
    "source" : "P",
    "arch" : "arm64",
    "base" : 5366693888,
    "CFBundleShortVersionString" : "1.0",
    "CFBundleIdentifier" : "com.apple.CallsUtilities",
    "size" : 32768,
    "uuid" : "7dd808e4-ebfe-39f4-9ecd-1f0aaff7cdda",
    "path" : "\/Volumes\/VOLUME\/*\/CallsUtilities.framework\/CallsUtilities",
    "name" : "CallsUtilities",
    "CFBundleVersion" : "1"
  },
  {
    "source" : "P",
    "arch" : "arm64",
    "base" : 5464915968,
    "CFBundleShortVersionString" : "1.0",
    "CFBundleIdentifier" : "com.apple.CallsXPC",
    "size" : 114688,
    "uuid" : "bc1ad98c-ea79-37d4-8d1e-d34931112d70",
    "path" : "\/Volumes\/VOLUME\/*\/CallsXPC.framework\/CallsXPC",
    "name" : "CallsXPC",
    "CFBundleVersion" : "1"
  },
  {
    "source" : "P",
    "arch" : "arm64",
    "base" : 5368856576,
    "size" : 16384,
    "uuid" : "d192166b-609c-3e67-bcbd-75f475ce5187",
    "path" : "\/Volumes\/VOLUME\/*\/libswiftCallKit.dylib",
    "name" : "libswiftCallKit.dylib"
  },
  {
    "source" : "P",
    "arch" : "arm64",
    "base" : 5489459200,
    "CFBundleShortVersionString" : "1.0",
    "CFBundleIdentifier" : "com.apple.RemoteTextInput",
    "size" : 229376,
    "uuid" : "8c93c450-cbbe-3dea-888e-dddec9f3f445",
    "path" : "\/Volumes\/VOLUME\/*\/RemoteTextInput.framework\/RemoteTextInput",
    "name" : "RemoteTextInput",
    "CFBundleVersion" : "1"
  },
  {
    "source" : "P",
    "arch" : "arm64",
    "base" : 5547016192,
    "CFBundleShortVersionString" : "1.0",
    "CFBundleIdentifier" : "com.apple.MediaServices",
    "size" : 524288,
    "uuid" : "a5e7a6ce-f9de-34ee-bce9-b4f61c5c40d5",
    "path" : "\/Volumes\/VOLUME\/*\/MediaServices.framework\/MediaServices",
    "name" : "MediaServices",
    "CFBundleVersion" : "4025.600.3"
  },
  {
    "source" : "P",
    "arch" : "arm64",
    "base" : 5490016256,
    "CFBundleShortVersionString" : "1.0",
    "CFBundleIdentifier" : "com.apple.persistentconnection",
    "size" : 180224,
    "uuid" : "09042307-b950-3a01-b66e-26ee0597eae1",
    "path" : "\/Volumes\/VOLUME\/*\/PersistentConnection.framework\/PersistentConnection",
    "name" : "PersistentConnection",
    "CFBundleVersion" : "1.0"
  },
  {
    "source" : "P",
    "arch" : "arm64",
    "base" : 5548179456,
    "CFBundleShortVersionString" : "1.0",
    "CFBundleIdentifier" : "com.apple.SonicFoundation",
    "size" : 770048,
    "uuid" : "b53560ed-c0dc-3f0e-88b3-5ab8f58807bc",
    "path" : "\/Volumes\/VOLUME\/*\/SonicFoundation.framework\/SonicFoundation",
    "name" : "SonicFoundation",
    "CFBundleVersion" : "25610.26.16.301"
  },
  {
    "source" : "P",
    "arch" : "arm64",
    "base" : 5490442240,
    "CFBundleShortVersionString" : "1.0",
    "CFBundleIdentifier" : "com.apple.Osprey",
    "size" : 294912,
    "uuid" : "c7ecf17a-b70f-3ae1-bbce-d26ddb72ad03",
    "path" : "\/Volumes\/VOLUME\/*\/Osprey.framework\/Osprey",
    "name" : "Osprey",
    "CFBundleVersion" : "1"
  },
  {
    "source" : "P",
    "arch" : "arm64",
    "base" : 5563777024,
    "CFBundleShortVersionString" : "1",
    "CFBundleIdentifier" : "com.apple.siri.tts.SiriTTS",
    "size" : 9715712,
    "uuid" : "68c721a9-dd60-3001-ba38-05bc312cd4fa",
    "path" : "\/Volumes\/VOLUME\/*\/SiriTTS.framework\/SiriTTS",
    "name" : "SiriTTS",
    "CFBundleVersion" : "1"
  },
  {
    "source" : "P",
    "arch" : "arm64",
    "base" : 5381390336,
    "CFBundleShortVersionString" : "1",
    "CFBundleIdentifier" : "com.apple.siri.SiriPowerInstrumentation",
    "size" : 49152,
    "uuid" : "499d00af-b28b-3654-810f-657a77ae5932",
    "path" : "\/Volumes\/VOLUME\/*\/SiriPowerInstrumentation.framework\/SiriPowerInstrumentation",
    "name" : "SiriPowerInstrumentation",
    "CFBundleVersion" : "1.0"
  },
  {
    "source" : "P",
    "arch" : "arm64",
    "base" : 5488902144,
    "size" : 81920,
    "uuid" : "e80d78af-910f-3882-a3a6-c88008efa018",
    "path" : "\/Volumes\/VOLUME\/*\/libswiftCoreAudio_Private.dylib",
    "name" : "libswiftCoreAudio_Private.dylib"
  },
  {
    "source" : "P",
    "arch" : "arm64",
    "base" : 5549621248,
    "CFBundleShortVersionString" : "1.0",
    "CFBundleIdentifier" : "com.apple.crossdevicearbitration.feedback",
    "size" : 393216,
    "uuid" : "45a025d6-af3c-30fa-8e74-7ab072cf8763",
    "path" : "\/Volumes\/VOLUME\/*\/SiriCrossDeviceArbitrationFeedback.framework\/SiriCrossDeviceArbitrationFeedback",
    "name" : "SiriCrossDeviceArbitrationFeedback",
    "CFBundleVersion" : "1"
  },
  {
    "source" : "P",
    "arch" : "arm64",
    "base" : 5490999296,
    "CFBundleShortVersionString" : "1.0",
    "CFBundleIdentifier" : "com.apple.setupandmigration.SetupAssistantSupport",
    "size" : 114688,
    "uuid" : "ef7556c4-7077-354c-aa5a-daf2c4126e8f",
    "path" : "\/Volumes\/VOLUME\/*\/SetupAssistantSupport.framework\/SetupAssistantSupport",
    "name" : "SetupAssistantSupport",
    "CFBundleVersion" : "550.4.6"
  },
  {
    "source" : "P",
    "arch" : "arm64",
    "base" : 5550456832,
    "CFBundleShortVersionString" : "1.0",
    "CFBundleIdentifier" : "com.apple.icloud.FindMyDevice",
    "size" : 180224,
    "uuid" : "27c0e605-4ee3-3dd6-a6ca-778ac0a8342d",
    "path" : "\/Volumes\/VOLUME\/*\/FindMyDevice.framework\/FindMyDevice",
    "name" : "FindMyDevice",
    "CFBundleVersion" : "71"
  },
  {
    "source" : "P",
    "arch" : "arm64",
    "base" : 5550915584,
    "CFBundleShortVersionString" : "1.0",
    "CFBundleIdentifier" : "com.apple.IntlPreferences",
    "size" : 163840,
    "uuid" : "ad0b8e08-04ee-360d-96c3-5428f4689ab0",
    "path" : "\/Volumes\/VOLUME\/*\/IntlPreferences.framework\/IntlPreferences",
    "name" : "IntlPreferences",
    "CFBundleVersion" : "475.4.1"
  },
  {
    "source" : "P",
    "arch" : "arm64",
    "base" : 5551308800,
    "CFBundleShortVersionString" : "1.0",
    "CFBundleIdentifier" : "com.apple.icloud.FMCoreLite",
    "size" : 131072,
    "uuid" : "1b41e524-45a6-32b0-8d78-03589dabc730",
    "path" : "\/Volumes\/VOLUME\/*\/FMCoreLite.framework\/FMCoreLite",
    "name" : "FMCoreLite",
    "CFBundleVersion" : "1"
  },
  {
    "source" : "P",
    "arch" : "arm64",
    "base" : 5489197056,
    "size" : 114688,
    "uuid" : "47a3e429-ee15-36c3-b15e-179fafe4f237",
    "path" : "\/Volumes\/VOLUME\/*\/libresolv.9.dylib",
    "name" : "libresolv.9.dylib"
  },
  {
    "source" : "P",
    "arch" : "arm64",
    "base" : 5382537216,
    "CFBundleShortVersionString" : "4.0",
    "CFBundleIdentifier" : "com.apple.CommonAuth",
    "size" : 32768,
    "uuid" : "b2ac1156-4718-353f-ab9a-fbbe7270a498",
    "path" : "\/Volumes\/VOLUME\/*\/CommonAuth.framework\/CommonAuth",
    "name" : "CommonAuth",
    "CFBundleVersion" : "2.0"
  },
  {
    "source" : "P",
    "arch" : "arm64",
    "base" : 5552766976,
    "CFBundleShortVersionString" : "1.0",
    "CFBundleIdentifier" : "com.apple.security.CryptoKit-Private",
    "size" : 720896,
    "uuid" : "a8d9cdc5-2d2a-3797-a598-70ebdeb126b4",
    "path" : "\/Volumes\/VOLUME\/*\/CryptoKitPrivate.framework\/CryptoKitPrivate",
    "name" : "CryptoKitPrivate",
    "CFBundleVersion" : "1"
  },
  {
    "source" : "P",
    "arch" : "arm64",
    "base" : 5551669248,
    "CFBundleShortVersionString" : "1.0",
    "CFBundleIdentifier" : "com.apple.awd",
    "size" : 245760,
    "uuid" : "9815983f-2217-340a-a8ec-6c0ceaf09019",
    "path" : "\/Volumes\/VOLUME\/*\/WirelessDiagnostics.framework\/WirelessDiagnostics",
    "name" : "WirelessDiagnostics",
    "CFBundleVersion" : "998"
  },
  {
    "source" : "P",
    "arch" : "arm64",
    "base" : 5556666368,
    "size" : 1310720,
    "uuid" : "a4c7033e-c01e-3443-be15-7984eb823003",
    "path" : "\/Volumes\/VOLUME\/*\/libAWDSupportFramework.dylib",
    "name" : "libAWDSupportFramework.dylib"
  },
  {
    "source" : "P",
    "arch" : "arm64",
    "base" : 5491326976,
    "size" : 212992,
    "uuid" : "422dd41b-04c6-3e2d-84be-fbf9afd49d37",
    "path" : "\/Volumes\/VOLUME\/*\/libAWDSupport.dylib",
    "name" : "libAWDSupport.dylib"
  },
  {
    "source" : "P",
    "arch" : "arm64",
    "base" : 5491654656,
    "size" : 81920,
    "uuid" : "57cb1d39-ab9f-3169-92ef-a8d8dcc347b8",
    "path" : "\/Volumes\/VOLUME\/*\/libprotobuf-lite.dylib",
    "name" : "libprotobuf-lite.dylib"
  },
  {
    "source" : "P",
    "arch" : "arm64",
    "base" : 5554716672,
    "size" : 376832,
    "uuid" : "fcc04cc2-33d7-3a5c-8d9a-469ddde67d59",
    "path" : "\/Volumes\/VOLUME\/*\/libprotobuf.dylib",
    "name" : "libprotobuf.dylib"
  },
  {
    "source" : "P",
    "arch" : "arm64",
    "base" : 5194334208,
    "CFBundleShortVersionString" : "13.0",
    "CFBundleIdentifier" : "com.apple.CaptiveNetworkSupport",
    "size" : 16384,
    "uuid" : "021b6a7f-4d2e-3b21-bfa6-1097fdabf8a0",
    "path" : "\/Volumes\/VOLUME\/*\/CaptiveNetwork.framework\/CaptiveNetwork",
    "name" : "CaptiveNetwork",
    "CFBundleVersion" : "1"
  },
  {
    "source" : "P",
    "arch" : "arm64",
    "base" : 5552160768,
    "CFBundleShortVersionString" : "1.0",
    "CFBundleIdentifier" : "com.apple.SystemWake",
    "size" : 81920,
    "uuid" : "06605bd1-a5a2-3318-9e93-37759d9f2a8c",
    "path" : "\/Volumes\/VOLUME\/*\/SystemWake.framework\/SystemWake",
    "name" : "SystemWake",
    "CFBundleVersion" : "732.1.1"
  },
  {
    "source" : "P",
    "arch" : "arm64",
    "base" : 5585436672,
    "CFBundleShortVersionString" : "2094.60.51",
    "CFBundleIdentifier" : "com.apple.Sharing",
    "size" : 3833856,
    "uuid" : "aa7f0101-7e68-331d-8c42-e1b1f5e19c04",
    "path" : "\/Volumes\/VOLUME\/*\/Sharing.framework\/Sharing",
    "name" : "Sharing",
    "CFBundleVersion" : "2094.60.51"
  },
  {
    "source" : "P",
    "arch" : "arm64",
    "base" : 5337989120,
    "size" : 16384,
    "uuid" : "b194b02d-3f45-3a31-8c84-db35239294eb",
    "path" : "\/Volumes\/VOLUME\/*\/libutil.dylib",
    "name" : "libutil.dylib"
  },
  {
    "source" : "P",
    "arch" : "arm64",
    "base" : 5555552256,
    "CFBundleShortVersionString" : "1.0",
    "CFBundleIdentifier" : "com.apple.PrototypeTools",
    "size" : 163840,
    "uuid" : "7c78cd81-4f91-3369-8b13-450d5a525734",
    "path" : "\/Volumes\/VOLUME\/*\/PrototypeTools.framework\/PrototypeTools",
    "name" : "PrototypeTools",
    "CFBundleVersion" : "1"
  },
  {
    "source" : "P",
    "arch" : "arm64",
    "base" : 5560434688,
    "CFBundleShortVersionString" : "1.0",
    "CFBundleIdentifier" : "com.apple.Pegasus",
    "size" : 425984,
    "uuid" : "3f98a2a1-1fd8-3336-bc2a-346786daf940",
    "path" : "\/Volumes\/VOLUME\/*\/Pegasus.framework\/Pegasus",
    "name" : "Pegasus",
    "CFBundleVersion" : "303"
  },
  {
    "source" : "P",
    "arch" : "arm64",
    "base" : 5562580992,
    "CFBundleShortVersionString" : "26.5",
    "CFBundleIdentifier" : "com.apple.TipKit",
    "size" : 540672,
    "uuid" : "adf6b19a-4c5f-3374-89c4-51e2514e11fc",
    "path" : "\/Volumes\/VOLUME\/*\/TipKit.framework\/TipKit",
    "name" : "TipKit",
    "CFBundleVersion" : "120.5.1"
  },
  {
    "source" : "P",
    "arch" : "arm64",
    "base" : 5458132992,
    "CFBundleShortVersionString" : "1.0",
    "CFBundleIdentifier" : "com.apple.audio.AudioDataAnalysisFramework",
    "size" : 49152,
    "uuid" : "cb302002-6502-3b2a-8d5b-ba91840339e7",
    "path" : "\/Volumes\/VOLUME\/*\/AudioDataAnalysis.framework\/AudioDataAnalysis",
    "name" : "AudioDataAnalysis",
    "CFBundleVersion" : "1"
  },
  {
    "source" : "P",
    "arch" : "arm64",
    "base" : 5579194368,
    "CFBundleShortVersionString" : "1.0",
    "CFBundleIdentifier" : "com.apple.SystemStatus",
    "size" : 475136,
    "uuid" : "afa744cf-fb87-3d6f-92d5-52387f6aa6fd",
    "path" : "\/Volumes\/VOLUME\/*\/SystemStatus.framework\/SystemStatus",
    "name" : "SystemStatus",
    "CFBundleVersion" : "1"
  },
  {
    "source" : "P",
    "arch" : "arm64",
    "base" : 5582127104,
    "CFBundleShortVersionString" : "1000.4.11",
    "CFBundleIdentifier" : "com.apple.FrontBoard",
    "size" : 753664,
    "uuid" : "4bedb879-f316-3ed2-83d3-35ea8cd084c1",
    "path" : "\/Volumes\/VOLUME\/*\/FrontBoard.framework\/FrontBoard",
    "name" : "FrontBoard",
    "CFBundleVersion" : "1000.4.11"
  },
  {
    "source" : "P",
    "arch" : "arm64",
    "base" : 5561434112,
    "CFBundleShortVersionString" : "1.0",
    "CFBundleIdentifier" : "com.apple.DocumentManager",
    "size" : 360448,
    "uuid" : "c1d9e1f0-613d-32ee-8c00-818c9c23bb97",
    "path" : "\/Volumes\/VOLUME\/*\/DocumentManager.framework\/DocumentManager",
    "name" : "DocumentManager",
    "CFBundleVersion" : "367.5.1"
  },
  {
    "source" : "P",
    "arch" : "arm64",
    "base" : 5669617664,
    "CFBundleShortVersionString" : "1.0",
    "CFBundleIdentifier" : "com.apple.UIKitCore",
    "size" : 36634624,
    "uuid" : "12463677-be34-38f7-9e11-3421bbf362fc",
    "path" : "\/Volumes\/VOLUME\/*\/UIKitCore.framework\/UIKitCore",
    "name" : "UIKitCore",
    "CFBundleVersion" : "9126.5.5.2.103"
  },
  {
    "source" : "P",
    "arch" : "arm64",
    "base" : 5596233728,
    "CFBundleShortVersionString" : "2094.60.51",
    "CFBundleIdentifier" : "com.apple.ShareSheet",
    "size" : 1327104,
    "uuid" : "c3a6cb18-8b49-3622-88ee-acb40edcc974",
    "path" : "\/Volumes\/VOLUME\/*\/ShareSheet.framework\/ShareSheet",
    "name" : "ShareSheet",
    "CFBundleVersion" : "2094.60.51"
  },
  {
    "source" : "P",
    "arch" : "arm64",
    "base" : 5583798272,
    "CFBundleShortVersionString" : "1.0",
    "CFBundleIdentifier" : "com.apple.PrintKitUI",
    "size" : 622592,
    "uuid" : "a8eecbc3-bae4-3511-a8b6-7153ea6fd350",
    "path" : "\/Volumes\/VOLUME\/*\/PrintKitUI.framework\/PrintKitUI",
    "name" : "PrintKitUI",
    "CFBundleVersion" : "78.9"
  },
  {
    "source" : "P",
    "arch" : "arm64",
    "base" : 5577932800,
    "CFBundleShortVersionString" : "1.0",
    "CFBundleIdentifier" : "com.apple.DocumentManagerCore",
    "size" : 425984,
    "uuid" : "0a249889-620a-3e29-b7df-a3aeaaf710ab",
    "path" : "\/Volumes\/VOLUME\/*\/DocumentManagerCore.framework\/DocumentManagerCore",
    "name" : "DocumentManagerCore",
    "CFBundleVersion" : "367.5.1"
  },
  {
    "source" : "P",
    "arch" : "arm64",
    "base" : 5553897472,
    "CFBundleShortVersionString" : "1.0",
    "CFBundleIdentifier" : "com.apple.CollectionViewCore",
    "size" : 147456,
    "uuid" : "0fca47a0-e139-3066-a10d-a1fd41d627d3",
    "path" : "\/Volumes\/VOLUME\/*\/CollectionViewCore.framework\/CollectionViewCore",
    "name" : "CollectionViewCore",
    "CFBundleVersion" : "1"
  },
  {
    "source" : "P",
    "arch" : "arm64",
    "base" : 5451251712,
    "CFBundleIdentifier" : "com.apple.UIUtilities",
    "size" : 16384,
    "uuid" : "c735b1e5-d185-3935-973f-52c029ec58cc",
    "path" : "\/Volumes\/VOLUME\/*\/UIUtilities.framework\/UIUtilities",
    "name" : "UIUtilities",
    "CFBundleVersion" : "9126.5.5.2.103"
  },
  {
    "source" : "P",
    "arch" : "arm64",
    "base" : 5465260032,
    "CFBundleShortVersionString" : "26.5",
    "CFBundleIdentifier" : "com.apple.dt.XCTTargetBootstrap",
    "size" : 32768,
    "uuid" : "8c4334df-62f1-3050-997e-702ae97958e1",
    "path" : "\/Volumes\/VOLUME\/*\/XCTTargetBootstrap.framework\/XCTTargetBootstrap",
    "name" : "XCTTargetBootstrap",
    "CFBundleVersion" : "24901"
  },
  {
    "source" : "P",
    "arch" : "arm64",
    "base" : 5603164160,
    "CFBundleShortVersionString" : "8624",
    "CFBundleIdentifier" : "com.apple.WebKitLegacy",
    "size" : 1851392,
    "uuid" : "9d812216-bd06-37f6-a580-615ea96eeca9",
    "path" : "\/Volumes\/VOLUME\/*\/WebKitLegacy.framework\/WebKitLegacy",
    "name" : "WebKitLegacy",
    "CFBundleVersion" : "8624.2.5.10.4"
  },
  {
    "source" : "P",
    "arch" : "arm64",
    "base" : 5465374720,
    "size" : 32768,
    "uuid" : "6678c1b5-e230-3e1a-9d1d-6eff36c8290c",
    "path" : "\/Volumes\/VOLUME\/*\/libapp_launch_measurement.dylib",
    "name" : "libapp_launch_measurement.dylib"
  },
  {
    "source" : "P",
    "arch" : "arm64",
    "base" : 5554257920,
    "CFBundleShortVersionString" : "1.4",
    "CFBundleIdentifier" : "com.apple.performance.DiagnosticRequest",
    "size" : 98304,
    "uuid" : "034e3861-2731-3f37-a6fe-fa0b905dce34",
    "path" : "\/Volumes\/VOLUME\/*\/DiagnosticRequest.framework\/DiagnosticRequest",
    "name" : "DiagnosticRequest",
    "CFBundleVersion" : "4"
  },
  {
    "source" : "P",
    "arch" : "arm64",
    "base" : 5599297536,
    "CFBundleShortVersionString" : "1.0",
    "CFBundleIdentifier" : "com.apple.UIIntelligenceSupport",
    "size" : 1097728,
    "uuid" : "2a3b377d-612a-3e6b-82f1-fd4302eca7aa",
    "path" : "\/Volumes\/VOLUME\/*\/UIIntelligenceSupport.framework\/UIIntelligenceSupport",
    "name" : "UIIntelligenceSupport",
    "CFBundleVersion" : "1"
  },
  {
    "source" : "P",
    "arch" : "arm64",
    "base" : 5607030784,
    "CFBundleShortVersionString" : "7.5.2",
    "CFBundleIdentifier" : "com.apple.DesignLibrary",
    "size" : 1343488,
    "uuid" : "f0585fa0-8c83-33bb-b112-35fff73f378b",
    "path" : "\/Volumes\/VOLUME\/*\/DesignLibrary.framework\/DesignLibrary",
    "name" : "DesignLibrary",
    "CFBundleVersion" : "7.5.2"
  },
  {
    "source" : "P",
    "arch" : "arm64",
    "base" : 5593169920,
    "CFBundleShortVersionString" : "9126.1.5",
    "CFBundleIdentifier" : "com.apple.Gestures",
    "size" : 704512,
    "uuid" : "baae6d5c-3e48-3f4d-bda3-356eaeabcfe7",
    "path" : "\/Volumes\/VOLUME\/*\/Gestures.framework\/Gestures",
    "name" : "Gestures",
    "CFBundleVersion" : "9126.1.5"
  },
  {
    "source" : "P",
    "arch" : "arm64",
    "base" : 5554487296,
    "CFBundleShortVersionString" : "1.0",
    "CFBundleIdentifier" : "com.apple.PointerUIServices",
    "size" : 81920,
    "uuid" : "59094d32-5346-39f8-87a6-abd4adfbf46e",
    "path" : "\/Volumes\/VOLUME\/*\/PointerUIServices.framework\/PointerUIServices",
    "name" : "PointerUIServices",
    "CFBundleVersion" : "1"
  },
  {
    "source" : "P",
    "arch" : "arm64",
    "base" : 5559435264,
    "CFBundleShortVersionString" : "1.0",
    "CFBundleIdentifier" : "com.apple.BacklightServices",
    "size" : 262144,
    "uuid" : "d70906f2-78dc-363c-bf48-f8c2f24266b9",
    "path" : "\/Volumes\/VOLUME\/*\/BacklightServices.framework\/BacklightServices",
    "name" : "BacklightServices",
    "CFBundleVersion" : "1"
  },
  {
    "source" : "P",
    "arch" : "arm64",
    "base" : 5555978240,
    "CFBundleShortVersionString" : "1.0",
    "CFBundleIdentifier" : "com.apple.CoreMaterial",
    "size" : 147456,
    "uuid" : "75474214-954f-31df-8d2a-ceb842b74c6d",
    "path" : "\/Volumes\/VOLUME\/*\/CoreMaterial.framework\/CoreMaterial",
    "name" : "CoreMaterial",
    "CFBundleVersion" : "1"
  },
  {
    "source" : "P",
    "arch" : "arm64",
    "base" : 5580996608,
    "CFBundleShortVersionString" : "1.0",
    "CFBundleIdentifier" : "com.apple.Pasteboard",
    "size" : 229376,
    "uuid" : "a197218d-fd18-30dc-9bd8-03e0174d3da2",
    "path" : "\/Volumes\/VOLUME\/*\/Pasteboard.framework\/Pasteboard",
    "name" : "Pasteboard",
    "CFBundleVersion" : "1000"
  },
  {
    "source" : "P",
    "arch" : "arm64",
    "base" : 5470715904,
    "CFBundleShortVersionString" : "1.0",
    "CFBundleIdentifier" : "com.apple.WritingTools",
    "size" : 32768,
    "uuid" : "bd8fa489-c411-3d61-a440-2c643c55457d",
    "path" : "\/Volumes\/VOLUME\/*\/WritingTools.framework\/WritingTools",
    "name" : "WritingTools",
    "CFBundleVersion" : "1"
  },
  {
    "source" : "P",
    "arch" : "arm64",
    "base" : 5580455936,
    "CFBundleShortVersionString" : "1.0",
    "CFBundleIdentifier" : "com.apple.Accessibility",
    "size" : 131072,
    "uuid" : "036937fa-1455-38d4-bc90-8ac9beda5eec",
    "path" : "\/Volumes\/VOLUME\/*\/Accessibility.framework\/Accessibility",
    "name" : "Accessibility",
    "CFBundleVersion" : "1"
  },
  {
    "source" : "P",
    "arch" : "arm64",
    "base" : 5338071040,
    "CFBundleShortVersionString" : "1",
    "CFBundleIdentifier" : "com.apple.UpdateCycle",
    "size" : 16384,
    "uuid" : "bf336d09-edc7-3103-af09-7ba213f51c1f",
    "path" : "\/Volumes\/VOLUME\/*\/UpdateCycle.framework\/UpdateCycle",
    "name" : "UpdateCycle",
    "CFBundleVersion" : "1"
  },
  {
    "source" : "P",
    "arch" : "arm64",
    "base" : 5556355072,
    "CFBundleShortVersionString" : "1.0",
    "CFBundleIdentifier" : "com.apple.Symbols",
    "size" : 81920,
    "uuid" : "33212bf5-7720-3e89-b6e3-514cc4df4455",
    "path" : "\/Volumes\/VOLUME\/*\/Symbols.framework\/Symbols",
    "name" : "Symbols",
    "CFBundleVersion" : "190.4.0.1"
  },
  {
    "source" : "P",
    "arch" : "arm64",
    "base" : 5746376704,
    "CFBundleShortVersionString" : "7.5.3",
    "CFBundleIdentifier" : "com.apple.SwiftUICore",
    "size" : 13680640,
    "uuid" : "b956b64a-af8d-3b4b-8027-702bb1f65374",
    "path" : "\/Volumes\/VOLUME\/*\/SwiftUICore.framework\/SwiftUICore",
    "name" : "SwiftUICore",
    "CFBundleVersion" : "7.5.3"
  },
  {
    "source" : "P",
    "arch" : "arm64",
    "base" : 5594234880,
    "CFBundleIdentifier" : "com.apple.PhysicsKit",
    "size" : 278528,
    "uuid" : "32502fa6-923a-3aee-8079-55f787c27302",
    "path" : "\/Volumes\/VOLUME\/*\/PhysicsKit.framework\/PhysicsKit",
    "name" : "PhysicsKit",
    "CFBundleVersion" : "42.4.1"
  },
  {
    "source" : "P",
    "arch" : "arm64",
    "base" : 5873631232,
    "CFBundleShortVersionString" : "8624",
    "CFBundleIdentifier" : "com.apple.WebCore",
    "size" : 58949632,
    "uuid" : "8d58434a-b799-3cdd-81b1-7941f178f589",
    "path" : "\/Volumes\/VOLUME\/*\/WebCore.framework\/WebCore",
    "name" : "WebCore",
    "CFBundleVersion" : "8624.2.5.10.4"
  },
  {
    "source" : "P",
    "arch" : "arm64",
    "base" : 5560123392,
    "size" : 180224,
    "uuid" : "afb19f5c-ce7b-3916-b09c-042539e492bc",
    "path" : "\/Volumes\/VOLUME\/*\/libxslt.1.dylib",
    "name" : "libxslt.1.dylib"
  },
  {
    "source" : "P",
    "arch" : "arm64",
    "base" : 5614452736,
    "size" : 3145728,
    "uuid" : "b936867b-8e72-3af3-9d85-5536eb2c9139",
    "path" : "\/Volumes\/VOLUME\/*\/WebCore.framework\/Frameworks\/libANGLE-shared.dylib",
    "name" : "libANGLE-shared.dylib"
  },
  {
    "source" : "P",
    "arch" : "arm64",
    "base" : 5619548160,
    "CFBundleShortVersionString" : "8624",
    "CFBundleIdentifier" : "com.apple.WebGPU",
    "size" : 2490368,
    "uuid" : "e32077b3-4190-3f04-b737-a4e4a3286768",
    "path" : "\/Volumes\/VOLUME\/*\/WebGPU.framework\/WebGPU",
    "name" : "WebGPU",
    "CFBundleVersion" : "8624.2.5.10.4"
  },
  {
    "source" : "P",
    "arch" : "arm64",
    "base" : 5638078464,
    "size" : 11878400,
    "uuid" : "11cdb82e-7f63-3c1e-906f-ec7fb0b65f06",
    "path" : "\/Volumes\/VOLUME\/*\/WebCore.framework\/Frameworks\/libwebrtc.dylib",
    "name" : "libwebrtc.dylib"
  },
  {
    "source" : "P",
    "arch" : "arm64",
    "base" : 4427956224,
    "size" : 16384,
    "uuid" : "72d488b4-5a93-3cf9-afcb-d7d68b85d612",
    "path" : "\/Volumes\/VOLUME\/*\/libswiftFoundation.dylib",
    "name" : "libswiftFoundation.dylib"
  },
  {
    "source" : "P",
    "arch" : "arm64",
    "base" : 5594791936,
    "size" : 131072,
    "uuid" : "a1722f66-0d8b-398f-8932-a4ede8d0ac10",
    "path" : "\/Volumes\/VOLUME\/*\/libswiftSwiftOnoneSupport.dylib",
    "name" : "libswiftSwiftOnoneSupport.dylib"
  },
  {
    "source" : "P",
    "arch" : "arm64",
    "base" : 4517609472,
    "size" : 16384,
    "uuid" : "b3c48bce-32fc-3b20-8aec-72c0758bd93c",
    "path" : "\/Volumes\/VOLUME\/*\/libswiftsys_time.dylib",
    "name" : "libswiftsys_time.dylib"
  },
  {
    "source" : "P",
    "arch" : "arm64",
    "base" : 5601296384,
    "CFBundleShortVersionString" : "551",
    "CFBundleIdentifier" : "com.apple.UserActivity",
    "size" : 409600,
    "uuid" : "c5de29b6-3e2c-34de-aa3c-32346c8ff586",
    "path" : "\/Volumes\/VOLUME\/*\/UserActivity.framework\/UserActivity",
    "name" : "UserActivity",
    "CFBundleVersion" : "551"
  },
  {
    "source" : "P",
    "arch" : "arm64",
    "base" : 5602115584,
    "CFBundleShortVersionString" : "1.0.0",
    "CFBundleIdentifier" : "com.apple.AXRuntime",
    "size" : 425984,
    "uuid" : "f6d7318c-6b74-3be8-acf6-44534db4b388",
    "path" : "\/Volumes\/VOLUME\/*\/AXRuntime.framework\/AXRuntime",
    "name" : "AXRuntime",
    "CFBundleVersion" : "1"
  },
  {
    "source" : "P",
    "arch" : "arm64",
    "base" : 4517937152,
    "size" : 16384,
    "uuid" : "c399bec3-29f9-3d68-8009-1d4b82406ec4",
    "path" : "\/Volumes\/VOLUME\/*\/libSpatial.dylib",
    "name" : "libSpatial.dylib"
  },
  {
    "source" : "P",
    "arch" : "arm64",
    "base" : 5610471424,
    "CFBundleShortVersionString" : "3.0",
    "CFBundleIdentifier" : "com.apple.framework.PrintKit",
    "size" : 442368,
    "uuid" : "15cdcaab-1a97-3060-bcb2-c666e4c9683d",
    "path" : "\/Volumes\/VOLUME\/*\/PrintKit.framework\/PrintKit",
    "name" : "PrintKit",
    "CFBundleVersion" : "319.1"
  },
  {
    "source" : "P",
    "arch" : "arm64",
    "base" : 5622775808,
    "CFBundleShortVersionString" : "7.2.1",
    "CFBundleIdentifier" : "com.apple.TextAnimationSupport",
    "size" : 999424,
    "uuid" : "5489f3e3-f540-30b0-a30d-f57c63dad366",
    "path" : "\/Volumes\/VOLUME\/*\/TextAnimationSupport.framework\/TextAnimationSupport",
    "name" : "TextAnimationSupport",
    "CFBundleVersion" : "7.2.1"
  },
  {
    "source" : "P",
    "arch" : "arm64",
    "base" : 5578866688,
    "CFBundleShortVersionString" : "50",
    "CFBundleIdentifier" : "com.apple.RecapPerformanceTesting",
    "size" : 114688,
    "uuid" : "daf67347-a196-3adb-a7fb-3ccd2df002f1",
    "path" : "\/Volumes\/VOLUME\/*\/RecapPerformanceTesting.framework\/RecapPerformanceTesting",
    "name" : "RecapPerformanceTesting",
    "CFBundleVersion" : "50.0"
  },
  {
    "source" : "P",
    "arch" : "arm64",
    "base" : 5625364480,
    "CFBundleShortVersionString" : "1.0",
    "CFBundleIdentifier" : "com.apple.ClockKit",
    "size" : 622592,
    "uuid" : "57f84ee3-2646-39f3-a5e7-19cbea94d604",
    "path" : "\/Volumes\/VOLUME\/*\/ClockKit.framework\/ClockKit",
    "name" : "ClockKit",
    "CFBundleVersion" : "1"
  },
  {
    "source" : "P",
    "arch" : "arm64",
    "base" : 5612945408,
    "CFBundleShortVersionString" : "1.174.8",
    "CFBundleIdentifier" : "com.apple.signpost.SignpostSupport",
    "size" : 540672,
    "uuid" : "60bfcc74-6ee5-3aaf-be32-87443b84fb06",
    "path" : "\/Volumes\/VOLUME\/*\/SignpostSupport.framework\/SignpostSupport",
    "name" : "SignpostSupport",
    "CFBundleVersion" : "174.8"
  },
  {
    "source" : "P",
    "arch" : "arm64",
    "base" : 5552537600,
    "CFBundleShortVersionString" : "1.174.8",
    "CFBundleIdentifier" : "com.apple.performance.SignpostCollection",
    "size" : 49152,
    "uuid" : "ee4adca4-28d3-3726-95dd-7d3291d25905",
    "path" : "\/Volumes\/VOLUME\/*\/SignpostCollection.framework\/SignpostCollection",
    "name" : "SignpostCollection",
    "CFBundleVersion" : "174.8"
  },
  {
    "source" : "P",
    "arch" : "arm64",
    "base" : 5627035648,
    "CFBundleShortVersionString" : "26.5",
    "CFBundleIdentifier" : "com.apple.TipKitCore",
    "size" : 770048,
    "uuid" : "dc6707b9-74b8-36da-9a4f-e17e86342467",
    "path" : "\/Volumes\/VOLUME\/*\/TipKitCore.framework\/TipKitCore",
    "name" : "TipKitCore",
    "CFBundleVersion" : "120.5.1"
  },
  {
    "source" : "P",
    "arch" : "arm64",
    "base" : 5653725184,
    "CFBundleShortVersionString" : "1.0",
    "CFBundleIdentifier" : "com.apple.Photos",
    "size" : 3932160,
    "uuid" : "350ea1cb-6fcb-3628-9b21-59b351996fbe",
    "path" : "\/Volumes\/VOLUME\/*\/Photos.framework\/Photos",
    "name" : "Photos",
    "CFBundleVersion" : "852.0.102"
  },
  {
    "source" : "P",
    "arch" : "arm64",
    "base" : 5366808576,
    "size" : 16384,
    "uuid" : "3119af59-1eaa-3731-a7cb-c21c556b63c0",
    "path" : "\/Volumes\/VOLUME\/*\/libswiftDataDetection.dylib",
    "name" : "libswiftDataDetection.dylib"
  },
  {
    "source" : "P",
    "arch" : "arm64",
    "base" : 5632933888,
    "CFBundleShortVersionString" : "1.0",
    "CFBundleIdentifier" : "com.apple.CloudPhotoLibrary",
    "size" : 2195456,
    "uuid" : "5aef33b2-626a-344e-8fdc-06a4f8f0b2f7",
    "path" : "\/Volumes\/VOLUME\/*\/CloudPhotoLibrary.framework\/CloudPhotoLibrary",
    "name" : "CloudPhotoLibrary",
    "CFBundleVersion" : "852.0.102"
  },
  {
    "source" : "P",
    "arch" : "arm64",
    "base" : 5580816384,
    "CFBundleShortVersionString" : "1.0",
    "CFBundleIdentifier" : "com.apple.CloudPhotoServices",
    "size" : 65536,
    "uuid" : "9f6e412c-78c8-3603-adb1-0cfffb9a02b3",
    "path" : "\/Volumes\/VOLUME\/*\/CloudPhotoServices.framework\/CloudPhotoServices",
    "name" : "CloudPhotoServices",
    "CFBundleVersion" : "852.0.102"
  },
  {
    "source" : "P",
    "arch" : "arm64",
    "base" : 5630476288,
    "CFBundleShortVersionString" : "1.0",
    "CFBundleIdentifier" : "com.apple.CoreMediaStream",
    "size" : 1081344,
    "uuid" : "051b20a9-bef7-3308-b3aa-8312aeb0f420",
    "path" : "\/Volumes\/VOLUME\/*\/CoreMediaStream.framework\/CoreMediaStream",
    "name" : "CoreMediaStream",
    "CFBundleVersion" : "852.0.102"
  },
  {
    "source" : "P",
    "arch" : "arm64",
    "base" : 5595217920,
    "CFBundleShortVersionString" : "1.0",
    "CFBundleIdentifier" : "com.apple.CPAnalytics",
    "size" : 131072,
    "uuid" : "90a9b4b7-dfa4-3ae3-a9e6-4ceb94d442af",
    "path" : "\/Volumes\/VOLUME\/*\/CPAnalytics.framework\/CPAnalytics",
    "name" : "CPAnalytics",
    "CFBundleVersion" : "852.0.102"
  },
  {
    "source" : "P",
    "arch" : "arm64",
    "base" : 5595578368,
    "CFBundleShortVersionString" : "2020.2.2",
    "CFBundleIdentifier" : "com.apple.ImageCaptureCore",
    "size" : 229376,
    "uuid" : "ea4042ce-322d-3291-bfc3-7a4509a13e15",
    "path" : "\/Volumes\/VOLUME\/*\/ImageCaptureCore.framework\/ImageCaptureCore",
    "name" : "ImageCaptureCore",
    "CFBundleVersion" : "2020.2.2"
  },
  {
    "source" : "P",
    "arch" : "arm64",
    "base" : 5609357312,
    "CFBundleShortVersionString" : "11.0",
    "CFBundleIdentifier" : "com.apple.photo.MediaConversionService",
    "size" : 212992,
    "uuid" : "f75e0756-6618-3764-9cdb-bb78b945e445",
    "path" : "\/Volumes\/VOLUME\/*\/MediaConversionService.framework\/MediaConversionService",
    "name" : "MediaConversionService",
    "CFBundleVersion" : "852.0.102"
  },
  {
    "source" : "P",
    "arch" : "arm64",
    "base" : 5581537280,
    "CFBundleShortVersionString" : "1.0",
    "CFBundleIdentifier" : "com.apple.PhotoFoundation",
    "size" : 81920,
    "uuid" : "1ca048e4-40cc-37f0-9e32-0a9fb8b1eb33",
    "path" : "\/Volumes\/VOLUME\/*\/PhotoFoundation.framework\/PhotoFoundation",
    "name" : "PhotoFoundation",
    "CFBundleVersion" : "852.0.102"
  },
  {
    "source" : "P",
    "arch" : "arm64",
    "base" : 5805654016,
    "CFBundleShortVersionString" : "1.0",
    "CFBundleIdentifier" : "com.apple.PhotoLibraryServices",
    "size" : 9617408,
    "uuid" : "6c752178-99f4-33c4-8431-7f7c4cb838e6",
    "path" : "\/Volumes\/VOLUME\/*\/PhotoLibraryServices.framework\/PhotoLibraryServices",
    "name" : "PhotoLibraryServices",
    "CFBundleVersion" : "852.0.102"
  },
  {
    "source" : "P",
    "arch" : "arm64",
    "base" : 5664325632,
    "CFBundleShortVersionString" : "1.0",
    "CFBundleIdentifier" : "com.apple.PhotoLibraryServicesCore",
    "size" : 1146880,
    "uuid" : "22a6b308-d15f-3880-af90-1f0c0d474b1c",
    "path" : "\/Volumes\/VOLUME\/*\/PhotoLibraryServicesCore.framework\/PhotoLibraryServicesCore",
    "name" : "PhotoLibraryServicesCore",
    "CFBundleVersion" : "852.0.102"
  },
  {
    "source" : "P",
    "arch" : "arm64",
    "base" : 5787238400,
    "CFBundleShortVersionString" : "1.0",
    "CFBundleIdentifier" : "com.apple.PhotosFormats",
    "size" : 1228800,
    "uuid" : "ccf81616-648d-3608-b7d0-172c43644b2b",
    "path" : "\/Volumes\/VOLUME\/*\/PhotosFormats.framework\/PhotosFormats",
    "name" : "PhotosFormats",
    "CFBundleVersion" : "852.0.102"
  },
  {
    "source" : "P",
    "arch" : "arm64",
    "base" : 5628461056,
    "CFBundleShortVersionString" : "1.3",
    "CFBundleIdentifier" : "com.apple.cloudkit.MMCS",
    "size" : 688128,
    "uuid" : "b6994df5-87f1-34c0-bd8f-8a80ba719f67",
    "path" : "\/Volumes\/VOLUME\/*\/MMCS.framework\/MMCS",
    "name" : "MMCS",
    "CFBundleVersion" : "2300.120"
  },
  {
    "source" : "P",
    "arch" : "arm64",
    "base" : 5629657088,
    "CFBundleShortVersionString" : "2300.104",
    "CFBundleIdentifier" : "com.apple.ChunkingLibrary",
    "size" : 344064,
    "uuid" : "c0837fcd-1306-3c95-b48f-4d9d2c6e3a92",
    "path" : "\/Volumes\/VOLUME\/*\/ChunkingLibrary.framework\/ChunkingLibrary",
    "name" : "ChunkingLibrary",
    "CFBundleVersion" : "2300.104"
  },
  {
    "source" : "P",
    "arch" : "arm64",
    "base" : 5581783040,
    "CFBundleShortVersionString" : "140.120.2",
    "CFBundleIdentifier" : "com.apple.AssetCacheServices",
    "size" : 131072,
    "uuid" : "65d85114-c29f-3330-96eb-ec87604bee8a",
    "path" : "\/Volumes\/VOLUME\/*\/AssetCacheServices.framework\/AssetCacheServices",
    "name" : "AssetCacheServices",
    "CFBundleVersion" : "140.120.2"
  },
  {
    "source" : "P",
    "arch" : "arm64",
    "base" : 5611585536,
    "size" : 376832,
    "uuid" : "4c674b42-e6bb-3457-b7b9-28ab9a1b8635",
    "path" : "\/Volumes\/VOLUME\/*\/libswiftDemangle.dylib",
    "name" : "libswiftDemangle.dylib"
  },
  {
    "source" : "P",
    "arch" : "arm64",
    "base" : 5612126208,
    "CFBundleShortVersionString" : "2020.2.2",
    "CFBundleIdentifier" : "com.apple.ImageCaptureDevices",
    "size" : 180224,
    "uuid" : "9ef62c18-c374-3fa3-8813-9567d0759e2b",
    "path" : "\/Volumes\/VOLUME\/*\/ImageCaptureDevices.framework\/ImageCaptureDevices",
    "name" : "ImageCaptureDevices",
    "CFBundleVersion" : "2020.2.2"
  },
  {
    "source" : "P",
    "arch" : "arm64",
    "base" : 5612584960,
    "CFBundleShortVersionString" : "1.0",
    "CFBundleIdentifier" : "com.apple.mediastream",
    "size" : 131072,
    "uuid" : "7cf17cc9-3c39-34f9-9dc8-25920038a2ed",
    "path" : "\/Volumes\/VOLUME\/*\/MediaStream.framework\/MediaStream",
    "name" : "MediaStream",
    "CFBundleVersion" : "852.0.102"
  },
  {
    "source" : "P",
    "arch" : "arm64",
    "base" : 5666734080,
    "CFBundleShortVersionString" : "1.0",
    "CFBundleIdentifier" : "com.apple.NLP",
    "size" : 983040,
    "uuid" : "1bee8996-699c-346b-b2ab-b707e4d6ee68",
    "path" : "\/Volumes\/VOLUME\/*\/NLP.framework\/NLP",
    "name" : "NLP",
    "CFBundleVersion" : "233"
  },
  {
    "source" : "P",
    "arch" : "arm64",
    "base" : 5637423104,
    "CFBundleShortVersionString" : "11.0",
    "CFBundleIdentifier" : "com.apple.PhotosImagingFoundation",
    "size" : 212992,
    "uuid" : "9ab1a566-45a5-3555-9a22-4c36ca3ebc7c",
    "path" : "\/Volumes\/VOLUME\/*\/PhotosImagingFoundation.framework\/PhotosImagingFoundation",
    "name" : "PhotosImagingFoundation",
    "CFBundleVersion" : "852.0.102"
  },
  {
    "source" : "P",
    "arch" : "arm64",
    "base" : 5662605312,
    "CFBundleShortVersionString" : "1.0",
    "CFBundleIdentifier" : "com.apple.PhotosIntelligenceCore",
    "size" : 327680,
    "uuid" : "88dac23d-1365-388b-8a95-e61d77454f72",
    "path" : "\/Volumes\/VOLUME\/*\/PhotosIntelligenceCore.framework\/PhotosIntelligenceCore",
    "name" : "PhotosIntelligenceCore",
    "CFBundleVersion" : "852.0.102"
  },
  {
    "source" : "P",
    "arch" : "arm64",
    "base" : 5668405248,
    "CFBundleShortVersionString" : "1.0",
    "CFBundleIdentifier" : "com.apple.ToneLibrary",
    "size" : 475136,
    "uuid" : "74f6c3f2-7e40-3440-b2cd-14a887f4f562",
    "path" : "\/Volumes\/VOLUME\/*\/ToneLibrary.framework\/ToneLibrary",
    "name" : "ToneLibrary",
    "CFBundleVersion" : "1"
  },
  {
    "source" : "P",
    "arch" : "arm64",
    "base" : 5847400448,
    "CFBundleShortVersionString" : "1.0",
    "CFBundleIdentifier" : "com.apple.private.EmbeddedAcousticRecognition",
    "size" : 12599296,
    "uuid" : "8b75ca0a-c7d1-3ed6-84a1-0aa61de1f3ea",
    "path" : "\/Volumes\/VOLUME\/*\/EmbeddedAcousticRecognition.framework\/EmbeddedAcousticRecognition",
    "name" : "EmbeddedAcousticRecognition",
    "CFBundleVersion" : "1"
  },
  {
    "source" : "P",
    "arch" : "arm64",
    "base" : 5791399936,
    "CFBundleShortVersionString" : "1.0",
    "CFBundleIdentifier" : "com.apple.EmojiFoundation",
    "size" : 507904,
    "uuid" : "de4e3307-9008-33de-85c7-b99c1ce07244",
    "path" : "\/Volumes\/VOLUME\/*\/EmojiFoundation.framework\/EmojiFoundation",
    "name" : "EmojiFoundation",
    "CFBundleVersion" : "1"
  },
  {
    "source" : "P",
    "arch" : "arm64",
    "base" : 5789925376,
    "CFBundleShortVersionString" : "1.0",
    "CFBundleIdentifier" : "com.apple.vectordb.VectorSearch",
    "size" : 573440,
    "uuid" : "5200e62f-4351-34a5-8f4e-3f51758f2d0a",
    "path" : "\/Volumes\/VOLUME\/*\/VectorSearch.framework\/VectorSearch",
    "name" : "VectorSearch",
    "CFBundleVersion" : "48.3"
  },
  {
    "source" : "P",
    "arch" : "arm64",
    "base" : 5797707776,
    "CFBundleShortVersionString" : "1.0",
    "CFBundleIdentifier" : "com.apple.SDAPI",
    "size" : 3489792,
    "uuid" : "e0e68f07-34ef-37f8-aae9-368d5ab4e8bb",
    "path" : "\/Volumes\/VOLUME\/*\/SDAPI.framework\/SDAPI",
    "name" : "SDAPI",
    "CFBundleVersion" : "1"
  },
  {
    "source" : "P",
    "arch" : "arm64",
    "base" : 5794889728,
    "CFBundleShortVersionString" : "1.0",
    "CFBundleIdentifier" : "com.apple.GRDB.GRDBInternal",
    "size" : 1392640,
    "uuid" : "28ba3767-3837-396d-9e49-e39ca94c4b63",
    "path" : "\/Volumes\/VOLUME\/*\/GRDBInternal.framework\/GRDBInternal",
    "name" : "GRDBInternal",
    "CFBundleVersion" : "15.0.0.1"
  },
  {
    "source" : "P",
    "arch" : "arm64",
    "base" : 5829214208,
    "CFBundleShortVersionString" : "1.0",
    "CFBundleIdentifier" : "com.apple.MediaLibraryCore",
    "size" : 3325952,
    "uuid" : "5c1ad378-ef29-353d-b443-bf4c265bf485",
    "path" : "\/Volumes\/VOLUME\/*\/MediaLibraryCore.framework\/MediaLibraryCore",
    "name" : "MediaLibraryCore",
    "CFBundleVersion" : "4025.500.35"
  },
  {
    "source" : "P",
    "arch" : "arm64",
    "base" : 5839716352,
    "CFBundleShortVersionString" : "1.0",
    "CFBundleIdentifier" : "com.apple.iTunesCloud",
    "size" : 2572288,
    "uuid" : "ffb0c195-c080-3d4a-8234-7e3cfebfdccb",
    "path" : "\/Volumes\/VOLUME\/*\/iTunesCloud.framework\/iTunesCloud",
    "name" : "iTunesCloud",
    "CFBundleVersion" : "4025.600.5"
  },
  {
    "source" : "P",
    "arch" : "arm64",
    "base" : 5966102528,
    "CFBundleShortVersionString" : "1.0.0",
    "CFBundleIdentifier" : "com.apple.MusicLibrary",
    "size" : 3145728,
    "uuid" : "e88a20c0-f6db-312d-a474-8987784a0654",
    "path" : "\/Volumes\/VOLUME\/*\/MusicLibrary.framework\/MusicLibrary",
    "name" : "MusicLibrary",
    "CFBundleVersion" : "4025.600.4"
  },
  {
    "source" : "P",
    "arch" : "arm64",
    "base" : 5632491520,
    "CFBundleShortVersionString" : "732.1.1",
    "CFBundleIdentifier" : "com.apple.BaseBoardUI",
    "size" : 180224,
    "uuid" : "a8f79d83-36a2-3f57-9f65-bf615c58b09f",
    "path" : "\/Volumes\/VOLUME\/*\/BaseBoardUI.framework\/BaseBoardUI",
    "name" : "BaseBoardUI",
    "CFBundleVersion" : "732.1.1"
  },
  {
    "source" : "P",
    "arch" : "arm64",
    "base" : 5661933568,
    "CFBundleShortVersionString" : "1.0",
    "CFBundleIdentifier" : "com.apple.HomeSharing",
    "size" : 196608,
    "uuid" : "6b3f8fac-9315-3336-9166-764cd3d64ebd",
    "path" : "\/Volumes\/VOLUME\/*\/HomeSharing.framework\/HomeSharing",
    "name" : "HomeSharing",
    "CFBundleVersion" : "4025.500.37"
  },
  {
    "source" : "P",
    "arch" : "arm64",
    "base" : 5982781440,
    "CFBundleShortVersionString" : "1.0",
    "CFBundleIdentifier" : "com.apple.AppleMediaServices",
    "size" : 5849088,
    "uuid" : "a75b54f3-44b6-334d-bac2-e1ea0e4dcfff",
    "path" : "\/Volumes\/VOLUME\/*\/AppleMediaServices.framework\/AppleMediaServices",
    "name" : "AppleMediaServices",
    "CFBundleVersion" : "1"
  },
  {
    "source" : "P",
    "arch" : "arm64",
    "base" : 5482807296,
    "CFBundleShortVersionString" : "1.0",
    "CFBundleIdentifier" : "com.apple.DAAPKit",
    "size" : 32768,
    "uuid" : "5ea4e174-2d02-3972-ba8b-b8e92cfdc16f",
    "path" : "\/Volumes\/VOLUME\/*\/DAAPKit.framework\/DAAPKit",
    "name" : "DAAPKit",
    "CFBundleVersion" : "4025.500.37"
  },
  {
    "source" : "P",
    "arch" : "arm64",
    "base" : 5663293440,
    "CFBundleShortVersionString" : "1.0",
    "CFBundleIdentifier" : "com.apple.CoreFollowUp",
    "size" : 196608,
    "uuid" : "3175a1d8-262d-39c4-b216-59b7d70cdffc",
    "path" : "\/Volumes\/VOLUME\/*\/CoreFollowUp.framework\/CoreFollowUp",
    "name" : "CoreFollowUp",
    "CFBundleVersion" : "281.5.2"
  },
  {
    "source" : "P",
    "arch" : "arm64",
    "base" : 5834358784,
    "CFBundleShortVersionString" : "1.5.5",
    "CFBundleIdentifier" : "com.apple.AppleMediaServicesKitInternal",
    "size" : 3538944,
    "uuid" : "6c43ee0e-c775-3c45-9e01-187686449200",
    "path" : "\/Volumes\/VOLUME\/*\/AppleMediaServicesKitInternal.framework\/AppleMediaServicesKitInternal",
    "name" : "AppleMediaServicesKitInternal",
    "CFBundleVersion" : "1.5.5"
  },
  {
    "source" : "P",
    "arch" : "arm64",
    "base" : 5802835968,
    "CFBundleShortVersionString" : "8.504",
    "CFBundleIdentifier" : "com.apple.coreidv.CoreIDV",
    "size" : 917504,
    "uuid" : "1731a57e-22a7-311a-a641-9e6959047162",
    "path" : "\/Volumes\/VOLUME\/*\/CoreIDV.framework\/CoreIDV",
    "name" : "CoreIDV",
    "CFBundleVersion" : "8.504"
  },
  {
    "source" : "P",
    "arch" : "arm64",
    "base" : 5960482816,
    "CFBundleShortVersionString" : "8.504",
    "CFBundleIdentifier" : "com.apple.coreidv.CoreIDVShared",
    "size" : 2588672,
    "uuid" : "f767c251-6e37-315d-974a-b6eca7fe18d5",
    "path" : "\/Volumes\/VOLUME\/*\/CoreIDVShared.framework\/CoreIDVShared",
    "name" : "CoreIDVShared",
    "CFBundleVersion" : "8.504"
  },
  {
    "source" : "P",
    "arch" : "arm64",
    "base" : 5663752192,
    "CFBundleShortVersionString" : "1.0",
    "CFBundleIdentifier" : "com.apple.CBORLibrary",
    "size" : 212992,
    "uuid" : "4f5df7e7-3f82-3297-9776-8660694f2193",
    "path" : "\/Volumes\/VOLUME\/*\/CBORLibrary.framework\/CBORLibrary",
    "name" : "CBORLibrary",
    "CFBundleVersion" : "1"
  },
  {
    "source" : "P",
    "arch" : "arm64",
    "base" : 5790744576,
    "CFBundleShortVersionString" : "1.0",
    "CFBundleIdentifier" : "com.apple.security.SwiftASN1Internal",
    "size" : 180224,
    "uuid" : "eb09c436-def1-345e-8c4b-b3bff0515a8d",
    "path" : "\/Volumes\/VOLUME\/*\/SwiftASN1Internal.framework\/SwiftASN1Internal",
    "name" : "SwiftASN1Internal",
    "CFBundleVersion" : "1"
  },
  {
    "source" : "P",
    "arch" : "arm64",
    "base" : 5971722240,
    "CFBundleShortVersionString" : "8624",
    "CFBundleIdentifier" : "com.apple.Safari.Core",
    "size" : 1785856,
    "uuid" : "88200411-d721-3770-91b1-a91c75cf05ca",
    "path" : "\/Volumes\/VOLUME\/*\/SafariCore.framework\/SafariCore",
    "name" : "SafariCore",
    "CFBundleVersion" : "8624.2.5.10.4"
  },
  {
    "source" : "P",
    "arch" : "arm64",
    "base" : 5826150400,
    "CFBundleShortVersionString" : "1.0",
    "CFBundleIdentifier" : "com.apple.AuthKitUI",
    "size" : 1097728,
    "uuid" : "43999bc5-0cf7-3a56-8366-945393138dfa",
    "path" : "\/Volumes\/VOLUME\/*\/AuthKitUI.framework\/AuthKitUI",
    "name" : "AuthKitUI",
    "CFBundleVersion" : "1"
  },
  {
    "source" : "P",
    "arch" : "arm64",
    "base" : 5793513472,
    "CFBundleShortVersionString" : "8624",
    "CFBundleIdentifier" : "com.apple.SafariFoundation",
    "size" : 262144,
    "uuid" : "95ec1a1f-160a-3509-9ac9-49a7fb768d9f",
    "path" : "\/Volumes\/VOLUME\/*\/SafariFoundation.framework\/SafariFoundation",
    "name" : "SafariFoundation",
    "CFBundleVersion" : "8624.2.5.10.4"
  },
  {
    "source" : "P",
    "arch" : "arm64",
    "base" : 5792874496,
    "CFBundleShortVersionString" : "1.0",
    "CFBundleIdentifier" : "com.apple.AppSSO",
    "size" : 262144,
    "uuid" : "fb1de6fc-dd63-33f0-a4a8-f18eb8972ca3",
    "path" : "\/Volumes\/VOLUME\/*\/AppSSO.framework\/AppSSO",
    "name" : "AppSSO",
    "CFBundleVersion" : "483.120.4"
  },
  {
    "source" : "P",
    "arch" : "arm64",
    "base" : 5845073920,
    "CFBundleShortVersionString" : "1.0",
    "CFBundleIdentifier" : "com.apple.AuthenticationServicesCore",
    "size" : 1032192,
    "uuid" : "651ef6e8-d179-383c-a81d-34c6eca51c09",
    "path" : "\/Volumes\/VOLUME\/*\/AuthenticationServicesCore.framework\/AuthenticationServicesCore",
    "name" : "AuthenticationServicesCore",
    "CFBundleVersion" : "8624.2.5.10.4"
  },
  {
    "source" : "P",
    "arch" : "arm64",
    "base" : 5794152448,
    "CFBundleShortVersionString" : "1.0",
    "CFBundleIdentifier" : "com.apple.LocalAuthenticationPrivateUI",
    "size" : 147456,
    "uuid" : "5e44f6aa-8765-365a-8642-413dca092364",
    "path" : "\/Volumes\/VOLUME\/*\/LocalAuthenticationPrivateUI.framework\/LocalAuthenticationPrivateUI",
    "name" : "LocalAuthenticationPrivateUI",
    "CFBundleVersion" : "1"
  },
  {
    "source" : "P",
    "arch" : "arm64",
    "base" : 5825101824,
    "CFBundleShortVersionString" : "1.0",
    "CFBundleIdentifier" : "com.apple.OnBoardingKit",
    "size" : 442368,
    "uuid" : "e612b5dd-d1f4-310d-8c8a-d01bb6efc158",
    "path" : "\/Volumes\/VOLUME\/*\/OnBoardingKit.framework\/OnBoardingKit",
    "name" : "OnBoardingKit",
    "CFBundleVersion" : "1"
  },
  {
    "source" : "P",
    "arch" : "arm64",
    "base" : 5804785664,
    "CFBundleShortVersionString" : "1.0",
    "CFBundleIdentifier" : "com.apple.LocalAuthenticationEmbeddedUI",
    "size" : 245760,
    "uuid" : "010c3221-521f-39c5-8b51-c163913fd53c",
    "path" : "\/Volumes\/VOLUME\/*\/LocalAuthenticationEmbeddedUI.framework\/LocalAuthenticationEmbeddedUI",
    "name" : "LocalAuthenticationEmbeddedUI",
    "CFBundleVersion" : "2005.120.18"
  },
  {
    "source" : "P",
    "arch" : "arm64",
    "base" : 6005161984,
    "CFBundleShortVersionString" : "1.0.0",
    "CFBundleIdentifier" : "com.apple.ContactsUI",
    "size" : 5128192,
    "uuid" : "98960055-d6cc-37d1-b9ba-f5d9898d1e3b",
    "path" : "\/Volumes\/VOLUME\/*\/ContactsUI.framework\/ContactsUI",
    "name" : "ContactsUI",
    "CFBundleVersion" : "1424.600.21.2.1"
  },
  {
    "source" : "P",
    "arch" : "arm64",
    "base" : 5975588864,
    "CFBundleShortVersionString" : "1.0",
    "CFBundleIdentifier" : "com.apple.FamilyCircle",
    "size" : 1015808,
    "uuid" : "64803d8d-62cd-3a7d-baec-9a422f1f0c2a",
    "path" : "\/Volumes\/VOLUME\/*\/FamilyCircle.framework\/FamilyCircle",
    "name" : "FamilyCircle",
    "CFBundleVersion" : "1"
  },
  {
    "source" : "P",
    "arch" : "arm64",
    "base" : 5993988096,
    "CFBundleShortVersionString" : "296",
    "CFBundleIdentifier" : "com.apple.LinkPresentation",
    "size" : 1622016,
    "uuid" : "ad8af254-dbb2-318b-8195-4f6618361310",
    "path" : "\/Volumes\/VOLUME\/*\/LinkPresentation.framework\/LinkPresentation",
    "name" : "LinkPresentation",
    "CFBundleVersion" : "296.11"
  },
  {
    "source" : "P",
    "arch" : "arm64",
    "base" : 5562269696,
    "CFBundleShortVersionString" : "1.0",
    "CFBundleIdentifier" : "com.apple.BrowserEngineCore",
    "size" : 32768,
    "uuid" : "d56c244f-d879-3376-9477-2d1216f7fff7",
    "path" : "\/Volumes\/VOLUME\/*\/BrowserEngineCore.framework\/BrowserEngineCore",
    "name" : "BrowserEngineCore",
    "CFBundleVersion" : "1"
  },
  {
    "source" : "P",
    "arch" : "arm64",
    "base" : 5824086016,
    "CFBundleShortVersionString" : "267.122.1",
    "CFBundleIdentifier" : "com.apple.ManagedSettingsObjC",
    "size" : 262144,
    "uuid" : "fad216ae-783b-39b9-b821-21fbbe41b906",
    "path" : "\/Volumes\/VOLUME\/*\/ManagedSettingsObjC.framework\/ManagedSettingsObjC",
    "name" : "ManagedSettingsObjC",
    "CFBundleVersion" : "267.122.1"
  },
  {
    "source" : "P",
    "arch" : "arm64",
    "base" : 5794529280,
    "CFBundleShortVersionString" : "1001",
    "CFBundleIdentifier" : "com.apple.SharedWebCredentials",
    "size" : 147456,
    "uuid" : "e089f325-280a-35ef-aafb-3b5be17ed5bb",
    "path" : "\/Volumes\/VOLUME\/*\/SharedWebCredentials.framework\/SharedWebCredentials",
    "name" : "SharedWebCredentials",
    "CFBundleVersion" : "1036.2"
  },
  {
    "source" : "P",
    "arch" : "arm64",
    "base" : 6016368640,
    "CFBundleShortVersionString" : "1.0",
    "CFBundleIdentifier" : "com.apple.AppIntents",
    "size" : 4145152,
    "uuid" : "6be06d5e-ff67-33e8-9fc4-c8cbfcdfe300",
    "path" : "\/Volumes\/VOLUME\/*\/AppIntents.framework\/AppIntents",
    "name" : "AppIntents",
    "CFBundleVersion" : "300.5.12"
  },
  {
    "source" : "P",
    "arch" : "arm64",
    "base" : 5585158144,
    "CFBundleShortVersionString" : "1.0",
    "CFBundleIdentifier" : "com.apple.RelevanceKit",
    "size" : 32768,
    "uuid" : "76db9b06-a39e-3ed4-8d5d-cc0f1ba39bbc",
    "path" : "\/Volumes\/VOLUME\/*\/RelevanceKit.framework\/RelevanceKit",
    "name" : "RelevanceKit",
    "CFBundleVersion" : "1"
  },
  {
    "source" : "P",
    "arch" : "arm64",
    "base" : 5997477888,
    "CFBundleShortVersionString" : "1.0",
    "CFBundleIdentifier" : "com.apple.LinkServices",
    "size" : 1589248,
    "uuid" : "bebcdf81-4611-398c-aefa-c580863ad948",
    "path" : "\/Volumes\/VOLUME\/*\/LinkServices.framework\/LinkServices",
    "name" : "LinkServices",
    "CFBundleVersion" : "300.5.12"
  },
  {
    "source" : "P",
    "arch" : "arm64",
    "base" : 5977636864,
    "CFBundleShortVersionString" : "1.0",
    "CFBundleIdentifier" : "com.apple.ActivityKit",
    "size" : 835584,
    "uuid" : "fd3ac0c6-53d5-3735-88c7-e93eb236c4a9",
    "path" : "\/Volumes\/VOLUME\/*\/ActivityKit.framework\/ActivityKit",
    "name" : "ActivityKit",
    "CFBundleVersion" : "1"
  },
  {
    "source" : "P",
    "arch" : "arm64",
    "base" : 5609865216,
    "CFBundleShortVersionString" : "1.0",
    "CFBundleIdentifier" : "com.apple.appintents.AppIntentsTypeSupport",
    "size" : 65536,
    "uuid" : "80ebc048-3407-3850-932a-aea1cf6c8304",
    "path" : "\/Volumes\/VOLUME\/*\/AppIntentsTypeSupport.framework\/AppIntentsTypeSupport",
    "name" : "AppIntentsTypeSupport",
    "CFBundleVersion" : "300.5.12"
  },
  {
    "source" : "P",
    "arch" : "arm64",
    "base" : 5838536704,
    "CFBundleShortVersionString" : "1.0",
    "CFBundleIdentifier" : "com.apple.DoNotDisturb",
    "size" : 425984,
    "uuid" : "77df2e83-ee19-3a48-91db-890129837c69",
    "path" : "\/Volumes\/VOLUME\/*\/DoNotDisturb.framework\/DoNotDisturb",
    "name" : "DoNotDisturb",
    "CFBundleVersion" : "468.5.5"
  },
  {
    "source" : "P",
    "arch" : "arm64",
    "base" : 5979258880,
    "CFBundleShortVersionString" : "1.0",
    "CFBundleIdentifier" : "com.apple.LinkMetadata",
    "size" : 1376256,
    "uuid" : "1e7f6bcc-fbac-37ce-ab7c-0645ea2da49f",
    "path" : "\/Volumes\/VOLUME\/*\/LinkMetadata.framework\/LinkMetadata",
    "name" : "LinkMetadata",
    "CFBundleVersion" : "300.5.12"
  },
  {
    "source" : "P",
    "arch" : "arm64",
    "base" : 5796937728,
    "CFBundleShortVersionString" : "1.0",
    "CFBundleIdentifier" : "com.apple.IntentsCore",
    "size" : 147456,
    "uuid" : "8e5b84a5-e6a1-3d72-9dbc-568205ab497b",
    "path" : "\/Volumes\/VOLUME\/*\/IntentsCore.framework\/IntentsCore",
    "name" : "IntentsCore",
    "CFBundleVersion" : "1"
  },
  {
    "source" : "P",
    "arch" : "arm64",
    "base" : 5466095616,
    "CFBundleShortVersionString" : "1.0",
    "CFBundleIdentifier" : "com.apple.AvailabilityKit",
    "size" : 16384,
    "uuid" : "6aa56142-bb2f-3a6b-ada2-7047b280e799",
    "path" : "\/Volumes\/VOLUME\/*\/AvailabilityKit.framework\/AvailabilityKit",
    "name" : "AvailabilityKit",
    "CFBundleVersion" : "116.600.22"
  },
  {
    "source" : "P",
    "arch" : "arm64",
    "base" : 5791072256,
    "CFBundleShortVersionString" : "1.0",
    "CFBundleIdentifier" : "com.apple.internal.SessionAssertion",
    "size" : 147456,
    "uuid" : "d11f7f5f-ec47-352a-9fdf-0199e6766dfe",
    "path" : "\/Volumes\/VOLUME\/*\/SessionAssertion.framework\/SessionAssertion",
    "name" : "SessionAssertion",
    "CFBundleVersion" : "1"
  },
  {
    "source" : "P",
    "arch" : "arm64",
    "base" : 5870731264,
    "CFBundleShortVersionString" : "1.0",
    "CFBundleIdentifier" : "com.apple.AppIntentSchemas",
    "size" : 524288,
    "uuid" : "24c2576c-4ef9-3691-8381-3b94e867173e",
    "path" : "\/Volumes\/VOLUME\/*\/AppIntentSchemas.framework\/AppIntentSchemas",
    "name" : "AppIntentSchemas",
    "CFBundleVersion" : "3501.5.4"
  },
  {
    "source" : "P",
    "arch" : "arm64",
    "base" : 5562384384,
    "CFBundleShortVersionString" : "1.0",
    "CFBundleIdentifier" : "com.apple.GeoToolbox",
    "size" : 32768,
    "uuid" : "a8c04f3c-4bf5-3b39-b15a-ce52d3225bc1",
    "path" : "\/Volumes\/VOLUME\/*\/GeoToolbox.framework\/GeoToolbox",
    "name" : "GeoToolbox",
    "CFBundleVersion" : "1"
  },
  {
    "source" : "P",
    "arch" : "arm64",
    "base" : 5871828992,
    "CFBundleShortVersionString" : "1.0",
    "CFBundleIdentifier" : "com.apple.StatusKit",
    "size" : 212992,
    "uuid" : "284d03b4-bbcc-34d6-a541-72c4ae957744",
    "path" : "\/Volumes\/VOLUME\/*\/StatusKit.framework\/StatusKit",
    "name" : "StatusKit",
    "CFBundleVersion" : "116.600.22"
  },
  {
    "source" : "P",
    "arch" : "arm64",
    "base" : 5610192896,
    "CFBundleShortVersionString" : "1.0",
    "CFBundleIdentifier" : "com.apple.internal.SessionFoundation",
    "size" : 49152,
    "uuid" : "37dc19f8-4947-38da-9e02-5afbf84d0c65",
    "path" : "\/Volumes\/VOLUME\/*\/SessionFoundation.framework\/SessionFoundation",
    "name" : "SessionFoundation",
    "CFBundleVersion" : "1"
  },
  {
    "source" : "P",
    "arch" : "arm64",
    "base" : 6024069120,
    "CFBundleShortVersionString" : "1.0",
    "CFBundleIdentifier" : "com.apple.RemoteUI",
    "size" : 1654784,
    "uuid" : "96595c15-b1ae-3059-92a8-8c48a3badf61",
    "path" : "\/Volumes\/VOLUME\/*\/RemoteUI.framework\/RemoteUI",
    "name" : "RemoteUI",
    "CFBundleVersion" : "1"
  },
  {
    "source" : "P",
    "arch" : "arm64",
    "base" : 6002507776,
    "CFBundleIdentifier" : "com.apple.LocalAuthenticationCoreUI",
    "size" : 442368,
    "uuid" : "74f2df25-6812-3cda-a35c-96f2e6ab425b",
    "path" : "\/Volumes\/VOLUME\/*\/LocalAuthenticationCoreUI.framework\/LocalAuthenticationCoreUI",
    "name" : "LocalAuthenticationCoreUI",
    "CFBundleVersion" : "2005.120.18"
  },
  {
    "source" : "P",
    "arch" : "arm64",
    "base" : 6029983744,
    "CFBundleShortVersionString" : "1.0",
    "CFBundleIdentifier" : "com.apple.SpringBoardUIServices",
    "size" : 1048576,
    "uuid" : "3c945644-88cf-34a0-9eb9-901f4584fb1d",
    "path" : "\/Volumes\/VOLUME\/*\/SpringBoardUIServices.framework\/SpringBoardUIServices",
    "name" : "SpringBoardUIServices",
    "CFBundleVersion" : "1"
  },
  {
    "source" : "P",
    "arch" : "arm64",
    "base" : 5872402432,
    "CFBundleShortVersionString" : "1.0",
    "CFBundleIdentifier" : "com.apple.BannerKit",
    "size" : 311296,
    "uuid" : "26c38b0f-993a-30aa-a990-8e9e20bcdca0",
    "path" : "\/Volumes\/VOLUME\/*\/BannerKit.framework\/BannerKit",
    "name" : "BannerKit",
    "CFBundleVersion" : "1"
  },
  {
    "source" : "P",
    "arch" : "arm64",
    "base" : 6032637952,
    "CFBundleShortVersionString" : "1.0",
    "CFBundleIdentifier" : "com.apple.PaperBoardUI",
    "size" : 819200,
    "uuid" : "22d09bc2-09cc-3d7d-b97c-6eaf532136a1",
    "path" : "\/Volumes\/VOLUME\/*\/PaperBoardUI.framework\/PaperBoardUI",
    "name" : "PaperBoardUI",
    "CFBundleVersion" : "304.5.4.102"
  },
  {
    "source" : "P",
    "arch" : "arm64",
    "base" : 6034620416,
    "CFBundleShortVersionString" : "1.0",
    "CFBundleIdentifier" : "com.apple.SpringBoardFoundation",
    "size" : 950272,
    "uuid" : "98ab4494-cd52-3b7d-abda-7a5794885feb",
    "path" : "\/Volumes\/VOLUME\/*\/SpringBoardFoundation.framework\/SpringBoardFoundation",
    "name" : "SpringBoardFoundation",
    "CFBundleVersion" : "1"
  },
  {
    "source" : "P",
    "arch" : "arm64",
    "base" : 6027329536,
    "CFBundleShortVersionString" : "1.0",
    "CFBundleIdentifier" : "com.apple.icloud.SPOwner",
    "size" : 655360,
    "uuid" : "5ffb17a8-ebeb-3df1-84bb-b35f5934d8a2",
    "path" : "\/Volumes\/VOLUME\/*\/SPOwner.framework\/SPOwner",
    "name" : "SPOwner"
  },
  {
    "source" : "P",
    "arch" : "arm64",
    "base" : 5964939264,
    "CFBundleShortVersionString" : "1.0",
    "CFBundleIdentifier" : "com.apple.TelephonyUI",
    "size" : 442368,
    "uuid" : "732924f7-7506-3924-b38c-84073d457432",
    "path" : "\/Volumes\/VOLUME\/*\/TelephonyUI.framework\/TelephonyUI",
    "name" : "TelephonyUI",
    "CFBundleVersion" : "1.0"
  },
  {
    "source" : "P",
    "arch" : "arm64",
    "base" : 5828214784,
    "CFBundleShortVersionString" : "1.0",
    "CFBundleIdentifier" : "com.apple.MaterialKit",
    "size" : 114688,
    "uuid" : "c20d745a-159d-397c-96b3-98d99ac2369b",
    "path" : "\/Volumes\/VOLUME\/*\/MaterialKit.framework\/MaterialKit",
    "name" : "MaterialKit",
    "CFBundleVersion" : "1"
  },
  {
    "source" : "P",
    "arch" : "arm64",
    "base" : 5585305600,
    "CFBundleShortVersionString" : "1.0",
    "CFBundleIdentifier" : "com.apple.ProgressUI",
    "size" : 32768,
    "uuid" : "d2e23cf4-a6c3-3f05-ba98-62e18d9420ae",
    "path" : "\/Volumes\/VOLUME\/*\/ProgressUI.framework\/ProgressUI",
    "name" : "ProgressUI",
    "CFBundleVersion" : "1"
  },
  {
    "source" : "P",
    "arch" : "arm64",
    "base" : 6042599424,
    "CFBundleShortVersionString" : "1.0",
    "CFBundleIdentifier" : "com.apple.eventkitui",
    "size" : 2768896,
    "uuid" : "45100ae5-59f4-3576-95d0-05e9e186bf80",
    "path" : "\/Volumes\/VOLUME\/*\/EventKitUI.framework\/EventKitUI",
    "name" : "EventKitUI",
    "CFBundleVersion" : "1.0"
  },
  {
    "source" : "P",
    "arch" : "arm64",
    "base" : 5797314560,
    "CFBundleShortVersionString" : "1.0",
    "CFBundleIdentifier" : "com.apple.PrototypeToolsUI",
    "size" : 81920,
    "uuid" : "b6ace50f-5c9c-33c4-bbed-8f3272be0ccb",
    "path" : "\/Volumes\/VOLUME\/*\/PrototypeToolsUI.framework\/PrototypeToolsUI",
    "name" : "PrototypeToolsUI",
    "CFBundleVersion" : "1"
  },
  {
    "source" : "P",
    "arch" : "arm64",
    "base" : 6048530432,
    "CFBundleShortVersionString" : "1.0",
    "CFBundleIdentifier" : "com.apple.StoreKit",
    "size" : 1916928,
    "uuid" : "e52c2f43-330e-33f0-875d-3b000b041052",
    "path" : "\/Volumes\/VOLUME\/*\/StoreKit.framework\/StoreKit",
    "name" : "StoreKit",
    "CFBundleVersion" : "1"
  },
  {
    "source" : "P",
    "arch" : "arm64",
    "base" : 6036668416,
    "CFBundleShortVersionString" : "1.0",
    "CFBundleIdentifier" : "com.apple.contacts.ContactsAutocomplete",
    "size" : 475136,
    "uuid" : "56866cee-afc7-30c4-95f0-a3dde488a1f8",
    "path" : "\/Volumes\/VOLUME\/*\/ContactsAutocomplete.framework\/ContactsAutocomplete",
    "name" : "ContactsAutocomplete",
    "CFBundleVersion" : "1356.500.41"
  },
  {
    "source" : "P",
    "arch" : "arm64",
    "base" : 6039814144,
    "CFBundleShortVersionString" : "1.0",
    "CFBundleIdentifier" : "com.apple.calendar.CalendarLink",
    "size" : 1081344,
    "uuid" : "32365ceb-ac40-34fc-a0ad-5e56ca65116f",
    "path" : "\/Volumes\/VOLUME\/*\/CalendarLink.framework\/CalendarLink",
    "name" : "CalendarLink",
    "CFBundleVersion" : "1"
  },
  {
    "source" : "P",
    "arch" : "arm64",
    "base" : 6037864448,
    "CFBundleShortVersionString" : "1.0",
    "CFBundleIdentifier" : "com.apple.CalendarDaemon",
    "size" : 737280,
    "uuid" : "cd3ad051-fca8-3edf-8e21-7513b8cf8fd5",
    "path" : "\/Volumes\/VOLUME\/*\/CalendarDaemon.framework\/CalendarDaemon",
    "name" : "CalendarDaemon"
  },
  {
    "source" : "P",
    "arch" : "arm64",
    "base" : 6059524096,
    "CFBundleShortVersionString" : "1.0",
    "CFBundleIdentifier" : "com.apple.MapKit",
    "size" : 3260416,
    "uuid" : "a5362efa-2aef-35d1-bdd6-a4179697c355",
    "path" : "\/Volumes\/VOLUME\/*\/MapKit.framework\/MapKit",
    "name" : "MapKit",
    "CFBundleVersion" : "1.0"
  },
  {
    "source" : "P",
    "arch" : "arm64",
    "base" : 5828542464,
    "CFBundleShortVersionString" : "1.0",
    "CFBundleIdentifier" : "com.apple.MailServices",
    "size" : 114688,
    "uuid" : "5f73ec3e-2934-37a6-b84e-ea14989f840e",
    "path" : "\/Volumes\/VOLUME\/*\/MailServices.framework\/MailServices",
    "name" : "MailServices",
    "CFBundleVersion" : "3864.600.51.2.1"
  },
  {
    "source" : "P",
    "arch" : "arm64",
    "base" : 6054494208,
    "CFBundleShortVersionString" : "1.0",
    "CFBundleIdentifier" : "com.apple.CalendarDatabase",
    "size" : 1196032,
    "uuid" : "c68379dd-fa43-30ff-8fbf-0dd6b6e28c51",
    "path" : "\/Volumes\/VOLUME\/*\/CalendarDatabase.framework\/CalendarDatabase",
    "name" : "CalendarDatabase"
  },
  {
    "source" : "P",
    "arch" : "arm64",
    "base" : 6052315136,
    "CFBundleShortVersionString" : "8.0",
    "CFBundleIdentifier" : "com.apple.CalendarFoundation",
    "size" : 573440,
    "uuid" : "ddae69b7-eae9-3e5c-bb7d-7e66aa12f66b",
    "path" : "\/Volumes\/VOLUME\/*\/CalendarFoundation.framework\/CalendarFoundation",
    "name" : "CalendarFoundation",
    "CFBundleVersion" : "1603.4.5"
  },
  {
    "source" : "P",
    "arch" : "arm64",
    "base" : 6071500800,
    "CFBundleShortVersionString" : "1.0",
    "CFBundleIdentifier" : "com.apple.CalendarUIKit",
    "size" : 2572288,
    "uuid" : "3e66d505-efde-395d-ade8-10e23f847538",
    "path" : "\/Volumes\/VOLUME\/*\/CalendarUIKit.framework\/CalendarUIKit",
    "name" : "CalendarUIKit",
    "CFBundleVersion" : "1279.4.17"
  },
  {
    "source" : "P",
    "arch" : "arm64",
    "base" : 6076366848,
    "CFBundleShortVersionString" : "1.0.0",
    "CFBundleIdentifier" : "com.apple.eventkit",
    "size" : 1916928,
    "uuid" : "fb93216f-ba89-3f83-9455-2ee1ded34138",
    "path" : "\/Volumes\/VOLUME\/*\/EventKit.framework\/EventKit",
    "name" : "EventKit",
    "CFBundleVersion" : "1.0"
  },
  {
    "source" : "P",
    "arch" : "arm64",
    "base" : 6001508352,
    "CFBundleShortVersionString" : "97",
    "CFBundleIdentifier" : "com.apple.ExtensionKit",
    "size" : 278528,
    "uuid" : "7b9fa404-1791-3042-8a7a-ab3b1bc069b9",
    "path" : "\/Volumes\/VOLUME\/*\/ExtensionKit.framework\/ExtensionKit",
    "name" : "ExtensionKit",
    "CFBundleVersion" : "97"
  },
  {
    "source" : "P",
    "arch" : "arm64",
    "base" : 5603033088,
    "size" : 32768,
    "uuid" : "19dbcee6-7802-3d8e-8091-a73808b58ac2",
    "path" : "\/Volumes\/VOLUME\/*\/libswiftMapKit.dylib",
    "name" : "libswiftMapKit.dylib"
  },
  {
    "source" : "P",
    "arch" : "arm64",
    "base" : 5664145408,
    "size" : 32768,
    "uuid" : "6330800c-f728-33fc-b6c4-ece4133de471",
    "path" : "\/Volumes\/VOLUME\/*\/libswiftVideoToolbox.dylib",
    "name" : "libswiftVideoToolbox.dylib"
  },
  {
    "source" : "P",
    "arch" : "arm64",
    "base" : 5669388288,
    "CFBundleShortVersionString" : "1.0",
    "CFBundleIdentifier" : "com.apple.appstore.foundation",
    "size" : 65536,
    "uuid" : "0cbecb85-aefc-399d-9c51-19294791db39",
    "path" : "\/Volumes\/VOLUME\/*\/AppStoreFoundation.framework\/AppStoreFoundation",
    "name" : "AppStoreFoundation",
    "CFBundleVersion" : "1"
  },
  {
    "source" : "P",
    "arch" : "arm64",
    "base" : 5824790528,
    "CFBundleShortVersionString" : "1.0",
    "CFBundleIdentifier" : "com.apple.AppStoreOverlays",
    "size" : 65536,
    "uuid" : "d8edb2b8-6f4a-3c52-95a8-15210caaa70d",
    "path" : "\/Volumes\/VOLUME\/*\/AppStoreOverlays.framework\/AppStoreOverlays",
    "name" : "AppStoreOverlays",
    "CFBundleVersion" : "1"
  },
  {
    "source" : "P",
    "arch" : "arm64",
    "base" : 6004342784,
    "CFBundleShortVersionString" : "1.0",
    "CFBundleIdentifier" : "com.apple.mobileasset.BackgroundAssets",
    "size" : 442368,
    "uuid" : "eb00415f-57e2-3ee6-b9e2-36272243b1d0",
    "path" : "\/Volumes\/VOLUME\/*\/BackgroundAssets.framework\/BackgroundAssets",
    "name" : "BackgroundAssets",
    "CFBundleVersion" : "1"
  },
  {
    "source" : "P",
    "arch" : "arm64",
    "base" : 6066733056,
    "CFBundleShortVersionString" : "1",
    "CFBundleIdentifier" : "com.apple.preferences-framework",
    "size" : 1277952,
    "uuid" : "97bb9d1a-7897-338e-92a4-6ce4e8d342e1",
    "path" : "\/Volumes\/VOLUME\/*\/Preferences.framework\/Preferences",
    "name" : "Preferences",
    "CFBundleVersion" : "5300.4.3"
  },
  {
    "source" : "P",
    "arch" : "arm64",
    "base" : 6156107776,
    "CFBundleIdentifier" : "com.apple.storeservices",
    "size" : 1998848,
    "uuid" : "90f45235-53d5-3244-8b57-047d192a4273",
    "path" : "\/Volumes\/VOLUME\/*\/StoreServices.framework\/StoreServices",
    "name" : "StoreServices",
    "CFBundleVersion" : "1"
  },
  {
    "source" : "P",
    "arch" : "arm64",
    "base" : 6069567488,
    "CFBundleShortVersionString" : "1.0",
    "CFBundleIdentifier" : "com.apple.AppStoreDaemon",
    "size" : 753664,
    "uuid" : "6bb2282f-7052-3ffa-a08a-b05365bedbf9",
    "path" : "\/Volumes\/VOLUME\/*\/AppStoreDaemon.framework\/AppStoreDaemon",
    "name" : "AppStoreDaemon",
    "CFBundleVersion" : "1"
  },
  {
    "source" : "P",
    "arch" : "arm64",
    "base" : 5982208000,
    "size" : 114688,
    "uuid" : "a69c5ff1-a36e-3d97-8417-825745c3d6a0",
    "path" : "\/Volumes\/VOLUME\/*\/libswiftAppleArchive.dylib",
    "name" : "libswiftAppleArchive.dylib"
  },
  {
    "source" : "P",
    "arch" : "arm64",
    "base" : 6028918784,
    "CFBundleShortVersionString" : "1.0",
    "CFBundleIdentifier" : "com.apple.CorePrediction",
    "size" : 327680,
    "uuid" : "e9dfe4e4-687b-315c-9d8e-6e0fc9e2d398",
    "path" : "\/Volumes\/VOLUME\/*\/CorePrediction.framework\/CorePrediction",
    "name" : "CorePrediction",
    "CFBundleVersion" : "1"
  },
  {
    "source" : "P",
    "arch" : "arm64",
    "base" : 6080413696,
    "CFBundleShortVersionString" : "1.0",
    "CFBundleIdentifier" : "com.apple.PDFKit",
    "size" : 1097728,
    "uuid" : "d9441044-eafd-3ceb-b43a-7d11628dcd2a",
    "path" : "\/Volumes\/VOLUME\/*\/PDFKit.framework\/PDFKit",
    "name" : "PDFKit",
    "CFBundleVersion" : "1451.5.3"
  },
  {
    "source" : "P",
    "arch" : "arm64",
    "base" : 6057918464,
    "CFBundleShortVersionString" : "1.0",
    "CFBundleIdentifier" : "com.apple.InstallCoordination",
    "size" : 638976,
    "uuid" : "74f240f1-44f0-33ee-8d8d-09b18f0c1986",
    "path" : "\/Volumes\/VOLUME\/*\/InstallCoordination.framework\/InstallCoordination",
    "name" : "InstallCoordination",
    "CFBundleVersion" : "1"
  },
  {
    "source" : "P",
    "arch" : "arm64",
    "base" : 6000672768,
    "CFBundleShortVersionString" : "1.0",
    "CFBundleIdentifier" : "com.apple.BrowserEngineKit",
    "size" : 180224,
    "uuid" : "44a60d53-8aca-377a-a4c8-d2181991cdce",
    "path" : "\/Volumes\/VOLUME\/*\/BrowserEngineKit.framework\/BrowserEngineKit",
    "name" : "BrowserEngineKit",
    "CFBundleVersion" : "1"
  },
  {
    "source" : "P",
    "arch" : "arm64",
    "base" : 5805441024,
    "CFBundleIdentifier" : "com.apple.GameController.UI",
    "size" : 49152,
    "uuid" : "e0863649-ad37-3dcf-bd79-f7c39ca2591e",
    "path" : "\/Volumes\/VOLUME\/*\/GameControllerUI.framework\/GameControllerUI",
    "name" : "GameControllerUI",
    "CFBundleVersion" : "13.5.1"
  },
  {
    "source" : "P",
    "arch" : "arm64",
    "base" : 6160531456,
    "CFBundleIdentifier" : "com.apple.GameController",
    "size" : 1425408,
    "uuid" : "ebb879a9-ad39-3a6f-9bee-600bf1da0d60",
    "path" : "\/Volumes\/VOLUME\/*\/GameController.framework\/GameController",
    "name" : "GameController",
    "CFBundleVersion" : "13.5.1"
  },
  {
    "source" : "P",
    "arch" : "arm64",
    "base" : 5381881856,
    "CFBundleShortVersionString" : "1.0",
    "CFBundleIdentifier" : "com.apple.CoreOptimization",
    "size" : 32768,
    "uuid" : "330fc720-2640-3f56-b140-215a774a6d89",
    "path" : "\/Volumes\/VOLUME\/*\/CoreOptimization.framework\/CoreOptimization",
    "name" : "CoreOptimization",
    "CFBundleVersion" : "1"
  },
  {
    "source" : "P",
    "arch" : "arm64",
    "base" : 5596102656,
    "CFBundleShortVersionString" : "5.0",
    "CFBundleIdentifier" : "com.apple.CorePDF",
    "size" : 16384,
    "uuid" : "b0655c45-e857-3957-9e45-5fcd4ca29ae1",
    "path" : "\/Volumes\/VOLUME\/*\/CorePDF.framework\/CorePDF",
    "name" : "CorePDF",
    "CFBundleVersion" : "555"
  },
  {
    "source" : "P",
    "arch" : "arm64",
    "base" : 5610045440,
    "CFBundleShortVersionString" : "1.0",
    "CFBundleIdentifier" : "com.apple.RevealCore",
    "size" : 32768,
    "uuid" : "c3cf03bb-24a7-3b2c-9098-094446a64730",
    "path" : "\/Volumes\/VOLUME\/*\/RevealCore.framework\/RevealCore",
    "name" : "RevealCore",
    "CFBundleVersion" : "56"
  },
  {
    "source" : "P",
    "arch" : "arm64",
    "base" : 5839470592,
    "CFBundleShortVersionString" : "1.0",
    "CFBundleIdentifier" : "com.apple.BackgroundTasks",
    "size" : 65536,
    "uuid" : "2ad61e75-0852-3b6f-9a49-be782934b4ba",
    "path" : "\/Volumes\/VOLUME\/*\/BackgroundTasks.framework\/BackgroundTasks",
    "name" : "BackgroundTasks",
    "CFBundleVersion" : "1"
  },
  {
    "source" : "P",
    "arch" : "arm64",
    "base" : 6084149248,
    "CFBundleIdentifier" : "com.apple.GameControllerFoundation",
    "size" : 606208,
    "uuid" : "2fed817d-35a1-3708-a84a-fe8bb7413657",
    "path" : "\/Volumes\/VOLUME\/*\/GameControllerFoundation.framework\/GameControllerFoundation",
    "name" : "GameControllerFoundation",
    "CFBundleVersion" : "13.5.1"
  },
  {
    "source" : "P",
    "arch" : "arm64",
    "base" : 6053642240,
    "CFBundleShortVersionString" : "1.0",
    "CFBundleIdentifier" : "com.apple.ReplayKit",
    "size" : 262144,
    "uuid" : "1d4a3d70-777a-307b-9c67-d8ee468c8dc6",
    "path" : "\/Volumes\/VOLUME\/*\/ReplayKit.framework\/ReplayKit",
    "name" : "ReplayKit",
    "CFBundleVersion" : "1"
  },
  {
    "source" : "P",
    "arch" : "arm64",
    "base" : 5847056384,
    "CFBundleShortVersionString" : "1.0.0",
    "CFBundleIdentifier" : "com.apple.ExternalAccessory",
    "size" : 114688,
    "uuid" : "2c278b45-1088-32f0-a5b0-426a87f850b0",
    "path" : "\/Volumes\/VOLUME\/*\/ExternalAccessory.framework\/ExternalAccessory",
    "name" : "ExternalAccessory",
    "CFBundleVersion" : "1.0"
  },
  {
    "source" : "P",
    "arch" : "arm64",
    "base" : 5797543936,
    "CFBundleIdentifier" : "com.apple.GameControllerIO",
    "size" : 49152,
    "uuid" : "0100e0c1-202d-328a-af3d-f2ebd8ecc062",
    "path" : "\/Volumes\/VOLUME\/*\/GameControllerIO.framework\/GameControllerIO",
    "name" : "GameControllerIO",
    "CFBundleVersion" : "13.5.1"
  },
  {
    "source" : "P",
    "arch" : "arm64",
    "base" : 5873172480,
    "CFBundleIdentifier" : "com.apple.GameControllerSettings",
    "size" : 81920,
    "uuid" : "37f723e1-14b7-3427-9b71-fe5db1f2d149",
    "path" : "\/Volumes\/VOLUME\/*\/GameControllerSettings.framework\/GameControllerSettings",
    "name" : "GameControllerSettings",
    "CFBundleVersion" : "13.5.1"
  },
  {
    "source" : "P",
    "arch" : "arm64",
    "base" : 6082691072,
    "CFBundleShortVersionString" : "1.0",
    "CFBundleIdentifier" : "com.apple.CoreHaptics",
    "size" : 475136,
    "uuid" : "87639339-03fd-3833-844a-66fed368a436",
    "path" : "\/Volumes\/VOLUME\/*\/CoreHaptics.framework\/CoreHaptics",
    "name" : "CoreHaptics",
    "CFBundleVersion" : "1"
  },
  {
    "source" : "P",
    "arch" : "arm64",
    "base" : 6001098752,
    "CFBundleShortVersionString" : "1.0",
    "CFBundleIdentifier" : "com.apple.IAP",
    "size" : 114688,
    "uuid" : "419f3d15-43b4-32bb-8148-e1a01ffb6a50",
    "path" : "\/Volumes\/VOLUME\/*\/IAP.framework\/IAP",
    "name" : "IAP",
    "CFBundleVersion" : "1.0.0"
  },
  {
    "source" : "P",
    "arch" : "arm64",
    "base" : 6029508608,
    "CFBundleShortVersionString" : "1.0",
    "CFBundleIdentifier" : "com.apple.HID",
    "size" : 81920,
    "uuid" : "04d84e2b-7506-3a96-b337-f22f07e9509a",
    "path" : "\/Volumes\/VOLUME\/*\/HID.framework\/HID",
    "name" : "HID",
    "CFBundleVersion" : "1"
  },
  {
    "source" : "P",
    "arch" : "arm64",
    "base" : 6085607424,
    "CFBundleShortVersionString" : "1.0",
    "CFBundleIdentifier" : "com.apple.TimeSync",
    "size" : 507904,
    "uuid" : "b3cbf587-4c5b-3c65-81b8-126faa26689b",
    "path" : "\/Volumes\/VOLUME\/*\/TimeSync.framework\/TimeSync",
    "name" : "TimeSync",
    "CFBundleVersion" : "1450.2"
  },
  {
    "source" : "P",
    "arch" : "arm64",
    "base" : 5828853760,
    "CFBundleShortVersionString" : "300.1",
    "CFBundleIdentifier" : "com.apple.audio.IOKitten",
    "size" : 49152,
    "uuid" : "bf29e481-7e61-3996-8283-f7932398592b",
    "path" : "\/Volumes\/VOLUME\/*\/IOKitten.framework\/IOKitten",
    "name" : "IOKitten",
    "CFBundleVersion" : "300.1"
  },
  {
    "source" : "P",
    "arch" : "arm64",
    "base" : 6178816000,
    "CFBundleShortVersionString" : "3.0",
    "CFBundleIdentifier" : "com.apple.AVConference",
    "size" : 8355840,
    "uuid" : "d71c6d53-9f28-30c9-a2b6-479df3991c4b",
    "path" : "\/Volumes\/VOLUME\/*\/AVConference.framework\/AVConference",
    "name" : "AVConference",
    "CFBundleVersion" : "2205.3.1"
  },
  {
    "source" : "P",
    "arch" : "arm64",
    "base" : 6164004864,
    "CFBundleShortVersionString" : "1.0",
    "CFBundleIdentifier" : "com.apple.SensitiveContentAnalysis",
    "size" : 917504,
    "uuid" : "f03e9481-7eeb-37da-ae16-0fcfd455d28a",
    "path" : "\/Volumes\/VOLUME\/*\/SensitiveContentAnalysis.framework\/SensitiveContentAnalysis",
    "name" : "SensitiveContentAnalysis",
    "CFBundleVersion" : "1"
  },
  {
    "source" : "P",
    "arch" : "arm64",
    "base" : 6029770752,
    "CFBundleShortVersionString" : "1.0",
    "CFBundleIdentifier" : "com.apple.SignalCompression",
    "size" : 98304,
    "uuid" : "894ed84c-0d08-3d67-869b-12788ee6a798",
    "path" : "\/Volumes\/VOLUME\/*\/SignalCompression.framework\/SignalCompression",
    "name" : "SignalCompression",
    "CFBundleVersion" : "1"
  },
  {
    "source" : "P",
    "arch" : "arm64",
    "base" : 6042222592,
    "CFBundleShortVersionString" : "3.0",
    "CFBundleIdentifier" : "com.apple.ICE",
    "size" : 245760,
    "uuid" : "daf1cf0f-fe37-35be-bbde-a43a109d6571",
    "path" : "\/Volumes\/VOLUME\/*\/AVConference.framework\/Frameworks\/ICE.framework\/ICE",
    "name" : "ICE",
    "CFBundleVersion" : "2205.3.1"
  },
  {
    "source" : "P",
    "arch" : "arm64",
    "base" : 5465145344,
    "CFBundleShortVersionString" : "3.0",
    "CFBundleIdentifier" : "com.apple.LegacyHandle",
    "size" : 16384,
    "uuid" : "94547076-efd6-35d9-a947-fe43d7bc0c90",
    "path" : "\/Volumes\/VOLUME\/*\/AVConference.framework\/Frameworks\/LegacyHandle.framework\/LegacyHandle",
    "name" : "LegacyHandle",
    "CFBundleVersion" : "2205.3.1"
  },
  {
    "source" : "P",
    "arch" : "arm64",
    "base" : 5614305280,
    "CFBundleShortVersionString" : "3.0",
    "CFBundleIdentifier" : "com.apple.SimpleKeyExchange",
    "size" : 32768,
    "uuid" : "6c096e38-c760-3efa-9858-808fba096929",
    "path" : "\/Volumes\/VOLUME\/*\/AVConference.framework\/Frameworks\/SimpleKeyExchange.framework\/SimpleKeyExchange",
    "name" : "SimpleKeyExchange",
    "CFBundleVersion" : "2205.3.1"
  },
  {
    "source" : "P",
    "arch" : "arm64",
    "base" : 5556584448,
    "CFBundleShortVersionString" : "3.0",
    "CFBundleIdentifier" : "com.apple.snatmap",
    "size" : 16384,
    "uuid" : "faf343db-b1ec-337e-923c-8a8963323af8",
    "path" : "\/Volumes\/VOLUME\/*\/AVConference.framework\/Frameworks\/snatmap.framework\/snatmap",
    "name" : "snatmap",
    "CFBundleVersion" : "2205.3.1"
  },
  {
    "source" : "P",
    "arch" : "arm64",
    "base" : 6165643264,
    "CFBundleShortVersionString" : "3.0",
    "CFBundleIdentifier" : "com.apple.ViceroyTrace",
    "size" : 983040,
    "uuid" : "15a250da-3780-374a-86e8-af82532e765b",
    "path" : "\/Volumes\/VOLUME\/*\/AVConference.framework\/Frameworks\/ViceroyTrace.framework\/ViceroyTrace",
    "name" : "ViceroyTrace",
    "CFBundleVersion" : "2205.3.1"
  },
  {
    "source" : "P",
    "arch" : "arm64",
    "base" : 6193627136,
    "CFBundleShortVersionString" : "1.0",
    "CFBundleIdentifier" : "com.apple.MediaAnalysis",
    "size" : 5029888,
    "uuid" : "36514498-2c20-34e0-9b5a-05d86913467a",
    "path" : "\/Volumes\/VOLUME\/*\/MediaAnalysis.framework\/MediaAnalysis",
    "name" : "MediaAnalysis",
    "CFBundleVersion" : "1"
  },
  {
    "source" : "P",
    "arch" : "arm64",
    "base" : 5562499072,
    "CFBundleShortVersionString" : "10.0",
    "CFBundleIdentifier" : "com.apple.ftclientservices",
    "size" : 16384,
    "uuid" : "743259ec-acb9-368d-9b3e-2ac9339b484d",
    "path" : "\/Volumes\/VOLUME\/*\/FTClientServices.framework\/FTClientServices",
    "name" : "FTClientServices",
    "CFBundleVersion" : "1000"
  },
  {
    "source" : "P",
    "arch" : "arm64",
    "base" : 5829017600,
    "CFBundleShortVersionString" : "1.0",
    "CFBundleIdentifier" : "com.apple.StorageContainersPrivate",
    "size" : 65536,
    "uuid" : "19993a2c-2ea7-3422-b3d0-a152cd8cde15",
    "path" : "\/Volumes\/VOLUME\/*\/StorageContainersPrivate.framework\/StorageContainersPrivate",
    "name" : "StorageContainersPrivate",
    "CFBundleVersion" : "1"
  },
  {
    "source" : "P",
    "arch" : "arm64",
    "base" : 6170017792,
    "CFBundleShortVersionString" : "1.0",
    "CFBundleIdentifier" : "com.apple.accessibility.AXMediaUtilities",
    "size" : 999424,
    "uuid" : "4c586cb7-ae57-3466-8460-8da41f9982bc",
    "path" : "\/Volumes\/VOLUME\/*\/AXMediaUtilities.framework\/AXMediaUtilities",
    "name" : "AXMediaUtilities",
    "CFBundleVersion" : "1"
  },
  {
    "source" : "P",
    "arch" : "arm64",
    "base" : 6086770688,
    "CFBundleShortVersionString" : "4.4.0",
    "CFBundleIdentifier" : "com.apple.CoreAppleCVA",
    "size" : 376832,
    "uuid" : "eb722b01-1960-3443-9e38-f3b8e8719076",
    "path" : "\/Volumes\/VOLUME\/*\/CoreAppleCVA.framework\/CoreAppleCVA",
    "name" : "CoreAppleCVA",
    "CFBundleVersion" : "4.4.0"
  },
  {
    "source" : "P",
    "arch" : "arm64",
    "base" : 5610340352,
    "CFBundleShortVersionString" : "1.0",
    "CFBundleIdentifier" : "com.apple.MediaAnalysisGeneration",
    "size" : 16384,
    "uuid" : "bd9ace1e-f075-36ab-8070-31a423e320a6",
    "path" : "\/Volumes\/VOLUME\/*\/MediaAnalysisGeneration.framework\/MediaAnalysisGeneration",
    "name" : "MediaAnalysisGeneration",
    "CFBundleVersion" : "1"
  },
  {
    "source" : "P",
    "arch" : "arm64",
    "base" : 4965564416,
    "CFBundleShortVersionString" : "1.0",
    "CFBundleIdentifier" : "com.apple.MediaAnalysisPhotosServices",
    "size" : 16384,
    "uuid" : "8931ded7-d127-3839-90c4-db04046b01bb",
    "path" : "\/Volumes\/VOLUME\/*\/MediaAnalysisPhotosServices.framework\/MediaAnalysisPhotosServices",
    "name" : "MediaAnalysisPhotosServices",
    "CFBundleVersion" : "1"
  },
  {
    "source" : "P",
    "arch" : "arm64",
    "base" : 6087442432,
    "CFBundleShortVersionString" : "1.0",
    "CFBundleIdentifier" : "com.apple.MediaAnalysisServices",
    "size" : 376832,
    "uuid" : "5d09a80d-5503-3e4a-bccb-56cacfa6a89e",
    "path" : "\/Volumes\/VOLUME\/*\/MediaAnalysisServices.framework\/MediaAnalysisServices",
    "name" : "MediaAnalysisServices",
    "CFBundleVersion" : "1"
  },
  {
    "source" : "P",
    "arch" : "arm64",
    "base" : 6213042176,
    "CFBundleShortVersionString" : "1.0",
    "CFBundleIdentifier" : "com.apple.PhotosIntelligence",
    "size" : 6160384,
    "uuid" : "e1b6fca6-f925-35a6-9a45-3989a1c4651f",
    "path" : "\/Volumes\/VOLUME\/*\/PhotosIntelligence.framework\/PhotosIntelligence",
    "name" : "PhotosIntelligence",
    "CFBundleVersion" : "852.0.102"
  },
  {
    "source" : "P",
    "arch" : "arm64",
    "base" : 6202736640,
    "CFBundleShortVersionString" : "1.0",
    "CFBundleIdentifier" : "com.apple.SoundAnalysis",
    "size" : 2801664,
    "uuid" : "4b1936dd-ddd1-3f93-8fe5-9637e5fc1ba5",
    "path" : "\/Volumes\/VOLUME\/*\/SoundAnalysis.framework\/SoundAnalysis",
    "name" : "SoundAnalysis",
    "CFBundleVersion" : "1"
  },
  {
    "source" : "P",
    "arch" : "arm64",
    "base" : 6167756800,
    "CFBundleShortVersionString" : "1.0",
    "CFBundleIdentifier" : "com.apple.stickers",
    "size" : 540672,
    "uuid" : "a21cafb6-e43b-33f8-b306-5beaae52dc7e",
    "path" : "\/Volumes\/VOLUME\/*\/Stickers.framework\/Stickers",
    "name" : "Stickers",
    "CFBundleVersion" : "1"
  },
  {
    "source" : "P",
    "arch" : "arm64",
    "base" : 6231293952,
    "CFBundleShortVersionString" : "0.1",
    "CFBundleIdentifier" : "com.apple.VisualLookUp",
    "size" : 4849664,
    "uuid" : "b46f733c-7c3a-3442-97a8-8a5694bc0624",
    "path" : "\/Volumes\/VOLUME\/*\/VisualLookUp.framework\/VisualLookUp",
    "name" : "VisualLookUp",
    "CFBundleVersion" : "1"
  },
  {
    "source" : "P",
    "arch" : "arm64",
    "base" : 6173638656,
    "CFBundleShortVersionString" : "1.0",
    "CFBundleIdentifier" : "com.apple.VisualUnderstanding",
    "size" : 933888,
    "uuid" : "d7ab6f62-6a53-3f60-a506-5c242a92a569",
    "path" : "\/Volumes\/VOLUME\/*\/VisualUnderstanding.framework\/VisualUnderstanding",
    "name" : "VisualUnderstanding",
    "CFBundleVersion" : "1"
  },
  {
    "source" : "P",
    "arch" : "arm64",
    "base" : 6056673280,
    "CFBundleShortVersionString" : "1.0",
    "CFBundleIdentifier" : "com.apple.accessibility.AXAssetLoader",
    "size" : 114688,
    "uuid" : "f285409d-14b9-3ca4-8e66-a88ffc769ed5",
    "path" : "\/Volumes\/VOLUME\/*\/AXAssetLoader.framework\/AXAssetLoader",
    "name" : "AXAssetLoader",
    "CFBundleVersion" : "1"
  },
  {
    "source" : "P",
    "arch" : "arm64",
    "base" : 6168690688,
    "CFBundleShortVersionString" : "1.0",
    "CFBundleIdentifier" : "com.apple.PhotosSpatialMediaCore",
    "size" : 344064,
    "uuid" : "f4ac6968-21c6-3e90-a161-e499da479617",
    "path" : "\/Volumes\/VOLUME\/*\/PhotosSpatialMediaCore.framework\/PhotosSpatialMediaCore",
    "name" : "PhotosSpatialMediaCore",
    "CFBundleVersion" : "852.0.102"
  },
  {
    "source" : "P",
    "arch" : "arm64",
    "base" : 6248644608,
    "CFBundleShortVersionString" : "1.0",
    "CFBundleIdentifier" : "com.apple.MusicKit",
    "size" : 5373952,
    "uuid" : "16ef51a3-9242-3fda-9663-e4461b296b95",
    "path" : "\/Volumes\/VOLUME\/*\/MusicKit.framework\/MusicKit",
    "name" : "MusicKit",
    "CFBundleVersion" : "1"
  },
  {
    "source" : "P",
    "arch" : "arm64",
    "base" : 6083526656,
    "CFBundleShortVersionString" : "1.0",
    "CFBundleIdentifier" : "com.apple.FlexMusicKit",
    "size" : 294912,
    "uuid" : "00bc0357-d45c-3fea-a681-4b22568c3125",
    "path" : "\/Volumes\/VOLUME\/*\/FlexMusicKit.framework\/FlexMusicKit",
    "name" : "FlexMusicKit",
    "CFBundleVersion" : "1"
  },
  {
    "source" : "P",
    "arch" : "arm64",
    "base" : 6272090112,
    "CFBundleShortVersionString" : "1.0",
    "CFBundleIdentifier" : "com.apple.MusicKit.Internal",
    "size" : 7684096,
    "uuid" : "1b087232-8a3f-33c1-a033-68ce9cb6bb09",
    "path" : "\/Volumes\/VOLUME\/*\/MusicKitInternal.framework\/MusicKitInternal",
    "name" : "MusicKitInternal",
    "CFBundleVersion" : "1"
  },
  {
    "source" : "P",
    "arch" : "arm64",
    "base" : 6223708160,
    "CFBundleShortVersionString" : "1.0",
    "CFBundleIdentifier" : "com.apple.photo.PhotoImaging",
    "size" : 2195456,
    "uuid" : "1592028c-211b-35f4-a5fa-c1f63d868462",
    "path" : "\/Volumes\/VOLUME\/*\/PhotoImaging.framework\/PhotoImaging",
    "name" : "PhotoImaging",
    "CFBundleVersion" : "852.0.102"
  },
  {
    "source" : "P",
    "arch" : "arm64",
    "base" : 6088359936,
    "CFBundleShortVersionString" : "1.0",
    "CFBundleIdentifier" : "com.apple.mxi",
    "size" : 409600,
    "uuid" : "cebbfbec-76de-3250-9cfb-3807e1df81aa",
    "path" : "\/Volumes\/VOLUME\/*\/MXI.framework\/MXI",
    "name" : "MXI",
    "CFBundleVersion" : "1"
  },
  {
    "source" : "P",
    "arch" : "arm64",
    "base" : 6304628736,
    "CFBundleShortVersionString" : "1.0",
    "CFBundleIdentifier" : "com.apple.RealityFoundation",
    "size" : 5636096,
    "uuid" : "464076f8-ab17-3166-ba42-1b8f61e9f5c7",
    "path" : "\/Volumes\/VOLUME\/*\/RealityFoundation.framework\/RealityFoundation",
    "name" : "RealityFoundation",
    "CFBundleVersion" : "403.120.1"
  },
  {
    "source" : "P",
    "arch" : "arm64",
    "base" : 4972347392,
    "CFBundleIdentifier" : "com.apple.USDKitTrampoline",
    "size" : 16384,
    "uuid" : "99fb1ff8-93b4-37d8-acb9-89ec7c111bdc",
    "path" : "\/Volumes\/VOLUME\/*\/USDKit.framework\/USDKit",
    "name" : "USDKit",
    "CFBundleVersion" : "58.1.11"
  },
  {
    "source" : "P",
    "arch" : "arm64",
    "base" : 6172278784,
    "CFBundleShortVersionString" : "1.0",
    "CFBundleIdentifier" : "com.apple.USDObjCKit",
    "size" : 507904,
    "uuid" : "e2d1b073-452d-3cad-8433-31c0fdf03e52",
    "path" : "\/Volumes\/VOLUME\/*\/USDObjCKit.framework\/USDObjCKit",
    "name" : "USDObjCKit",
    "CFBundleVersion" : "58.1.11"
  },
  {
    "source" : "P",
    "arch" : "arm64",
    "base" : 6361628672,
    "size" : 27541504,
    "uuid" : "3c201b06-acdb-3005-8833-efa374e46c1d",
    "path" : "\/Volumes\/VOLUME\/*\/libusd_ms.dylib",
    "name" : "libusd_ms.dylib"
  },
  {
    "source" : "P",
    "arch" : "arm64",
    "base" : 5637947392,
    "CFBundleShortVersionString" : "1.0",
    "CFBundleIdentifier" : "com.apple.USDLib_FormatLoaderProxy",
    "size" : 16384,
    "uuid" : "a2a5ddd5-aa5f-3317-afc9-87864a3b8aa0",
    "path" : "\/Volumes\/VOLUME\/*\/USDLib_FormatLoaderProxy.framework\/USDLib_FormatLoaderProxy",
    "name" : "USDLib_FormatLoaderProxy",
    "CFBundleVersion" : "23.5.2"
  },
  {
    "source" : "P",
    "arch" : "arm64",
    "base" : 4523016192,
    "size" : 16384,
    "uuid" : "0d27e972-b6a5-3ca2-8422-6bf422b1c4a2",
    "path" : "\/Volumes\/VOLUME\/*\/libswift_errno.dylib",
    "name" : "libswift_errno.dylib"
  },
  {
    "source" : "P",
    "arch" : "arm64",
    "base" : 6258556928,
    "CFBundleShortVersionString" : "1.0",
    "CFBundleIdentifier" : "com.apple.CoreRealityIO",
    "size" : 3375104,
    "uuid" : "6150fd32-e9f6-38ee-b2bf-bba91d30f51d",
    "path" : "\/Volumes\/VOLUME\/*\/CoreRealityIO.framework\/CoreRealityIO",
    "name" : "CoreRealityIO",
    "CFBundleVersion" : "221.100.1"
  },
  {
    "source" : "P",
    "arch" : "arm64",
    "base" : 6402719744,
    "CFBundleShortVersionString" : "1.0",
    "CFBundleIdentifier" : "com.apple.CoreRE",
    "size" : 21151744,
    "uuid" : "ce725d38-6f80-35a6-8bfd-974b392e4eeb",
    "path" : "\/Volumes\/VOLUME\/*\/CoreRE.framework\/CoreRE",
    "name" : "CoreRE",
    "CFBundleVersion" : "403.120.1"
  },
  {
    "source" : "P",
    "arch" : "arm64",
    "base" : 6176423936,
    "CFBundleShortVersionString" : "1.0",
    "CFBundleIdentifier" : "com.apple.RealityFusion",
    "size" : 638976,
    "uuid" : "d8607cfd-ecc4-3209-b9b8-bf23a1895c55",
    "path" : "\/Volumes\/VOLUME\/*\/RealityFusion.framework\/RealityFusion",
    "name" : "RealityFusion",
    "CFBundleVersion" : "403.120.1"
  },
  {
    "source" : "P",
    "arch" : "arm64",
    "base" : 6056984576,
    "CFBundleShortVersionString" : "1.0",
    "CFBundleIdentifier" : "com.apple.DirectResource",
    "size" : 114688,
    "uuid" : "737378e0-a57a-3449-bd43-20de41491568",
    "path" : "\/Volumes\/VOLUME\/*\/DirectResource.framework\/DirectResource",
    "name" : "DirectResource",
    "CFBundleVersion" : "19.100.1"
  },
  {
    "source" : "P",
    "arch" : "arm64",
    "base" : 6207111168,
    "CFBundleShortVersionString" : "1.0",
    "CFBundleIdentifier" : "com.apple.CoreIK",
    "size" : 671744,
    "uuid" : "15cc5047-f325-3eb8-b26a-6ce84b9ce6fb",
    "path" : "\/Volumes\/VOLUME\/*\/CoreIK.framework\/CoreIK",
    "name" : "CoreIK",
    "CFBundleVersion" : "266.0.17"
  },
  {
    "source" : "P",
    "arch" : "arm64",
    "base" : 6210568192,
    "CFBundleShortVersionString" : "1.0",
    "CFBundleIdentifier" : "com.apple.Geometry",
    "size" : 1228800,
    "uuid" : "b5c06739-4421-3459-a67b-1b50398f7ad9",
    "path" : "\/Volumes\/VOLUME\/*\/Geometry.framework\/Geometry",
    "name" : "Geometry",
    "CFBundleVersion" : "55.0.3"
  },
  {
    "source" : "P",
    "arch" : "arm64",
    "base" : 6243614720,
    "CFBundleIdentifier" : "com.apple.shadergraph",
    "size" : 1835008,
    "uuid" : "50744647-5ac5-3317-b8d3-30507ceb08e8",
    "path" : "\/Volumes\/VOLUME\/*\/ShaderGraph.framework\/ShaderGraph",
    "name" : "ShaderGraph",
    "CFBundleVersion" : "124.100.1"
  },
  {
    "source" : "P",
    "arch" : "arm64",
    "base" : 6291800064,
    "CFBundleShortVersionString" : "1.0",
    "CFBundleIdentifier" : "com.apple.audio.PHASE",
    "size" : 3096576,
    "uuid" : "ae0c21ce-56ea-3b73-8ba4-0128e9ddba85",
    "path" : "\/Volumes\/VOLUME\/*\/PHASE.framework\/PHASE",
    "name" : "PHASE",
    "CFBundleVersion" : "349.502"
  },
  {
    "source" : "P",
    "arch" : "arm64",
    "base" : 6208159744,
    "CFBundleShortVersionString" : "1.0",
    "CFBundleIdentifier" : "com.apple.RESync",
    "size" : 557056,
    "uuid" : "8273ef48-15e3-3dc9-808e-b1d723a97ca7",
    "path" : "\/Volumes\/VOLUME\/*\/RESync.framework\/RESync",
    "name" : "RESync",
    "CFBundleVersion" : "403.120.1"
  },
  {
    "source" : "P",
    "arch" : "arm64",
    "base" : 6057345024,
    "CFBundleShortVersionString" : "1.0",
    "CFBundleIdentifier" : "com.apple.accessibility.PhotosensitivityProcessing",
    "size" : 131072,
    "uuid" : "5530e35d-ce58-3301-bf33-5b534750a087",
    "path" : "\/Volumes\/VOLUME\/*\/PhotosensitivityProcessing.framework\/PhotosensitivityProcessing",
    "name" : "PhotosensitivityProcessing",
    "CFBundleVersion" : "1"
  },
  {
    "source" : "P",
    "arch" : "arm64",
    "base" : 6239223808,
    "CFBundleShortVersionString" : "268.2.2",
    "CFBundleIdentifier" : "com.apple.ModelIO",
    "size" : 1409024,
    "uuid" : "2104618e-cc19-333b-8faf-222b5ac986af",
    "path" : "\/Volumes\/VOLUME\/*\/ModelIO.framework\/ModelIO",
    "name" : "ModelIO",
    "CFBundleVersion" : "268.2.2"
  },
  {
    "source" : "P",
    "arch" : "arm64",
    "base" : 6209175552,
    "size" : 573440,
    "uuid" : "307860e6-86d2-3430-bf98-89d8d7c454b2",
    "path" : "\/Volumes\/VOLUME\/*\/libAudioDSPCore.dylib",
    "name" : "libAudioDSPCore.dylib"
  },
  {
    "source" : "P",
    "arch" : "arm64",
    "base" : 5873401856,
    "CFBundleShortVersionString" : "1.0",
    "CFBundleIdentifier" : "com.apple.AcousticMaterials",
    "size" : 65536,
    "uuid" : "61db9761-1f0e-38c3-a92e-11c8ddb6eba9",
    "path" : "\/Volumes\/VOLUME\/*\/AcousticMaterials.framework\/AcousticMaterials",
    "name" : "AcousticMaterials",
    "CFBundleVersion" : "24.0.1"
  },
  {
    "source" : "P",
    "arch" : "arm64",
    "base" : 6286344192,
    "CFBundleShortVersionString" : "1.0.0",
    "CFBundleIdentifier" : "com.apple.ShazamKit",
    "size" : 884736,
    "uuid" : "e1ea7f6a-1c0c-3858-b087-f2d39b585a5e",
    "path" : "\/Volumes\/VOLUME\/*\/ShazamKit.framework\/ShazamKit",
    "name" : "ShazamKit",
    "CFBundleVersion" : "426.5.3"
  },
  {
    "source" : "P",
    "arch" : "arm64",
    "base" : 6173016064,
    "CFBundleShortVersionString" : "1.0.0",
    "CFBundleIdentifier" : "com.apple.ShazamCore",
    "size" : 147456,
    "uuid" : "16df39b9-d032-3a59-aacb-2ade376326ae",
    "path" : "\/Volumes\/VOLUME\/*\/ShazamCore.framework\/ShazamCore",
    "name" : "ShazamCore",
    "CFBundleVersion" : "426.5.3"
  },
  {
    "source" : "P",
    "arch" : "arm64",
    "base" : 6297255936,
    "CFBundleShortVersionString" : "1.0",
    "CFBundleIdentifier" : "com.apple.photo.NeutrinoCore",
    "size" : 2834432,
    "uuid" : "8d2eaf79-6ad5-39a7-bd23-40a36cd1dfc1",
    "path" : "\/Volumes\/VOLUME\/*\/NeutrinoCore.framework\/NeutrinoCore",
    "name" : "NeutrinoCore",
    "CFBundleVersion" : "852.0.102"
  },
  {
    "source" : "P",
    "arch" : "arm64",
    "base" : 6059163648,
    "CFBundleShortVersionString" : "1.0",
    "CFBundleIdentifier" : "com.apple.i18n.RecencyService",
    "size" : 163840,
    "uuid" : "1a1dc354-25d1-3cfa-9950-0f0926f6b076",
    "path" : "\/Volumes\/VOLUME\/*\/Stickers.framework\/Support\/RecencyService.framework\/RecencyService",
    "name" : "RecencyService",
    "CFBundleVersion" : "1"
  },
  {
    "source" : "P",
    "arch" : "arm64",
    "base" : 6328909824,
    "CFBundleShortVersionString" : "1.0",
    "CFBundleIdentifier" : "com.apple.Coherence",
    "size" : 4259840,
    "uuid" : "37234a60-bedc-3546-9f81-2afb5da114bb",
    "path" : "\/Volumes\/VOLUME\/*\/Coherence.framework\/Coherence",
    "name" : "Coherence",
    "CFBundleVersion" : "1"
  },
  {
    "source" : "P",
    "arch" : "arm64",
    "base" : 5053038592,
    "CFBundleShortVersionString" : "1.0",
    "CFBundleIdentifier" : "com.apple.i18n.ServiceShared",
    "size" : 16384,
    "uuid" : "244f2c64-9992-3e82-9914-9dfab4af2bc5",
    "path" : "\/Volumes\/VOLUME\/*\/Stickers.framework\/Support\/ServiceShared.framework\/ServiceShared",
    "name" : "ServiceShared",
    "CFBundleVersion" : "1"
  },
  {
    "source" : "P",
    "arch" : "arm64",
    "base" : 6175014912,
    "CFBundleShortVersionString" : "1.0",
    "CFBundleIdentifier" : "com.apple.FusionTracker",
    "size" : 294912,
    "uuid" : "d8d2ad58-6c0b-30d5-8fd7-86a733692ab7",
    "path" : "\/Volumes\/VOLUME\/*\/FusionTracker.framework\/FusionTracker",
    "name" : "FusionTracker",
    "CFBundleVersion" : "1"
  },
  {
    "source" : "P",
    "arch" : "arm64",
    "base" : 12884901888,
    "CFBundleShortVersionString" : "1.0",
    "CFBundleIdentifier" : "com.apple.PegasusAPI",
    "size" : 10682368,
    "uuid" : "da1b38c1-956e-34e1-ab82-ef79378292ca",
    "path" : "\/Volumes\/VOLUME\/*\/PegasusAPI.framework\/PegasusAPI",
    "name" : "PegasusAPI",
    "CFBundleVersion" : "3525.4.2.11.1"
  },
  {
    "source" : "P",
    "arch" : "arm64",
    "base" : 6229164032,
    "CFBundleShortVersionString" : "1.0",
    "CFBundleIdentifier" : "com.apple.PegasusKit",
    "size" : 606208,
    "uuid" : "4b60c6de-7762-3cef-a5f2-e2013a0c0a75",
    "path" : "\/Volumes\/VOLUME\/*\/PegasusKit.framework\/PegasusKit",
    "name" : "PegasusKit",
    "CFBundleVersion" : "3525.4.2.11.1"
  },
  {
    "source" : "P",
    "arch" : "arm64",
    "base" : 6266765312,
    "CFBundleShortVersionString" : "1.0",
    "CFBundleIdentifier" : "com.apple.siri.parsec.CoreParsec",
    "size" : 1048576,
    "uuid" : "de022525-b12b-30bb-bd9c-c6bb9ed25e89",
    "path" : "\/Volumes\/VOLUME\/*\/CoreParsec.framework\/CoreParsec",
    "name" : "CoreParsec",
    "CFBundleVersion" : "3525.4.2.11.1"
  },
  {
    "source" : "P",
    "arch" : "arm64",
    "base" : 6344212480,
    "CFBundleShortVersionString" : "1.0",
    "CFBundleIdentifier" : "com.apple.SearchFoundation",
    "size" : 4734976,
    "uuid" : "af98a512-1d49-33e9-b134-084208b4721b",
    "path" : "\/Volumes\/VOLUME\/*\/SearchFoundation.framework\/SearchFoundation",
    "name" : "SearchFoundation",
    "CFBundleVersion" : "3525.4.2.11.1"
  },
  {
    "source" : "P",
    "arch" : "arm64",
    "base" : 6175571968,
    "CFBundleShortVersionString" : "1.0",
    "CFBundleIdentifier" : "com.apple.PegasusConfiguration",
    "size" : 327680,
    "uuid" : "440c48ec-a69a-3e0d-ae64-f99f746abac5",
    "path" : "\/Volumes\/VOLUME\/*\/PegasusConfiguration.framework\/PegasusConfiguration",
    "name" : "PegasusConfiguration",
    "CFBundleVersion" : "15000"
  },
  {
    "source" : "P",
    "arch" : "arm64",
    "base" : 6228066304,
    "CFBundleShortVersionString" : "2.0.0",
    "CFBundleIdentifier" : "com.apple.GRPCCoreInternal",
    "size" : 507904,
    "uuid" : "9d9ca837-4ff7-3092-9501-73d59ab53f97",
    "path" : "\/Volumes\/VOLUME\/*\/GRPCCoreInternal.framework\/GRPCCoreInternal",
    "name" : "GRPCCoreInternal",
    "CFBundleVersion" : "1"
  },
  {
    "source" : "P",
    "arch" : "arm64",
    "base" : 6169411584,
    "CFBundleShortVersionString" : "2.0.0",
    "CFBundleIdentifier" : "com.apple.GRPCProtobufInternal",
    "size" : 131072,
    "uuid" : "b7dde3eb-4dc1-340e-aa36-fc1eed75f05d",
    "path" : "\/Volumes\/VOLUME\/*\/GRPCProtobufInternal.framework\/GRPCProtobufInternal",
    "name" : "GRPCProtobufInternal",
    "CFBundleVersion" : "1"
  },
  {
    "source" : "P",
    "arch" : "arm64",
    "base" : 6178291712,
    "CFBundleShortVersionString" : "1.3.0",
    "CFBundleIdentifier" : "com.apple.GRPCSwiftURLSessionTransportInternal",
    "size" : 262144,
    "uuid" : "661ad2ac-f7ee-39c9-b35e-697739369975",
    "path" : "\/Volumes\/VOLUME\/*\/GRPCURLSessionTransportInternal.framework\/GRPCURLSessionTransportInternal",
    "name" : "GRPCURLSessionTransportInternal",
    "CFBundleVersion" : "1"
  },
  {
    "source" : "P",
    "arch" : "arm64",
    "base" : 5662425088,
    "size" : 16384,
    "uuid" : "ff9548ef-e645-3a52-82c7-9cb25bbe36c0",
    "path" : "\/Volumes\/VOLUME\/*\/libBASupport.dylib",
    "name" : "libBASupport.dylib"
  },
  {
    "source" : "P",
    "arch" : "arm64",
    "base" : 5076467712,
    "size" : 16384,
    "uuid" : "f3ab7fc6-0aa0-3107-95ca-b8a58c216c9c",
    "path" : "\/Volumes\/VOLUME\/*\/libswiftExtensionFoundation.dylib",
    "name" : "libswiftExtensionFoundation.dylib"
  },
  {
    "source" : "P",
    "arch" : "arm64",
    "base" : 6269075456,
    "CFBundleShortVersionString" : "1.0",
    "CFBundleIdentifier" : "com.apple.backgroundassets.managed.helper",
    "size" : 1097728,
    "uuid" : "96922552-4c64-33af-8854-5ebd3d723aef",
    "path" : "\/Volumes\/VOLUME\/*\/ManagedBackgroundAssetsHelper.framework\/ManagedBackgroundAssetsHelper",
    "name" : "ManagedBackgroundAssetsHelper"
  },
  {
    "source" : "P",
    "arch" : "arm64",
    "base" : 6041862144,
    "CFBundleShortVersionString" : "1.0",
    "CFBundleIdentifier" : "com.apple.backgroundassets.managed",
    "size" : 114688,
    "uuid" : "51c5576d-1e41-320f-82cf-0e0cd041e96a",
    "path" : "\/Volumes\/VOLUME\/*\/ManagedBackgroundAssets.framework\/ManagedBackgroundAssets",
    "name" : "ManagedBackgroundAssets"
  },
  {
    "source" : "P",
    "arch" : "arm64",
    "base" : 6002360320,
    "CFBundleShortVersionString" : "1.0",
    "CFBundleIdentifier" : "com.apple.backgroundassets.managed.helper.fetching",
    "size" : 49152,
    "uuid" : "95a2e562-00a4-3a2b-8462-1c5ca92025a0",
    "path" : "\/Volumes\/VOLUME\/*\/ManagedBackgroundAssetsHelperFetching.framework\/ManagedBackgroundAssetsHelperFetching",
    "name" : "ManagedBackgroundAssetsHelperFetching"
  },
  {
    "source" : "P",
    "arch" : "arm64",
    "base" : 6210174976,
    "CFBundleShortVersionString" : "1.0",
    "CFBundleIdentifier" : "com.apple.backgroundassets.managed.xpc",
    "size" : 196608,
    "uuid" : "7b716694-48c2-3873-b675-76b507e834c6",
    "path" : "\/Volumes\/VOLUME\/*\/ManagedBackgroundAssetsXPC.framework\/ManagedBackgroundAssetsXPC",
    "name" : "ManagedBackgroundAssetsXPC"
  },
  {
    "source" : "P",
    "arch" : "arm64",
    "base" : 6177832960,
    "CFBundleShortVersionString" : "1.0",
    "CFBundleIdentifier" : "com.apple.SpaceAttributionFramework",
    "size" : 114688,
    "uuid" : "465f4863-0dc0-37ab-bf17-c592358266f1",
    "path" : "\/Volumes\/VOLUME\/*\/SpaceAttribution.framework\/SpaceAttribution",
    "name" : "SpaceAttribution",
    "CFBundleVersion" : "1"
  },
  {
    "source" : "P",
    "arch" : "arm64",
    "base" : 6230704128,
    "CFBundleShortVersionString" : "1.0",
    "CFBundleIdentifier" : "com.apple.NetAppsUtilities",
    "size" : 163840,
    "uuid" : "2923054d-f68a-324f-ab0d-6dc0d2034fc2",
    "path" : "\/Volumes\/VOLUME\/*\/NetAppsUtilities.framework\/NetAppsUtilities",
    "name" : "NetAppsUtilities",
    "CFBundleVersion" : "1"
  },
  {
    "source" : "P",
    "arch" : "arm64",
    "base" : 6230278144,
    "CFBundleShortVersionString" : "1.0",
    "CFBundleIdentifier" : "com.apple.settingsandcoreapps.SettingsFoundation",
    "size" : 98304,
    "uuid" : "22084116-fd97-35b9-9968-178a0d26557e",
    "path" : "\/Volumes\/VOLUME\/*\/SettingsFoundation.framework\/SettingsFoundation",
    "name" : "SettingsFoundation",
    "CFBundleVersion" : "1087.5.3"
  },
  {
    "source" : "P",
    "arch" : "arm64",
    "base" : 6054248448,
    "CFBundleShortVersionString" : "1.0",
    "CFBundleIdentifier" : "com.apple.-IconServices-SwiftUI",
    "size" : 65536,
    "uuid" : "f22cc8d9-b57f-3275-8da2-07b98fff761e",
    "path" : "\/Volumes\/VOLUME\/*\/_IconServices_SwiftUI.framework\/_IconServices_SwiftUI",
    "name" : "_IconServices_SwiftUI",
    "CFBundleVersion" : "743.5.2"
  },
  {
    "source" : "P",
    "arch" : "arm64",
    "base" : 5982666752,
    "CFBundleShortVersionString" : "1.0",
    "CFBundleIdentifier" : "com.apple.AppTrackingTransparency",
    "size" : 32768,
    "uuid" : "a259e571-9b2a-3f38-b14d-ce81da29d19e",
    "path" : "\/Volumes\/VOLUME\/*\/AppTrackingTransparency.framework\/AppTrackingTransparency",
    "name" : "AppTrackingTransparency",
    "CFBundleVersion" : "1"
  },
  {
    "source" : "P",
    "arch" : "arm64",
    "base" : 6241124352,
    "CFBundleShortVersionString" : "1.0",
    "CFBundleIdentifier" : "com.apple.BiometricKit2",
    "size" : 81920,
    "uuid" : "5c6aae88-d76b-3423-902f-4d8c52cc5191",
    "path" : "\/Volumes\/VOLUME\/*\/BiometricKit.framework\/BiometricKit",
    "name" : "BiometricKit",
    "CFBundleVersion" : "1"
  },
  {
    "source" : "P",
    "arch" : "arm64",
    "base" : 6057672704,
    "CFBundleShortVersionString" : "1.0",
    "CFBundleIdentifier" : "com.apple.-AppIntentsServices.-AppIntents",
    "size" : 32768,
    "uuid" : "fcb51ef0-7f5a-3c57-9f1f-f3b8334256b5",
    "path" : "\/Volumes\/VOLUME\/*\/_AppIntentsServices_AppIntents.framework\/_AppIntentsServices_AppIntents",
    "name" : "_AppIntentsServices_AppIntents",
    "CFBundleVersion" : "40.5.2"
  },
  {
    "source" : "P",
    "arch" : "arm64",
    "base" : 6334693376,
    "CFBundleShortVersionString" : "1.0",
    "CFBundleIdentifier" : "com.apple.AppIntentsServices",
    "size" : 2048000,
    "uuid" : "0600901c-34d1-36f3-85d6-e0c70a32561f",
    "path" : "\/Volumes\/VOLUME\/*\/AppIntentsServices.framework\/AppIntentsServices",
    "name" : "AppIntentsServices",
    "CFBundleVersion" : "40.5.2"
  },
  {
    "source" : "P",
    "arch" : "arm64",
    "base" : 6241386496,
    "CFBundleShortVersionString" : "1.0",
    "CFBundleIdentifier" : "com.apple.corerecents",
    "size" : 98304,
    "uuid" : "1ec66be7-1e3f-3d68-94ed-e5a283e751bd",
    "path" : "\/Volumes\/VOLUME\/*\/CoreRecents.framework\/CoreRecents",
    "name" : "CoreRecents",
    "CFBundleVersion" : "1"
  },
  {
    "source" : "P",
    "arch" : "arm64",
    "base" : 6169690112,
    "CFBundleShortVersionString" : "1.0",
    "CFBundleIdentifier" : "com.apple.-GeoToolbox-AppIntents",
    "size" : 49152,
    "uuid" : "42389eaf-b340-3f86-855e-0cf8449b8146",
    "path" : "\/Volumes\/VOLUME\/*\/_GeoToolbox_AppIntents.framework\/_GeoToolbox_AppIntents",
    "name" : "_GeoToolbox_AppIntents",
    "CFBundleVersion" : "1"
  },
  {
    "source" : "P",
    "arch" : "arm64",
    "base" : 6242009088,
    "CFBundleShortVersionString" : "1.0",
    "CFBundleIdentifier" : "com.apple.-AppIntents-UIKit",
    "size" : 163840,
    "uuid" : "6573d7f2-3125-311a-9fdf-f38e9de5d00d",
    "path" : "\/Volumes\/VOLUME\/*\/_AppIntents_UIKit.framework\/_AppIntents_UIKit",
    "name" : "_AppIntents_UIKit",
    "CFBundleVersion" : "300.5.12"
  },
  {
    "source" : "P",
    "arch" : "arm64",
    "base" : 6302564352,
    "CFBundleShortVersionString" : "1.0",
    "CFBundleIdentifier" : "com.apple.SwiftUI-MapKit-Additions",
    "size" : 819200,
    "uuid" : "4566f5ea-927e-3c60-84b3-7ea9987ccbca",
    "path" : "\/Volumes\/VOLUME\/*\/_MapKit_SwiftUI.framework\/_MapKit_SwiftUI",
    "name" : "_MapKit_SwiftUI",
    "CFBundleVersion" : "1"
  },
  {
    "source" : "P",
    "arch" : "arm64",
    "base" : 6338297856,
    "CFBundleIdentifier" : "com.apple.widgetkit",
    "size" : 2228224,
    "uuid" : "7ec82c68-32cb-34d2-892d-26e33bf74184",
    "path" : "\/Volumes\/VOLUME\/*\/WidgetKit.framework\/WidgetKit",
    "name" : "WidgetKit",
    "CFBundleVersion" : "664.5.28.100"
  },
  {
    "source" : "P",
    "arch" : "arm64",
    "base" : 6270844928,
    "CFBundleShortVersionString" : "1.0",
    "CFBundleIdentifier" : "com.apple.dataaccess.framework",
    "size" : 409600,
    "uuid" : "f5e50348-d9e3-32b7-9057-95682de2d2a2",
    "path" : "\/Volumes\/VOLUME\/*\/DataAccess.framework\/DataAccess",
    "name" : "DataAccess",
    "CFBundleVersion" : "1.0"
  },
  {
    "source" : "P",
    "arch" : "arm64",
    "base" : 6353731584,
    "CFBundleShortVersionString" : "1.0.0",
    "CFBundleIdentifier" : "com.apple.AccessibilityUtilities",
    "size" : 1671168,
    "uuid" : "e268fbc9-74ec-3f30-be41-3b3fc4d75a45",
    "path" : "\/Volumes\/VOLUME\/*\/AccessibilityUtilities.framework\/AccessibilityUtilities",
    "name" : "AccessibilityUtilities",
    "CFBundleVersion" : "1.0"
  },
  {
    "source" : "P",
    "arch" : "arm64",
    "base" : 6323240960,
    "CFBundleShortVersionString" : "1.0",
    "CFBundleIdentifier" : "com.apple.CoreRoutine",
    "size" : 573440,
    "uuid" : "b3f2f471-9dac-3f9f-9e4e-a33ca3eef6c5",
    "path" : "\/Volumes\/VOLUME\/*\/CoreRoutine.framework\/CoreRoutine",
    "name" : "CoreRoutine",
    "CFBundleVersion" : "1075.0.2"
  },
  {
    "source" : "P",
    "arch" : "arm64",
    "base" : 6324535296,
    "CFBundleShortVersionString" : "1.0",
    "CFBundleIdentifier" : "com.apple.GeoAnalytics",
    "size" : 819200,
    "uuid" : "cd2796c2-db65-3df1-9d34-1d920b902612",
    "path" : "\/Volumes\/VOLUME\/*\/GeoAnalytics.framework\/GeoAnalytics",
    "name" : "GeoAnalytics",
    "CFBundleVersion" : "2031.35.2.9.20"
  },
  {
    "source" : "P",
    "arch" : "arm64",
    "base" : 12905054208,
    "CFBundleShortVersionString" : "1.0",
    "CFBundleIdentifier" : "com.apple.Navigation",
    "size" : 2015232,
    "uuid" : "4ba99dad-5ec3-38d8-976d-fad2e2126b0b",
    "path" : "\/Volumes\/VOLUME\/*\/Navigation.framework\/Navigation",
    "name" : "Navigation",
    "CFBundleVersion" : "1"
  },
  {
    "source" : "P",
    "arch" : "arm64",
    "base" : 12938723328,
    "CFBundleShortVersionString" : "1.0",
    "CFBundleIdentifier" : "com.apple.VectorKit",
    "size" : 14221312,
    "uuid" : "34c6a942-c386-3dca-a1b1-a31bef80beb4",
    "path" : "\/Volumes\/VOLUME\/*\/VectorKit.framework\/VectorKit",
    "name" : "VectorKit",
    "CFBundleVersion" : "2001.35.2.9.9"
  },
  {
    "source" : "P",
    "arch" : "arm64",
    "base" : 6242959360,
    "CFBundleShortVersionString" : "1.0",
    "CFBundleIdentifier" : "com.apple.VirtualGarage",
    "size" : 294912,
    "uuid" : "c3eb1b86-2f16-31b1-b6ac-3dd62ee72d46",
    "path" : "\/Volumes\/VOLUME\/*\/VirtualGarage.framework\/VirtualGarage",
    "name" : "VirtualGarage",
    "CFBundleVersion" : "1"
  },
  {
    "source" : "P",
    "arch" : "arm64",
    "base" : 6326206464,
    "CFBundleShortVersionString" : "1.0",
    "CFBundleIdentifier" : "com.apple.CarKit",
    "size" : 524288,
    "uuid" : "04e9747b-85f6-34d3-9f66-382e4e4c06fe",
    "path" : "\/Volumes\/VOLUME\/*\/CarKit.framework\/CarKit",
    "name" : "CarKit",
    "CFBundleVersion" : "1"
  },
  {
    "source" : "P",
    "arch" : "arm64",
    "base" : 6169853952,
    "CFBundleShortVersionString" : "1.0",
    "CFBundleIdentifier" : "com.apple.CarPlayDisplayUtils",
    "size" : 49152,
    "uuid" : "cb591f9f-72b4-35fb-8139-33b656cfda8e",
    "path" : "\/Volumes\/VOLUME\/*\/CarPlayDisplayUtils.framework\/CarPlayDisplayUtils",
    "name" : "CarPlayDisplayUtils",
    "CFBundleVersion" : "1"
  },
  {
    "source" : "P",
    "arch" : "arm64",
    "base" : 5662507008,
    "CFBundleShortVersionString" : "1.0",
    "CFBundleIdentifier" : "com.apple.-GeoServices-GeoToolbox",
    "size" : 16384,
    "uuid" : "5b5d1e2c-4b31-322f-9e30-b33f52da59c2",
    "path" : "\/Volumes\/VOLUME\/*\/_GeoServices_GeoToolbox.framework\/_GeoServices_GeoToolbox",
    "name" : "_GeoServices_GeoToolbox",
    "CFBundleVersion" : "1"
  },
  {
    "source" : "P",
    "arch" : "arm64",
    "base" : 6439501824,
    "CFBundleIdentifier" : "com.apple.chronoservices",
    "size" : 1228800,
    "uuid" : "9897f37e-a0f2-3db8-b66c-55d4b7343ede",
    "path" : "\/Volumes\/VOLUME\/*\/ChronoServices.framework\/ChronoServices",
    "name" : "ChronoServices",
    "CFBundleVersion" : "1"
  },
  {
    "source" : "P",
    "arch" : "arm64",
    "base" : 6342246400,
    "CFBundleShortVersionString" : "1.0",
    "CFBundleIdentifier" : "com.apple.private.ReplicatorServices",
    "size" : 1196032,
    "uuid" : "9004a739-5147-357e-9511-8c4a9e7b8956",
    "path" : "\/Volumes\/VOLUME\/*\/ReplicatorServices.framework\/ReplicatorServices",
    "name" : "ReplicatorServices",
    "CFBundleVersion" : "1"
  },
  {
    "source" : "P",
    "arch" : "arm64",
    "base" : 12909199360,
    "CFBundleShortVersionString" : "1.0",
    "CFBundleIdentifier" : "com.apple.private.ReplicatorEngine",
    "size" : 1589248,
    "uuid" : "79d9a00d-fdd1-3e03-a072-236de4aa5e39",
    "path" : "\/Volumes\/VOLUME\/*\/ReplicatorEngine.framework\/ReplicatorEngine",
    "name" : "ReplicatorEngine",
    "CFBundleVersion" : "1"
  },
  {
    "source" : "P",
    "arch" : "arm64",
    "base" : 6173392896,
    "CFBundleShortVersionString" : "1.0",
    "CFBundleIdentifier" : "com.apple.framework.ctcategories",
    "size" : 81920,
    "uuid" : "971ce950-ae0a-3c98-97ea-b3d614a1d925",
    "path" : "\/Volumes\/VOLUME\/*\/Categories.framework\/Categories",
    "name" : "Categories",
    "CFBundleVersion" : "49.4.1"
  },
  {
    "source" : "P",
    "arch" : "arm64",
    "base" : 6176194560,
    "CFBundleShortVersionString" : "1.0",
    "CFBundleIdentifier" : "com.apple.IDSSimulatorSupport",
    "size" : 49152,
    "uuid" : "42ce171c-725b-3a44-9121-fdc281b04f59",
    "path" : "\/Volumes\/VOLUME\/*\/IDSSimulatorSupport.framework\/IDSSimulatorSupport",
    "name" : "IDSSimulatorSupport",
    "CFBundleVersion" : "1"
  },
  {
    "source" : "P",
    "arch" : "arm64",
    "base" : 6290554880,
    "CFBundleShortVersionString" : "1.0",
    "CFBundleIdentifier" : "com.apple.internal.LocalStatusKit",
    "size" : 131072,
    "uuid" : "6f588cbd-33de-33ca-aaef-a88b43faa945",
    "path" : "\/Volumes\/VOLUME\/*\/LocalStatusKit.framework\/LocalStatusKit",
    "name" : "LocalStatusKit",
    "CFBundleVersion" : "1"
  },
  {
    "source" : "P",
    "arch" : "arm64",
    "base" : 6242369536,
    "CFBundleShortVersionString" : "1.0",
    "CFBundleIdentifier" : "com.apple.contextkit.ContextKit",
    "size" : 98304,
    "uuid" : "c9f20b87-2952-3504-ac3c-7c71ee4707bb",
    "path" : "\/Volumes\/VOLUME\/*\/ContextKit.framework\/ContextKit",
    "name" : "ContextKit",
    "CFBundleVersion" : "1"
  },
  {
    "source" : "P",
    "arch" : "arm64",
    "base" : 6039568384,
    "CFBundleShortVersionString" : "1.0",
    "CFBundleIdentifier" : "com.apple.contextkit.ContextKitCore",
    "size" : 32768,
    "uuid" : "49515a16-d493-3442-992e-b7fdfd2b0014",
    "path" : "\/Volumes\/VOLUME\/*\/ContextKitCore.framework\/ContextKitCore",
    "name" : "ContextKitCore",
    "CFBundleVersion" : "1"
  },
  {
    "source" : "P",
    "arch" : "arm64",
    "base" : 12911624192,
    "CFBundleShortVersionString" : "1.0",
    "CFBundleIdentifier" : "com.apple.SensitiveContentAnalysisUI",
    "size" : 1851392,
    "uuid" : "80b5e003-802e-3565-b6cd-2304e4d88f16",
    "path" : "\/Volumes\/VOLUME\/*\/SensitiveContentAnalysisUI.framework\/SensitiveContentAnalysisUI",
    "name" : "SensitiveContentAnalysisUI",
    "CFBundleVersion" : "1"
  },
  {
    "source" : "P",
    "arch" : "arm64",
    "base" : 6248054784,
    "CFBundleShortVersionString" : "1.0",
    "CFBundleIdentifier" : "com.apple.contacts.donation",
    "size" : 114688,
    "uuid" : "72c4ae29-51be-3e72-b29c-d8e0fc229555",
    "path" : "\/Volumes\/VOLUME\/*\/ContactsDonation.framework\/ContactsDonation",
    "name" : "ContactsDonation"
  },
  {
    "source" : "P",
    "arch" : "arm64",
    "base" : 6358958080,
    "CFBundleShortVersionString" : "1.0",
    "CFBundleIdentifier" : "com.apple.findmy.framework.FindMyLocate",
    "size" : 1064960,
    "uuid" : "e5190d53-83e2-354e-b400-c5128daff0ab",
    "path" : "\/Volumes\/VOLUME\/*\/FindMyLocate.framework\/FindMyLocate",
    "name" : "FindMyLocate",
    "CFBundleVersion" : "1.0"
  },
  {
    "source" : "P",
    "arch" : "arm64",
    "base" : 6242648064,
    "CFBundleShortVersionString" : "1.0",
    "CFBundleIdentifier" : "com.apple.MonogramPoster",
    "size" : 147456,
    "uuid" : "bc58f0f9-e38b-3e72-9d60-607103e3f439",
    "path" : "\/Volumes\/VOLUME\/*\/MonogramPoster.framework\/MonogramPoster",
    "name" : "MonogramPoster",
    "CFBundleVersion" : "1"
  },
  {
    "source" : "P",
    "arch" : "arm64",
    "base" : 6291210240,
    "CFBundleShortVersionString" : "1.0",
    "CFBundleIdentifier" : "com.apple.AppSupportUI",
    "size" : 180224,
    "uuid" : "b17ae4e6-d12c-32db-9993-631ad5f1f188",
    "path" : "\/Volumes\/VOLUME\/*\/AppSupportUI.framework\/AppSupportUI",
    "name" : "AppSupportUI"
  },
  {
    "source" : "P",
    "arch" : "arm64",
    "base" : 6241648640,
    "CFBundleShortVersionString" : "1.0",
    "CFBundleIdentifier" : "com.apple.PersonaUI",
    "size" : 65536,
    "uuid" : "116a37d3-52dd-3461-a4f7-d05a2bf1c278",
    "path" : "\/Volumes\/VOLUME\/*\/PersonaUI.framework\/PersonaUI",
    "name" : "PersonaUI",
    "CFBundleVersion" : "1"
  },
  {
    "source" : "P",
    "arch" : "arm64",
    "base" : 6248382464,
    "CFBundleShortVersionString" : "1.0",
    "CFBundleIdentifier" : "com.apple.siri.AIMLExperimentationAnalytics",
    "size" : 65536,
    "uuid" : "81033f0d-fe6e-3a1f-bffc-a39b9b87de1e",
    "path" : "\/Volumes\/VOLUME\/*\/AIMLExperimentationAnalytics.framework\/AIMLExperimentationAnalytics",
    "name" : "AIMLExperimentationAnalytics",
    "CFBundleVersion" : "1"
  },
  {
    "source" : "P",
    "arch" : "arm64",
    "base" : 12922241024,
    "CFBundleShortVersionString" : "1.0",
    "CFBundleIdentifier" : "com.apple.Contacts.ContactsUICore",
    "size" : 3670016,
    "uuid" : "63c72013-7a1f-32ae-af81-1569d82c2275",
    "path" : "\/Volumes\/VOLUME\/*\/ContactsUICore.framework\/ContactsUICore",
    "name" : "ContactsUICore",
    "CFBundleVersion" : "3683.600.21.2.1"
  },
  {
    "source" : "P",
    "arch" : "arm64",
    "base" : 6357270528,
    "CFBundleShortVersionString" : "1.0",
    "CFBundleIdentifier" : "com.apple.TemplateKit",
    "size" : 393216,
    "uuid" : "0eb2e415-c57c-3135-a29b-1d6fbe82aada",
    "path" : "\/Volumes\/VOLUME\/*\/TemplateKit.framework\/TemplateKit",
    "name" : "TemplateKit",
    "CFBundleVersion" : "1"
  },
  {
    "source" : "P",
    "arch" : "arm64",
    "base" : 6304055296,
    "CFBundleShortVersionString" : "1.0",
    "CFBundleIdentifier" : "com.apple.-AppIntents-SwiftUI",
    "size" : 196608,
    "uuid" : "5f563f80-ad16-389f-be6e-d0b5845c77bc",
    "path" : "\/Volumes\/VOLUME\/*\/_AppIntents_SwiftUI.framework\/_AppIntents_SwiftUI",
    "name" : "_AppIntents_SwiftUI",
    "CFBundleVersion" : "300.5.12"
  },
  {
    "source" : "P",
    "arch" : "arm64",
    "base" : 12915081216,
    "CFBundleIdentifier" : "com.apple.CommunicationTrust",
    "size" : 770048,
    "uuid" : "2853bc75-6b12-31ff-825f-214e1b7af8fa",
    "path" : "\/Volumes\/VOLUME\/*\/CommunicationTrust.framework\/CommunicationTrust",
    "name" : "CommunicationTrust",
    "CFBundleVersion" : "1"
  },
  {
    "source" : "P",
    "arch" : "arm64",
    "base" : 6039683072,
    "CFBundleShortVersionString" : "1.0",
    "CFBundleIdentifier" : "com.apple.SwiftUI.AVKit.Additions",
    "size" : 32768,
    "uuid" : "efa52227-f890-3d10-8685-7a70c82d165f",
    "path" : "\/Volumes\/VOLUME\/*\/_AVKit_SwiftUI.framework\/_AVKit_SwiftUI",
    "name" : "_AVKit_SwiftUI",
    "CFBundleVersion" : "1"
  },
  {
    "source" : "P",
    "arch" : "arm64",
    "base" : 6228918272,
    "CFBundleShortVersionString" : "1.0",
    "CFBundleIdentifier" : "com.apple.CallsPersistence",
    "size" : 49152,
    "uuid" : "7aefd000-7cd4-35cf-bd47-6ebca321b7f7",
    "path" : "\/Volumes\/VOLUME\/*\/CallsPersistence.framework\/CallsPersistence",
    "name" : "CallsPersistence",
    "CFBundleVersion" : "1"
  },
  {
    "source" : "P",
    "arch" : "arm64",
    "base" : 12918931456,
    "CFBundleShortVersionString" : "1.0",
    "CFBundleIdentifier" : "com.apple.PeopleSuggester",
    "size" : 1310720,
    "uuid" : "34fb7194-e6d4-3691-bd3f-57414af3a0b3",
    "path" : "\/Volumes\/VOLUME\/*\/PeopleSuggester.framework\/PeopleSuggester",
    "name" : "PeopleSuggester",
    "CFBundleVersion" : "1"
  },
  {
    "source" : "P",
    "arch" : "arm64",
    "base" : 6289915904,
    "CFBundleShortVersionString" : "1.0",
    "CFBundleIdentifier" : "com.apple.findmy.framework.FindMyCommon",
    "size" : 98304,
    "uuid" : "a0dbfe74-7a90-35e8-bc02-4d7fff442cbe",
    "path" : "\/Volumes\/VOLUME\/*\/FindMyCommon.framework\/FindMyCommon",
    "name" : "FindMyCommon"
  },
  {
    "source" : "P",
    "arch" : "arm64",
    "base" : 12916244480,
    "CFBundleShortVersionString" : "1.0",
    "CFBundleIdentifier" : "com.apple.findmy.framework.FindMyBase",
    "size" : 638976,
    "uuid" : "08c522f9-e835-3134-b6c6-553ce4c934d2",
    "path" : "\/Volumes\/VOLUME\/*\/FindMyBase.framework\/FindMyBase",
    "name" : "FindMyBase"
  },
  {
    "source" : "P",
    "arch" : "arm64",
    "base" : 6241845248,
    "CFBundleShortVersionString" : "1.0",
    "CFBundleIdentifier" : "com.apple.PersonaKit",
    "size" : 65536,
    "uuid" : "07024484-a302-302e-89db-718dc7578eff",
    "path" : "\/Volumes\/VOLUME\/*\/PersonaKit.framework\/PersonaKit",
    "name" : "PersonaKit",
    "CFBundleVersion" : "1"
  },
  {
    "source" : "P",
    "arch" : "arm64",
    "base" : 12917342208,
    "CFBundleShortVersionString" : "1.0",
    "CFBundleIdentifier" : "com.apple.Transparency",
    "size" : 425984,
    "uuid" : "38e5280d-ea83-31ba-8a99-f68a5fd0359d",
    "path" : "\/Volumes\/VOLUME\/*\/Transparency.framework\/Transparency",
    "name" : "Transparency"
  },
  {
    "source" : "P",
    "arch" : "arm64",
    "base" : 6290128896,
    "CFBundleShortVersionString" : "1.0",
    "CFBundleIdentifier" : "com.apple.CoreTransparency",
    "size" : 131072,
    "uuid" : "34eaa21f-34d5-309c-aa57-5974c29a9f19",
    "path" : "\/Volumes\/VOLUME\/*\/CoreTransparency.framework\/CoreTransparency",
    "name" : "CoreTransparency",
    "CFBundleVersion" : "1"
  },
  {
    "source" : "P",
    "arch" : "arm64",
    "base" : 6327828480,
    "CFBundleShortVersionString" : "1.0",
    "CFBundleIdentifier" : "com.apple.IntentsUI",
    "size" : 131072,
    "uuid" : "5931f8c9-ccdc-30f4-b60e-6e8933f9be99",
    "path" : "\/Volumes\/VOLUME\/*\/IntentsUI.framework\/IntentsUI",
    "name" : "IntentsUI",
    "CFBundleVersion" : "1"
  },
  {
    "source" : "P",
    "arch" : "arm64",
    "base" : 12930695168,
    "CFBundleShortVersionString" : "1.0.1",
    "CFBundleIdentifier" : "com.apple.coredav",
    "size" : 507904,
    "uuid" : "c341f5cb-6180-3a58-9857-5b3083fbf27b",
    "path" : "\/Volumes\/VOLUME\/*\/CoreDAV.framework\/CoreDAV",
    "name" : "CoreDAV",
    "CFBundleVersion" : "1236.4.5"
  },
  {
    "source" : "P",
    "arch" : "arm64",
    "base" : 12931825664,
    "CFBundleShortVersionString" : "8.0",
    "CFBundleIdentifier" : "com.apple.CalDAV",
    "size" : 376832,
    "uuid" : "62825063-0cb9-3e25-88a4-616675d2fb29",
    "path" : "\/Volumes\/VOLUME\/*\/CalDAV.framework\/CalDAV",
    "name" : "CalDAV",
    "CFBundleVersion" : "1155.4.3"
  },
  {
    "source" : "P",
    "arch" : "arm64",
    "base" : 6230556672,
    "CFBundleShortVersionString" : "1.0",
    "CFBundleIdentifier" : "com.apple.CertUI",
    "size" : 32768,
    "uuid" : "0bf95b13-418d-3e7c-9172-0a5c82dd2ccf",
    "path" : "\/Volumes\/VOLUME\/*\/CertUI.framework\/CertUI",
    "name" : "CertUI",
    "CFBundleVersion" : "1"
  },
  {
    "source" : "P",
    "arch" : "arm64",
    "base" : 6358138880,
    "CFBundleShortVersionString" : "2.0",
    "CFBundleIdentifier" : "com.apple.MIME",
    "size" : 327680,
    "uuid" : "9493f05e-9d0a-3b12-b4cf-b5d7e159998b",
    "path" : "\/Volumes\/VOLUME\/*\/MIME.framework\/MIME",
    "name" : "MIME",
    "CFBundleVersion" : "3864.600.51.2.1"
  },
  {
    "source" : "P",
    "arch" : "arm64",
    "base" : 6328188928,
    "CFBundleShortVersionString" : "2.13",
    "CFBundleIdentifier" : "com.apple.Notes",
    "size" : 147456,
    "uuid" : "c0e8ce80-34be-3f0f-84e7-270184d3f5cd",
    "path" : "\/Volumes\/VOLUME\/*\/Notes.framework\/Notes",
    "name" : "Notes",
    "CFBundleVersion" : "2952.120.8"
  },
  {
    "source" : "P",
    "arch" : "arm64",
    "base" : 6231130112,
    "CFBundleShortVersionString" : "11.0",
    "CFBundleIdentifier" : "com.apple.EmailAddressing",
    "size" : 49152,
    "uuid" : "9d31c389-d2a0-3cd6-b012-9e6fc95c6c19",
    "path" : "\/Volumes\/VOLUME\/*\/EmailAddressing.framework\/EmailAddressing",
    "name" : "EmailAddressing",
    "CFBundleVersion" : "3864.600.51.2.1"
  },
  {
    "source" : "P",
    "arch" : "arm64",
    "base" : 12933955584,
    "CFBundleShortVersionString" : "11.0",
    "CFBundleIdentifier" : "com.apple.EmailCore",
    "size" : 540672,
    "uuid" : "c4212440-7dd8-3022-ab80-792f61b7da0a",
    "path" : "\/Volumes\/VOLUME\/*\/EmailCore.framework\/EmailCore",
    "name" : "EmailCore",
    "CFBundleVersion" : "3864.600.51.2.1"
  },
  {
    "source" : "P",
    "arch" : "arm64",
    "base" : 12968574976,
    "CFBundleShortVersionString" : "11.0",
    "CFBundleIdentifier" : "com.apple.Email",
    "size" : 1343488,
    "uuid" : "999be00a-ce85-3912-bfb2-862985aadf10",
    "path" : "\/Volumes\/VOLUME\/*\/Email.framework\/Email",
    "name" : "Email",
    "CFBundleVersion" : "3864.600.51.2.1"
  },
  {
    "source" : "P",
    "arch" : "arm64",
    "base" : 12936609792,
    "CFBundleShortVersionString" : "11.0",
    "CFBundleIdentifier" : "com.apple.EmailFoundation",
    "size" : 622592,
    "uuid" : "39c46db7-df1f-3dee-9d0c-dab933ad9253",
    "path" : "\/Volumes\/VOLUME\/*\/EmailFoundation.framework\/EmailFoundation",
    "name" : "EmailFoundation",
    "CFBundleVersion" : "3864.600.51.2.1"
  },
  {
    "source" : "P",
    "arch" : "arm64",
    "base" : 5793431552,
    "CFBundleShortVersionString" : "1.0",
    "CFBundleIdentifier" : "com.apple.MessageSupport",
    "size" : 16384,
    "uuid" : "bafa01bb-dd4f-3bdd-a085-49ff2de3fd59",
    "path" : "\/Volumes\/VOLUME\/*\/MessageSupport.framework\/MessageSupport",
    "name" : "MessageSupport",
    "CFBundleVersion" : "3864.600.51.2.1"
  },
  {
    "source" : "P",
    "arch" : "arm64",
    "base" : 12935151616,
    "CFBundleShortVersionString" : "2.13",
    "CFBundleIdentifier" : "com.apple.NotesSupport",
    "size" : 507904,
    "uuid" : "41f28535-5b8f-3e4e-afe7-61ffc0933842",
    "path" : "\/Volumes\/VOLUME\/*\/NotesSupport.framework\/NotesSupport",
    "name" : "NotesSupport",
    "CFBundleVersion" : "2952.120.8"
  },
  {
    "source" : "P",
    "arch" : "arm64",
    "base" : 12929564672,
    "CFBundleShortVersionString" : "1.0",
    "CFBundleIdentifier" : "com.apple.Synapse",
    "size" : 344064,
    "uuid" : "1eaf4ea9-2547-316d-a741-30bb323f647f",
    "path" : "\/Volumes\/VOLUME\/*\/Synapse.framework\/Synapse",
    "name" : "Synapse",
    "CFBundleVersion" : "1"
  },
  {
    "source" : "P",
    "arch" : "arm64",
    "base" : 12978159616,
    "CFBundleShortVersionString" : "1.0",
    "CFBundleIdentifier" : "com.apple.Speech",
    "size" : 2048000,
    "uuid" : "1c7c2aa0-03c7-3874-98ea-4ba01a0c8245",
    "path" : "\/Volumes\/VOLUME\/*\/Speech.framework\/Speech",
    "name" : "Speech",
    "CFBundleVersion" : "1"
  },
  {
    "source" : "P",
    "arch" : "arm64",
    "base" : 12932775936,
    "CFBundleShortVersionString" : "1.2",
    "CFBundleIdentifier" : "com.apple.AlgorithmsInternal",
    "size" : 409600,
    "uuid" : "ce2d35e4-2b5c-3b83-b799-b180b94d1846",
    "path" : "\/Volumes\/VOLUME\/*\/AlgorithmsInternal.framework\/AlgorithmsInternal",
    "name" : "AlgorithmsInternal",
    "CFBundleVersion" : "5026.5.5"
  },
  {
    "source" : "P",
    "arch" : "arm64",
    "base" : 6327468032,
    "CFBundleShortVersionString" : "1.0",
    "CFBundleIdentifier" : "com.apple.SpotlightReceiver",
    "size" : 81920,
    "uuid" : "7759263b-1b35-3ff5-b127-f742cd5386c4",
    "path" : "\/Volumes\/VOLUME\/*\/SpotlightReceiver.framework\/SpotlightReceiver",
    "name" : "SpotlightReceiver",
    "CFBundleVersion" : "2418.5.9.101"
  },
  {
    "source" : "P",
    "arch" : "arm64",
    "base" : 6291619840,
    "CFBundleIdentifier" : "com.apple.ClarityFoundation",
    "size" : 49152,
    "uuid" : "1a41c4c6-185e-3f79-a45c-d931735e9f13",
    "path" : "\/Volumes\/VOLUME\/*\/ClarityFoundation.framework\/ClarityFoundation",
    "name" : "ClarityFoundation",
    "CFBundleVersion" : "1"
  },
  {
    "source" : "P",
    "arch" : "arm64",
    "base" : 12918374400,
    "CFBundleShortVersionString" : "1.0",
    "CFBundleIdentifier" : "com.apple.accessibility.BrailleTranslation",
    "size" : 278528,
    "uuid" : "1caf1e85-c0cc-3ee8-b3b7-e6a892e5e367",
    "path" : "\/Volumes\/VOLUME\/*\/BrailleTranslation.framework\/BrailleTranslation",
    "name" : "BrailleTranslation",
    "CFBundleVersion" : "993"
  },
  {
    "source" : "P",
    "arch" : "arm64",
    "base" : 12973113344,
    "CFBundleShortVersionString" : "1.0",
    "CFBundleIdentifier" : "com.apple.AccessibilitySharedSupport",
    "size" : 786432,
    "uuid" : "9ed770ff-3376-381d-9fb8-7860489a8af8",
    "path" : "\/Volumes\/VOLUME\/*\/AccessibilitySharedSupport.framework\/AccessibilitySharedSupport",
    "name" : "AccessibilitySharedSupport",
    "CFBundleVersion" : "545.18"
  },
  {
    "source" : "P",
    "arch" : "arm64",
    "base" : 12988645376,
    "CFBundleShortVersionString" : "1.0.0",
    "CFBundleIdentifier" : "com.apple.texttospeech",
    "size" : 2654208,
    "uuid" : "fc96ab3b-87e3-3f1a-ba92-21b9ce15fc57",
    "path" : "\/Volumes\/VOLUME\/*\/TextToSpeech.framework\/TextToSpeech",
    "name" : "TextToSpeech",
    "CFBundleVersion" : "1.0"
  },
  {
    "source" : "P",
    "arch" : "arm64",
    "base" : 12992512000,
    "size" : 2785280,
    "uuid" : "1f53a9dc-d7b3-3614-8684-5902b3fcbb53",
    "path" : "\/Volumes\/VOLUME\/*\/libmecabra.dylib",
    "name" : "libmecabra.dylib"
  },
  {
    "source" : "P",
    "arch" : "arm64",
    "base" : 6001410048,
    "CFBundleShortVersionString" : "1.0",
    "CFBundleIdentifier" : "com.apple.ConstantClasses",
    "size" : 16384,
    "uuid" : "60ce0423-e7b4-3646-a945-6dfb11d6ea8c",
    "path" : "\/Volumes\/VOLUME\/*\/ConstantClasses.framework\/ConstantClasses",
    "name" : "ConstantClasses",
    "CFBundleVersion" : "1"
  },
  {
    "source" : "P",
    "arch" : "arm64",
    "base" : 6042107904,
    "size" : 32768,
    "uuid" : "6f10ca30-1326-388d-8a00-677fb3fe1c96",
    "path" : "\/Volumes\/VOLUME\/*\/libChineseTokenizer.dylib",
    "name" : "libChineseTokenizer.dylib"
  },
  {
    "source" : "P",
    "arch" : "arm64",
    "base" : 12974833664,
    "CFBundleShortVersionString" : "1.0",
    "CFBundleIdentifier" : "com.apple.GenerativeFunctions.Sage",
    "size" : 737280,
    "uuid" : "856e7618-0cbb-390c-841d-60a9f8f9d036",
    "path" : "\/Volumes\/VOLUME\/*\/Sage.framework\/Sage",
    "name" : "Sage",
    "CFBundleVersion" : "222.43.2"
  },
  {
    "source" : "P",
    "arch" : "arm64",
    "base" : 12984909824,
    "CFBundleShortVersionString" : "1.0",
    "CFBundleIdentifier" : "com.apple.TextComposer",
    "size" : 1310720,
    "uuid" : "6cbf1113-c994-3bf4-95d8-10dd05d121e9",
    "path" : "\/Volumes\/VOLUME\/*\/TextComposer.framework\/TextComposer",
    "name" : "TextComposer",
    "CFBundleVersion" : "1"
  },
  {
    "source" : "P",
    "arch" : "arm64",
    "base" : 12921634816,
    "CFBundleShortVersionString" : "1.0",
    "CFBundleIdentifier" : "com.apple.internal.SwiftSQLite",
    "size" : 294912,
    "uuid" : "96c5d5b1-81f4-36b3-8856-32b7b7eea692",
    "path" : "\/Volumes\/VOLUME\/*\/SwiftSQLite.framework\/SwiftSQLite",
    "name" : "SwiftSQLite"
  },
  {
    "source" : "P",
    "arch" : "arm64",
    "base" : 6057803776,
    "CFBundleShortVersionString" : "26.5",
    "CFBundleIdentifier" : "com.apple.TipKitServices",
    "size" : 32768,
    "uuid" : "cbdbeb59-b6e3-38df-9e51-e37977420c7b",
    "path" : "\/Volumes\/VOLUME\/*\/TipKitServices.framework\/TipKitServices",
    "name" : "TipKitServices",
    "CFBundleVersion" : "120.5.1"
  },
  {
    "source" : "P",
    "arch" : "arm64",
    "base" : 12996247552,
    "CFBundleShortVersionString" : "1.2",
    "CFBundleIdentifier" : "com.apple.LiftUI",
    "size" : 1245184,
    "uuid" : "ceabeb8a-8fd2-365d-8315-422c6f64527d",
    "path" : "\/Volumes\/VOLUME\/*\/LiftUI.framework\/LiftUI",
    "name" : "LiftUI",
    "CFBundleVersion" : "1"
  },
  {
    "source" : "P",
    "arch" : "arm64",
    "base" : 12976128000,
    "CFBundleShortVersionString" : "224.4.3",
    "CFBundleIdentifier" : "com.apple.Settings",
    "size" : 622592,
    "uuid" : "7d16500f-8076-3af5-9586-e9c5818972f9",
    "path" : "\/Volumes\/VOLUME\/*\/Settings.framework\/Settings",
    "name" : "Settings",
    "CFBundleVersion" : "224.4.3"
  },
  {
    "source" : "P",
    "arch" : "arm64",
    "base" : 6271909888,
    "CFBundleShortVersionString" : "1.0",
    "CFBundleIdentifier" : "com.apple.CloudSettings",
    "size" : 65536,
    "uuid" : "e328aaa6-6e03-3806-be65-d75a4b00976c",
    "path" : "\/Volumes\/VOLUME\/*\/CloudSettings.framework\/CloudSettings",
    "name" : "CloudSettings",
    "CFBundleVersion" : "1"
  },
  {
    "source" : "P",
    "arch" : "arm64",
    "base" : 12971474944,
    "CFBundleShortVersionString" : "14.0",
    "CFBundleIdentifier" : "com.apple.helpkit",
    "size" : 278528,
    "uuid" : "a0f82e3c-78a4-35de-a545-c88262d230ab",
    "path" : "\/Volumes\/VOLUME\/*\/HelpKit.framework\/HelpKit",
    "name" : "HelpKit",
    "CFBundleVersion" : "198.4.1"
  },
  {
    "source" : "P",
    "arch" : "arm64",
    "base" : 13016367104,
    "CFBundleShortVersionString" : "26.0",
    "CFBundleIdentifier" : "com.apple.TipsUI",
    "size" : 835584,
    "uuid" : "35440796-0626-3946-91f9-efa55d471c32",
    "path" : "\/Volumes\/VOLUME\/*\/TipsUI.framework\/TipsUI",
    "name" : "TipsUI",
    "CFBundleVersion" : "822.5.2"
  },
  {
    "source" : "P",
    "arch" : "arm64",
    "base" : 13018005504,
    "CFBundleShortVersionString" : "26.0",
    "CFBundleIdentifier" : "com.apple.TipsCore",
    "size" : 851968,
    "uuid" : "1a04cc34-bb0e-3674-b7f7-d17303516958",
    "path" : "\/Volumes\/VOLUME\/*\/TipsCore.framework\/TipsCore",
    "name" : "TipsCore",
    "CFBundleVersion" : "822.5.2"
  },
  {
    "source" : "P",
    "arch" : "arm64",
    "base" : 12930383872,
    "CFBundleShortVersionString" : "1.0",
    "CFBundleIdentifier" : "com.apple.cryptokit.Chirp",
    "size" : 114688,
    "uuid" : "fdceda3c-1b95-3fa1-b975-92837cce98bb",
    "path" : "\/Volumes\/VOLUME\/*\/Chirp.framework\/Chirp",
    "name" : "Chirp",
    "CFBundleVersion" : "1"
  },
  {
    "source" : "P",
    "arch" : "arm64",
    "base" : 13002686464,
    "CFBundleShortVersionString" : "1.0",
    "CFBundleIdentifier" : "com.apple.RemoteManagement",
    "size" : 393216,
    "uuid" : "49959de1-c10d-3143-9c3c-d56051b53893",
    "path" : "\/Volumes\/VOLUME\/*\/RemoteManagement.framework\/RemoteManagement",
    "name" : "RemoteManagement",
    "CFBundleVersion" : "2.0"
  },
  {
    "source" : "P",
    "arch" : "arm64",
    "base" : 13010075648,
    "CFBundleShortVersionString" : "1.0",
    "CFBundleIdentifier" : "com.apple.RemoteManagementModel",
    "size" : 507904,
    "uuid" : "adb63d1d-ebc0-3fc6-96a6-3c967d1e637a",
    "path" : "\/Volumes\/VOLUME\/*\/RemoteManagementModel.framework\/RemoteManagementModel",
    "name" : "RemoteManagementModel",
    "CFBundleVersion" : "2.0"
  },
  {
    "source" : "P",
    "arch" : "arm64",
    "base" : 13011517440,
    "CFBundleShortVersionString" : "1.0",
    "CFBundleIdentifier" : "com.apple.RemoteManagementStore",
    "size" : 327680,
    "uuid" : "95223579-33dd-31a2-af08-65361803b247",
    "path" : "\/Volumes\/VOLUME\/*\/RemoteManagementStore.framework\/RemoteManagementStore",
    "name" : "RemoteManagementStore",
    "CFBundleVersion" : "2.0"
  },
  {
    "source" : "P",
    "arch" : "arm64",
    "base" : 6442205184,
    "CFBundleShortVersionString" : "1.0",
    "CFBundleIdentifier" : "com.apple.RemoteManagementProtocol",
    "size" : 49152,
    "uuid" : "5e22ca96-4308-3028-8af1-29b68329aa77",
    "path" : "\/Volumes\/VOLUME\/*\/RemoteManagementProtocol.framework\/RemoteManagementProtocol",
    "name" : "RemoteManagementProtocol",
    "CFBundleVersion" : "2.0"
  },
  {
    "source" : "P",
    "arch" : "arm64",
    "base" : 6054412288,
    "size" : 49152,
    "uuid" : "75fa6778-178f-394f-9c63-711780430596",
    "path" : "\/Volumes\/VOLUME\/*\/libobjc-trampolines.dylib",
    "name" : "libobjc-trampolines.dylib"
  },
  {
    "source" : "P",
    "arch" : "arm64",
    "base" : 4518281216,
    "size" : 180224,
    "uuid" : "fcbdf6c8-98cb-3565-b78d-bd9bbb6a8775",
    "path" : "\/Volumes\/VOLUME\/*\/libcmark-gfm.dylib",
    "name" : "libcmark-gfm.dylib"
  },
  {
    "source" : "P",
    "arch" : "arm64",
    "base" : 13285048320,
    "CFBundleShortVersionString" : "9.42.0",
    "CFBundleIdentifier" : "com.apple.RawCamera.bundle",
    "size" : 2441216,
    "uuid" : "51d3ffaf-1f8f-30ad-9c92-0f98a384fc29",
    "path" : "\/Volumes\/VOLUME\/*\/RawCamera.bundle\/RawCamera",
    "name" : "RawCamera",
    "CFBundleVersion" : "1756.120.5"
  },
  {
    "source" : "P",
    "arch" : "arm64",
    "base" : 4863524864,
    "size" : 114688,
    "uuid" : "c934f7e7-29cf-3bff-8e9a-25a8ec9da538",
    "path" : "\/Volumes\/VOLUME\/*\/Accelerate.framework\/Frameworks\/vImage.framework\/Libraries\/libCGInterfaces.dylib",
    "name" : "libCGInterfaces.dylib"
  },
  {
    "source" : "P",
    "arch" : "arm64",
    "base" : 13335920640,
    "CFBundleShortVersionString" : "373.2",
    "CFBundleIdentifier" : "com.apple.MTLSimDriver",
    "size" : 229376,
    "uuid" : "8339ca77-3986-3588-9df9-8b8d511ae608",
    "path" : "\/Volumes\/VOLUME\/*\/MTLSimDriver.framework\/MTLSimDriver",
    "name" : "MTLSimDriver",
    "CFBundleVersion" : "373.2"
  },
  {
    "source" : "P",
    "arch" : "arm64",
    "base" : 13366231040,
    "CFBundleShortVersionString" : "1.0",
    "CFBundleIdentifier" : "com.apple.gpusw.MetalSerializer",
    "size" : 196608,
    "uuid" : "19460939-4bce-3e8d-8868-5388dd78ace3",
    "path" : "\/Volumes\/VOLUME\/*\/MetalSerializer.framework\/MetalSerializer",
    "name" : "MetalSerializer",
    "CFBundleVersion" : "1"
  },
  {
    "source" : "P",
    "arch" : "arm64",
    "base" : 13645840384,
    "size" : 1081344,
    "uuid" : "2f04c0d3-4ca4-35d6-9c1a-75067574b889",
    "path" : "\/Volumes\/VOLUME\/*\/AudioToolbox.framework\/libEmbeddedSystemAUs.dylib",
    "name" : "libEmbeddedSystemAUs.dylib"
  },
  {
    "source" : "P",
    "arch" : "arm64",
    "base" : 5186519040,
    "CFBundleShortVersionString" : "1.0",
    "CFBundleIdentifier" : "com.apple.audio.AudioDSPGraph",
    "size" : 851968,
    "uuid" : "922ca354-ebb3-3ef1-866b-a047f8fca00f",
    "path" : "\/Volumes\/VOLUME\/*\/AudioDSPGraph.framework\/AudioDSPGraph",
    "name" : "AudioDSPGraph"
  },
  {
    "source" : "P",
    "arch" : "arm64",
    "base" : 13757874176,
    "size" : 6258688,
    "uuid" : "a82773c3-9d20-34a9-b2eb-b93a398c17b5",
    "path" : "\/Volumes\/VOLUME\/*\/AudioToolbox.framework\/libAudioDSP.dylib",
    "name" : "libAudioDSP.dylib"
  },
  {
    "source" : "P",
    "arch" : "arm64",
    "base" : 13778157568,
    "size" : 9601024,
    "uuid" : "bb557fc3-65ea-3531-abdf-0294fa802ebb",
    "path" : "\/Volumes\/VOLUME\/*\/AudioToolbox.framework\/AudioCodecs",
    "name" : "AudioCodecs"
  },
  {
    "source" : "P",
    "arch" : "arm64",
    "base" : 13462487040,
    "CFBundleShortVersionString" : "1.0",
    "CFBundleIdentifier" : "com.apple.DeviceManagement",
    "size" : 376832,
    "uuid" : "1553dd9d-ff4d-3169-b4e1-79a349d7c162",
    "path" : "\/Volumes\/VOLUME\/*\/DeviceManagement.framework\/DeviceManagement",
    "name" : "DeviceManagement",
    "CFBundleVersion" : "249.100.1"
  },
  {
    "source" : "P",
    "arch" : "arm64",
    "base" : 13644087296,
    "CFBundleShortVersionString" : "1.0",
    "CFBundleIdentifier" : "com.apple.Catalyst",
    "size" : 507904,
    "uuid" : "d8b388b1-f1c6-35fd-8448-1c9d66cd9274",
    "path" : "\/Volumes\/VOLUME\/*\/Catalyst.framework\/Catalyst",
    "name" : "Catalyst",
    "CFBundleVersion" : "18.100.1"
  },
  {
    "source" : "P",
    "arch" : "arm64e",
    "base" : 4312989696,
    "size" : 688128,
    "uuid" : "a237ef81-b68b-37ba-a165-92c965529534",
    "path" : "\/usr\/lib\/dyld",
    "name" : "dyld"
  },
  {
    "size" : 0,
    "source" : "A",
    "base" : 0,
    "uuid" : "00000000-0000-0000-0000-000000000000"
  }
],
  "vmSummary" : "ReadOnly portion of Libraries: Total=1.9G resident=0K(0%) swapped_out_or_unallocated=1.9G(100%)\nWritable regions: Total=536.3M written=1510K(0%) resident=1494K(0%) swapped_out=80K(0%) unallocated=534.8M(100%)\n\n                                VIRTUAL   REGION \nREGION TYPE                        SIZE    COUNT (non-coalesced) \n===========                     =======  ======= \nActivity Tracing                   256K        1 \nAttributeGraph Data               1024K        1 \nCG raster data                    1568K        7 \nColorSync                           16K        1 \nCoreAnimation                     1616K       54 \nCoreUI image data                 1440K        8 \nFoundation                          16K        1 \nIOSurface                         12.5M        3 \nImage IO                           160K        4 \nKernel Alloc Once                   32K        1 \nMALLOC                           369.0M       98 \nMALLOC guard page                 3664K        4 \nSQLite page cache                  384K        3 \nSTACK GUARD                       56.6M       37 \nStack                             27.6M       37 \nVM_ALLOCATE                       76.6M       41 \nVM_ALLOCATE (reserved)            1744K        7         reserved VM address space (unallocated)\n__AUTH_CONST                        32K        1 \n__DATA                            71.0M     1024 \n__DATA_CONST                     111.0M      834 \n__DATA_DIRTY                       272K       14 \n__FONT_DATA                         16K        1 \n__LINKEDIT                       844.5M      848 \n__LLVM_COV                          48K        1 \n__TEXT                             1.0G      848 \n__TPRO_CONST                       176K        3 \ndyld private memory                6.0G       12 \nmapped file                      245.0M      113 \npage table in kernel              1494K        1 \nshared memory                      896K        4 \n===========                     =======  ======= \nTOTAL                              8.8G     4012 \nTOTAL, minus reserved VM space     8.8G     4012 \n",
  "legacyInfo" : {
  "threadTriggered" : {
    "queue" : "com.apple.main-thread"
  }
},
  "logWritingSignature" : "d9e5170b87b0f8818477f2aff7894e27d9e50500",
  "roots_installed" : 0,
  "bug_type" : "309",
  "trmStatus" : 8192,
  "trialInfo" : {
  "rollouts" : [
    {
      "rolloutId" : "6246d6a916a70b047e454124",
      "factorPackIds" : {

      },
      "deploymentId" : 240000010
    },
    {
      "rolloutId" : "632e379301482c74ed76386c",
      "factorPackIds" : {
        "SIRI_UNDERSTANDING_NL" : "64dec813ad750f4ad0b587eb",
        "SIRI_UNDERSTANDING_MORPHUN" : "64e5135c4e666d798a8ffc38",
        "SIRI_UNDERSTANDING_ASR_ASSISTANT" : "654b1d0e1c6fd434e20893b7"
      },
      "deploymentId" : 240000529
    }
  ],
  "experiments" : [

  ]
},
  "reportNotes" : [
  "dyld_process_snapshot_get_shared_cache failed"
]
}

Model: Macmini9,1, BootROM 18000.120.36, proc 8:4:4:0 processors, 16 GB, SMC 
Graphics: Apple M1, Apple M1, Built-In
Display: CS240, 1920 x 1200 (WUXGA - Widescreen Ultra eXtended Graphics Array), Main, MirrorOff, Online
Memory Module: LPDDR4, Hynix
AirPort: spairport_wireless_card_type_wifi (0x14E4, 0x4378), wl0: Dec 18 2025 18:13:50 version 18.110.6.0.7.8.189 FWID 01-2a12ab25
IO80211_driverkit-1561.3 "IO80211_driverkit-1561.3" Apr 18 2026 17:42:26
AirPort: 
Bluetooth: Version (null), 0 services, 0 devices, 0 incoming serial ports
Network Service: Wi-Fi, AirPort, en1
Thunderbolt Bus: Mac mini, Apple Inc.
Thunderbolt Bus: Mac mini, Apple Inc.
